Date,momentum,mean_reversion,low_vol,statarb
2010-01-04,0.0,0.0,0.0,0.0
2010-01-05,0.0,0.0,0.0,0.0
2010-01-06,0.0,0.0,0.0,0.0
2010-01-07,0.0,0.0,0.0,0.0
2010-01-08,0.0,0.0,0.0,0.0
2010-01-11,0.0,0.0,0.0,0.0
2010-01-12,0.0,0.0,0.0,0.0
2010-01-13,0.0,0.0,0.0,0.0
2010-01-14,0.0,0.0,0.0,0.0
2010-01-15,0.0,0.0,0.0,0.0
2010-01-19,0.0,0.0,0.0,0.0
2010-01-20,0.0,0.0,0.0,0.0
2010-01-21,0.0,0.0,0.0,0.0
2010-01-22,0.0,0.0,0.0,0.0
2010-01-25,0.0,0.0,0.0,0.0
2010-01-26,0.0,0.0,0.0,0.0
2010-01-27,0.0,0.0,0.0,0.0
2010-01-28,0.0,0.0,0.0,0.0
2010-01-29,0.0,0.0,0.0,0.0
2010-02-01,0.0,0.0,0.0,0.0
2010-02-02,0.0,0.0,0.0,0.0
2010-02-03,0.0,0.0,0.0,0.0
2010-02-04,0.0,0.0,0.0,0.0
2010-02-05,0.0,0.0,0.0,0.0
2010-02-08,0.0,0.0,0.0,0.0
2010-02-09,0.0,0.0,0.0,0.0
2010-02-10,0.0,0.0,0.0,0.0
2010-02-11,0.0,0.0,0.0,0.0
2010-02-12,0.0,0.0,0.0,0.0
2010-02-16,0.0,0.0,0.0,0.0
2010-02-17,0.0,0.0,0.0,0.0
2010-02-18,0.0,0.0,0.0,0.0
2010-02-19,0.0,0.0,0.0,0.0
2010-02-22,0.0,0.0,0.0,0.0
2010-02-23,0.0,0.0,0.0,0.0
2010-02-24,0.0,0.0,0.0,0.0
2010-02-25,0.0,0.0,0.0,0.0
2010-02-26,0.0,0.0,0.0,0.0
2010-03-01,0.0,0.0,0.0,0.0
2010-03-02,0.0,0.0,0.0,0.0
2010-03-03,0.0,0.0,0.0,0.0
2010-03-04,0.0,0.0,0.0,0.0
2010-03-05,0.0,0.0,0.0,0.0
2010-03-08,0.0,0.0,0.0,0.0
2010-03-09,0.0,0.0,0.0,0.0
2010-03-10,0.0,0.0,0.0,0.0
2010-03-11,0.0,0.0,0.0,0.0
2010-03-12,0.0,0.0,0.0,0.0
2010-03-15,0.0,0.0,0.0,0.0
2010-03-16,0.0,0.0,0.0,0.0
2010-03-17,0.0,0.0,0.0,0.0
2010-03-18,0.0,0.0,0.0,0.0
2010-03-19,0.0,0.0,0.0,0.0
2010-03-22,0.0,0.0,0.0,0.0
2010-03-23,0.0,0.0,0.0,0.0
2010-03-24,0.0,0.0,0.0,0.0
2010-03-25,0.0,0.0,0.0,0.0
2010-03-26,0.0,0.0,0.0,0.0
2010-03-29,0.0,0.0,0.0,0.0
2010-03-30,0.0,0.0,0.0,0.0
2010-03-31,0.0,0.0,0.0,0.0
2010-04-01,0.0,0.0,0.0,0.0
2010-04-05,0.0,0.0,0.0,0.0
2010-04-06,0.0,0.0,0.0,0.0
2010-04-07,0.0,0.0,0.0,0.0
2010-04-08,0.0,0.0,0.0,0.0
2010-04-09,0.0,0.0,0.0,0.0
2010-04-12,0.0,0.0,0.0,0.0
2010-04-13,0.0,0.0,0.0,0.0
2010-04-14,0.0,0.0,0.0,0.0
2010-04-15,0.0,0.0,0.0,0.0
2010-04-16,0.0,0.0,0.0,0.0
2010-04-19,0.0,0.0,0.0,0.0
2010-04-20,0.0,0.0,0.0,0.0
2010-04-21,0.0,0.0,0.0,0.0
2010-04-22,0.0,0.0,0.0,0.0
2010-04-23,0.0,0.0,0.0,0.0
2010-04-26,0.0,0.0,0.0,0.0
2010-04-27,0.0,0.0,0.0,0.0
2010-04-28,0.0,0.0,0.0,0.0
2010-04-29,0.0,0.0,0.0,0.0
2010-04-30,0.0,0.0,0.0,0.0
2010-05-03,0.0,0.0,0.0,0.0
2010-05-04,0.0,0.0,0.0,0.0
2010-05-05,0.0,0.0,0.0,0.0
2010-05-06,0.0,0.0,0.0,0.0
2010-05-07,0.0,0.0,0.0,0.0
2010-05-10,0.0,0.0,0.0,0.0
2010-05-11,0.0,0.0,0.0,0.0
2010-05-12,0.0,0.0,0.0,0.0
2010-05-13,0.0,0.0,0.0,0.0
2010-05-14,0.0,0.0,0.0,0.0
2010-05-17,0.0,0.0,0.0,0.0
2010-05-18,0.0,0.0,0.0,0.0
2010-05-19,0.0,0.0,0.0,0.0
2010-05-20,0.0,0.0,0.0,0.0
2010-05-21,0.0,0.0,0.0,0.0
2010-05-24,0.0,0.0,0.0,0.0
2010-05-25,0.0,0.0,0.0,0.0
2010-05-26,0.0,0.0,0.0,0.0
2010-05-27,0.0,0.0,0.0,0.0
2010-05-28,0.0,0.0,0.0,0.0
2010-06-01,0.0,0.0,0.0,0.0
2010-06-02,0.0,0.0,0.0,0.0
2010-06-03,0.0,0.0,0.0,0.0
2010-06-04,0.0,0.0,0.0,0.0
2010-06-07,0.0,0.0,0.0,0.0
2010-06-08,0.0,0.0,0.0,0.0
2010-06-09,0.0,0.0,0.0,0.0
2010-06-10,0.0,0.0,0.0,0.0
2010-06-11,0.0,0.0,0.0,0.0
2010-06-14,0.0,0.0,0.0,0.0
2010-06-15,0.0,0.0,0.0,0.0
2010-06-16,0.0,0.0,0.0,0.0
2010-06-17,0.0,0.0,0.0,0.0
2010-06-18,0.0,0.0,0.0,0.0
2010-06-21,0.0,0.0,0.0,0.0
2010-06-22,0.0,0.0,0.0,0.0
2010-06-23,0.0,0.0,0.0,0.0
2010-06-24,0.0,0.0,0.0,0.0
2010-06-25,0.0,0.0,0.0,0.0
2010-06-28,0.0,0.0,0.0,0.0
2010-06-29,0.0,0.0,0.0,0.0
2010-06-30,0.0,0.0,0.0,0.0
2010-07-01,0.0,0.0,0.0,0.0
2010-07-02,0.0,0.0,0.0,0.0
2010-07-06,0.0,0.0,0.0,0.0
2010-07-07,0.0,0.0,0.0,0.0
2010-07-08,0.0,0.0,0.0,0.0
2010-07-09,0.0,0.0,0.0,0.0
2010-07-12,0.0,0.0,0.0,0.0
2010-07-13,0.0,0.0,0.0,0.0
2010-07-14,0.0,0.0,0.0,0.0
2010-07-15,0.0,0.0,0.0,0.0
2010-07-16,0.0,0.0,0.0,0.0
2010-07-19,0.0,0.0,0.0,0.0
2010-07-20,0.0,0.0,0.0,0.0
2010-07-21,0.0,0.0,0.0,0.0
2010-07-22,0.0,0.0,0.0,0.0
2010-07-23,0.0,0.0,0.0,0.0
2010-07-26,0.0,0.0,0.0,0.0
2010-07-27,0.0,0.0,0.0,0.0
2010-07-28,0.0,0.0,0.0,0.0
2010-07-29,0.0,0.0,0.0,0.0
2010-07-30,0.0,0.0,0.0,0.0
2010-08-02,0.0,0.0,0.0,0.0
2010-08-03,0.0,0.0,0.0,0.0
2010-08-04,0.0,0.0,0.0,0.0
2010-08-05,0.0,0.0,0.0,0.0
2010-08-06,0.0,0.0,0.0,0.0
2010-08-09,0.0,0.0,0.0,0.0
2010-08-10,0.0,0.0,0.0,0.0
2010-08-11,0.0,0.0,0.0,0.0
2010-08-12,0.0,0.0,0.0,0.0
2010-08-13,0.0,0.0,0.0,0.0
2010-08-16,0.0,0.0,0.0,0.0
2010-08-17,0.0,0.0,0.0,0.0
2010-08-18,0.0,0.0,0.0,0.0
2010-08-19,0.0,0.0,0.0,0.0
2010-08-20,0.0,0.0,0.0,0.0
2010-08-23,0.0,0.0,0.0,0.0
2010-08-24,0.0,0.0,0.0,0.0
2010-08-25,0.0,0.0,0.0,0.0
2010-08-26,0.0,0.0,0.0,0.0
2010-08-27,0.0,0.0,0.0,0.0
2010-08-30,0.0,0.0,0.0,0.0
2010-08-31,0.0,0.0,0.0,0.0
2010-09-01,0.0,0.0,0.0,0.0
2010-09-02,0.0,0.0,0.0,0.0
2010-09-03,0.0,0.0,0.0,0.0
2010-09-07,0.0,0.0,0.0,0.0
2010-09-08,0.0,0.0,0.0,0.0
2010-09-09,0.0,0.0,0.0,0.0
2010-09-10,0.0,0.0,0.0,0.0
2010-09-13,0.0,0.0,0.0,0.0
2010-09-14,0.0,0.0,0.0,0.0
2010-09-15,0.0,0.0,0.0,0.0
2010-09-16,0.0,0.0,0.0,0.0
2010-09-17,0.0,0.0,0.0,0.0
2010-09-20,0.0,0.0,0.0,0.0
2010-09-21,0.0,0.0,0.0,0.0
2010-09-22,0.0,0.0,0.0,0.0
2010-09-23,0.0,0.0,0.0,0.0
2010-09-24,0.0,0.0,0.0,0.0
2010-09-27,0.0,0.0,0.0,0.0
2010-09-28,0.0,0.0,0.0,0.0
2010-09-29,0.0,0.0,0.0,0.0
2010-09-30,0.0,0.0,0.0,0.0
2010-10-01,0.0,0.0,0.0,0.0
2010-10-04,0.0,0.0,0.0,0.0
2010-10-05,0.0,0.0,0.0,0.0
2010-10-06,0.0,0.0,0.0,0.0
2010-10-07,0.0,0.0,0.0,0.0
2010-10-08,0.0,0.0,0.0,0.0
2010-10-11,0.0,0.0,0.0,0.0
2010-10-12,0.0,0.0,0.0,0.0
2010-10-13,0.0,0.0,0.0,0.0
2010-10-14,0.0,0.0,0.0,0.0
2010-10-15,0.0,0.0,0.0,0.0
2010-10-18,0.0,0.0,0.0,0.0
2010-10-19,0.0,0.0,0.0,0.0
2010-10-20,0.0,0.0,0.0,0.0
2010-10-21,0.0,0.0,0.0,0.0
2010-10-22,0.0,0.0,0.0,0.0
2010-10-25,0.0,0.0,0.0,0.0
2010-10-26,0.0,0.0,0.0,0.0
2010-10-27,0.0,0.0,0.0,0.0
2010-10-28,0.0,0.0,0.0,0.0
2010-10-29,0.0,0.0,0.0,0.0
2010-11-01,0.0,0.0,0.0,0.0
2010-11-02,0.0,0.0,0.0,0.0
2010-11-03,0.0,0.0,0.0,0.0
2010-11-04,0.0,0.0,0.0,0.0
2010-11-05,0.0,0.0,0.0,0.0
2010-11-08,0.0,0.0,0.0,0.0
2010-11-09,0.0,0.0,0.0,0.0
2010-11-10,0.0,0.0,0.0,0.0
2010-11-11,0.0,0.0,0.0,0.0
2010-11-12,0.0,0.0,0.0,0.0
2010-11-15,0.0,0.0,0.0,0.0
2010-11-16,0.0,0.0,0.0,0.0
2010-11-17,0.0,0.0,0.0,0.0
2010-11-18,0.0,0.0,0.0,0.0
2010-11-19,0.0,0.0,0.0,0.0
2010-11-22,0.0,0.0,0.0,0.0
2010-11-23,0.0,0.0,0.0,0.0
2010-11-24,0.0,0.0,0.0,0.0
2010-11-26,0.0,0.0,0.0,0.0
2010-11-29,0.0,0.0,0.0,0.0
2010-11-30,0.0,0.0,0.0,0.0
2010-12-01,0.0,0.0,0.0,0.0
2010-12-02,0.0,0.0,0.0,0.0
2010-12-03,0.0,0.0,0.0,0.0
2010-12-06,0.0,0.0,0.0,0.0
2010-12-07,0.0,0.0,0.0,0.0
2010-12-08,0.0,0.0,0.0,0.0
2010-12-09,0.0,0.0,0.0,0.0
2010-12-10,0.0,0.0,0.0,0.0
2010-12-13,0.0,0.0,0.0,0.0
2010-12-14,0.0,0.0,0.0,0.0
2010-12-15,0.0,0.0,0.0,0.0
2010-12-16,0.0,0.0,0.0,0.0
2010-12-17,0.0,0.0,0.0,0.0
2010-12-20,0.0,0.0,0.0,0.0
2010-12-21,0.0,0.0,0.0,0.0
2010-12-22,0.0,0.0,0.0,0.0
2010-12-23,0.0,0.0,0.0,0.0
2010-12-27,0.0,0.0,0.0,0.0
2010-12-28,0.0,0.0,0.0,0.0
2010-12-29,0.0,0.0,0.0,0.0
2010-12-30,0.0,0.0,0.0,0.0
2010-12-31,0.0,0.0,0.0,0.0
2011-01-03,0.0,0.0,0.0,0.0
2011-01-04,0.0,0.0,0.0,0.0
2011-01-05,0.0,0.0,0.0,0.0
2011-01-06,0.0,0.0,0.0,0.0
2011-01-07,0.0,0.0,0.0,0.0
2011-01-10,0.0,0.0,0.0,-0.00035
2011-01-11,0.0,0.0,0.0,0.0045054391166238
2011-01-12,0.0,0.0,0.0,0.0010486793313476
2011-01-13,0.0,0.0,0.0,-0.0033271160830558
2011-01-14,0.0,0.0,0.0,-0.0085097520602901
2011-01-18,0.0,0.0,0.0,0.0007224296053626
2011-01-19,0.0,0.0,0.0,0.002497333983399
2011-01-20,0.0,0.0,0.0,-0.0035402603376246
2011-01-21,0.0,0.0,0.0,-0.0027548729376402
2011-01-24,0.0,0.0,0.0,-0.0016432753894696
2011-01-25,0.0,0.0,0.0,-0.0037949714508737
2011-01-26,0.0,0.0,0.0,0.0034096106047936
2011-01-27,0.0,0.0,0.0,0.0041127012216445
2011-01-28,0.0,0.0,0.0,-0.008070569097622
2011-01-31,0.0,0.0,0.0,-0.0037303009115964
2011-02-01,0.0,0.0,0.0,-5.02788024526736e-05
2011-02-02,0.0,0.0,0.0,-0.0002594323694779
2011-02-03,0.0,0.0,0.0,-0.0008238123791145
2011-02-04,0.0,0.0,0.0,-0.0017012579373962
2011-02-07,0.0,0.0,0.0,0.0024943172046046
2011-02-08,0.0,0.0,0.0,0.0001711472259296
2011-02-09,0.0,0.0,0.0,-0.0008208209017726
2011-02-10,0.0,0.0,0.0,0.0147298725970253
2011-02-11,0.0,0.0,0.0,0.0051529224188858
2011-02-14,0.0,0.0,0.0,0.0004361677066804
2011-02-15,0.0,0.0,0.0,0.0024497764493261
2011-02-16,0.0,0.0,0.0,-0.0015910984149176
2011-02-17,0.0,0.0,0.0,-0.0015707532036587
2011-02-18,0.0,0.0,0.0,0.0008498863909795
2011-02-22,0.0,0.0,0.0,0.0007337591899296
2011-02-23,0.0,0.0,0.0,0.0016672535775962
2011-02-24,0.0,0.0,0.0,0.0025065664354397
2011-02-25,0.0,0.0,0.0,0.0002451525033695
2011-02-28,0.0,0.0,0.0,0.0002934337861797
2011-03-01,0.0,0.0,0.0,-0.0007250252411239
2011-03-02,0.0,0.0,0.0,-0.0003276219251937
2011-03-03,0.0,0.0,0.0,-0.0009499780885436
2011-03-04,0.0,0.0,0.0,0.0008729069728005
2011-03-07,0.0,0.0,0.0,-0.0021821580747187
2011-03-08,0.0,0.0,0.0,-0.0040505977769094
2011-03-09,0.0,0.0,0.0,-0.0010102173041831
2011-03-10,0.0,0.0,0.0,0.0044894993397708
2011-03-11,0.0,0.0,0.0,0.0014466857181891
2011-03-14,0.0,0.0,0.0,-0.0003754910637235
2011-03-15,0.0,0.0,0.0,0.0093712042089446
2011-03-16,0.0,0.0,0.0,0.0002036281687496
2011-03-17,0.0,0.0,0.0,0.0007609749327882
2011-03-18,0.0,0.0,0.0,-0.0031372905906072
2011-03-21,0.0,0.0,0.0,0.003892973876313
2011-03-22,0.0,0.0,0.0,0.0001048903804708
2011-03-23,0.0,0.0,0.0,0.0041486757915765
2011-03-24,0.0,0.0,0.0,0.0085123796761895
2011-03-25,0.0,0.0,0.0,-0.0031164280470644
2011-03-28,0.0,0.0,0.0,0.0053558854219946
2011-03-29,0.0,0.0,0.0,-0.0038376999899591
2011-03-30,0.0,0.0,0.0,-0.0061511566552745
2011-03-31,0.0,0.0,0.0,-0.0019513961778493
2011-04-01,0.0,0.0,0.0,-0.0044339956045509
2011-04-04,0.0,0.0,0.0,-0.0056924166854293
2011-04-05,0.0,0.0,0.0,0.0007629698986403
2011-04-06,0.0,0.0,0.0,0.0002402412113786
2011-04-07,0.0,0.0,0.0,0.0018786781837003
2011-04-08,0.0,0.0,0.0,-0.0014776799785553
2011-04-11,0.0,0.0,0.0,0.0017054689432245
2011-04-12,0.0,0.0,0.0,0.0021252323879664
2011-04-13,0.0,0.0,0.0,0.0002215042153712
2011-04-14,0.0,0.0,0.0,-0.003190105985225
2011-04-15,0.0,0.0,0.0,-0.0029194715403864
2011-04-18,0.0,0.0,0.0,-0.0014801824276208
2011-04-19,0.0,0.0,0.0,-0.0013495762039288
2011-04-20,0.0,0.0,0.0,-0.0022820511795733
2011-04-21,0.0,0.0,0.0,0.0087880099930833
2011-04-25,0.0,0.0,0.0,-0.0003079768890909
2011-04-26,0.0,0.0,0.0,0.0003669690738093
2011-04-27,0.0,0.0,0.0,-0.0008439208210285
2011-04-28,0.0,0.0,0.0,-0.0007990084271796
2011-04-29,0.0,0.0,0.0,-0.0019144909033903
2011-05-02,0.0,0.0,0.0,-0.0021816503142572
2011-05-03,0.0,0.0,0.0,0.0011705123570412
2011-05-04,0.0,0.0,0.0,-0.0007837326563184
2011-05-05,0.0,0.0,0.0,-1.0195841364414128e-05
2011-05-06,0.0,0.0,0.0,-0.0002631494709186
2011-05-09,0.0,0.0,0.0,-0.0011757577883853
2011-05-10,0.0,0.0,0.0,-0.0002414828771361
2011-05-11,0.0,0.0,0.0,-0.0022044096749707
2011-05-12,0.0,0.0,0.0,0.0012165021801815
2011-05-13,0.0,0.0,0.0,-0.0014470496446514
2011-05-16,0.0,0.0,0.0,-0.0039442911092352
2011-05-17,0.0,0.0,0.0,0.000434240992961
2011-05-18,0.0,0.0,0.0,0.0043424618908063
2011-05-19,0.0,0.0,0.0,0.0014309788612878
2011-05-20,0.0,0.0,0.0,0.0122699194692993
2011-05-23,0.0,0.0,0.0,0.0011446714058674
2011-05-24,0.0,0.0,0.0,-0.0020378398636848
2011-05-25,0.0,0.0,0.0,0.005518615637123
2011-05-26,0.0,0.0,0.0,0.002828296116962
2011-05-27,0.0,0.0,0.0,0.007917025892386
2011-05-31,0.0,0.0,0.0,0.0018625443207553
2011-06-01,0.0,0.0,0.0,0.0024081716028967
2011-06-02,0.0,0.0,0.0,-0.0027355790218857
2011-06-03,0.0,0.0,0.0,0.0006124860038236
2011-06-06,0.0,0.0,0.0,0.0078831538328805
2011-06-07,0.0,0.0,0.0,0.0037489533411212
2011-06-08,0.0,0.0,0.0,0.0001995717814255
2011-06-09,0.0,0.0,0.0,-0.0006889025774454
2011-06-10,0.0,0.0,0.0,0.0006260251663656
2011-06-13,0.0,0.0,0.0,0.0050707635350325
2011-06-14,0.0,0.0,0.0,-0.0008541211768761
2011-06-15,0.0,0.0,0.0,0.0029677568944836
2011-06-16,0.0,0.0,0.0,-0.0098701804679549
2011-06-17,0.0,0.0,0.0,-0.0078469532871909
2011-06-20,0.0,0.0,0.0,-0.0034080001117154
2011-06-21,0.0,0.0,0.0,0.0041334247655387
2011-06-22,0.0,0.0,0.0,-0.0047861638132733
2011-06-23,0.0,0.0,0.0,0.0069637951171847
2011-06-24,0.0,0.0,0.0,-0.0004985763993712
2011-06-27,0.0,0.0,0.0,-0.0045780258005271
2011-06-28,0.0,0.0,0.0,0.0008225802243434
2011-06-29,0.0,0.0,0.0,0.0020773315686412
2011-06-30,0.0,0.0,0.0,0.0011847317193629
2011-07-01,0.0,0.0,0.0,-0.0014514319591527
2011-07-05,0.0,0.0,0.0,0.0019206766244025
2011-07-06,0.0,0.0,0.0,0.0001876637656575
2011-07-07,0.0,0.0,0.0,-0.0035039066319809
2011-07-08,0.0,0.0,0.0,0.0001491383134831
2011-07-11,0.0,0.0,0.0,0.0001845156620721
2011-07-12,0.0,0.0,0.0,-0.002766434350277
2011-07-13,0.0,0.0,0.0,-0.0008791329466655
2011-07-14,0.0,0.0,0.0,0.00182047464949
2011-07-15,0.0,0.0,0.0,-0.0129704115241274
2011-07-18,0.0,0.0,0.0,-0.0039049568560389
2011-07-19,0.0,0.0,0.0,-0.0040625958069448
2011-07-20,0.0,0.0,0.0,0.0039602768162624
2011-07-21,0.0,0.0,0.0,-0.0020584299936165
2011-07-22,0.0,0.0,0.0,-0.0058203204328458
2011-07-25,0.0,0.0,0.0,-0.0022550469248707
2011-07-26,0.0,0.0,0.0,-0.0006743867178624
2011-07-27,0.0,0.0,0.0,0.0006487857958174
2011-07-28,0.0,0.0,0.0,-0.0032442981617382
2011-07-29,0.0,0.0,0.0,0.0016611030124393
2011-08-01,0.0,0.0,0.0,0.0012540225754887
2011-08-02,0.0,0.0,0.0,-0.0030306635498464
2011-08-03,0.0,0.0,0.0,-0.0008957566401547
2011-08-04,0.0,0.0,0.0,0.0007257333082837
2011-08-05,0.0,0.0,0.0,0.0057277568193425
2011-08-08,0.0,0.0,0.0,-0.0055667193850764
2011-08-09,0.0,0.0,0.0,0.0040729537668852
2011-08-10,0.0,0.0,0.0,0.0037742919980212
2011-08-11,0.0,0.0,0.0,-0.0009071106065681
2011-08-12,0.0,0.0,0.0,0.0029443301045337
2011-08-15,0.0,0.0,0.0,-7.358168713765193e-05
2011-08-16,0.0,0.0,0.0,-0.001667630442656
2011-08-17,0.0,0.0,0.0,-0.0041150533929696
2011-08-18,0.0,0.0,0.0,-0.0048727125566574
2011-08-19,0.0,0.0,0.0,-0.0026506390041613
2011-08-22,0.0,0.0,0.0,-0.0053744956482952
2011-08-23,0.0,0.0,0.0,-0.0060271610733595
2011-08-24,0.0,0.0,0.0,0.0032054564457161
2011-08-25,0.0,0.0,0.0,0.0074424918974542
2011-08-26,0.0,0.0,0.0,0.0005443170066208
2011-08-29,0.0,0.0,0.0,0.0020010242626553
2011-08-30,0.0,0.0,0.0,0.0002650276623428
2011-08-31,0.0,0.0,0.0,0.0014188617749636
2011-09-01,0.0,0.0,0.0,-0.0003910232862863
2011-09-02,0.0,0.0,0.0,0.0002190281531785
2011-09-06,0.0,0.0,0.0,0.0027087826177762
2011-09-07,0.0,0.0,0.0,0.0016494038654198
2011-09-08,0.0,0.0,0.0,-0.001609369192926
2011-09-09,0.0,0.0,0.0,-0.0014604293829808
2011-09-12,0.0,0.0,0.0,0.0013771401989387
2011-09-13,0.0,0.0,0.0,-0.000292699832184
2011-09-14,0.0,0.0,0.0,-0.0089005429972746
2011-09-15,0.0,0.0,0.0,0.0077974960528895
2011-09-16,0.0,0.0,0.0,0.0020868756703829
2011-09-19,0.0,0.0,0.0,-0.0005292553163911
2011-09-20,0.0,0.0,0.0,0.0068427403180694
2011-09-21,0.0,0.0,0.0,-0.0086844906513574
2011-09-22,0.0,0.0,0.0,-7.465717571489213e-05
2011-09-23,0.0,0.0,0.0,-0.0001091644312765
2011-09-26,0.0,0.0,0.0,0.0124056104092371
2011-09-27,0.0,0.0,0.0,-0.0027488466684561
2011-09-28,0.0,0.0,0.0,-0.0034765756563067
2011-09-29,0.0,0.0,0.0,0.0162706450428369
2011-09-30,0.0,0.0,0.0,-0.0007258522172612
2011-10-03,0.0,0.0,0.0,-0.0094610931274051
2011-10-04,0.0,0.0,0.0,0.0020044577431595
2011-10-05,0.0,0.0,0.0,-0.0013323970158247
2011-10-06,0.0,0.0,0.0,0.0164624418957218
2011-10-07,0.0,0.0,0.0,-0.0116758798133136
2011-10-10,0.0,0.0,0.0,0.0067060517724992
2011-10-11,0.0,0.0,0.0,0.0100123011309185
2011-10-12,0.0,0.0,0.0,0.0089363669186997
2011-10-13,0.0,0.0,0.0,0.0020838300975302
2011-10-14,0.0,0.0,0.0,0.0001883438861631
2011-10-17,0.0,0.0,0.0,-0.0011249796217098
2011-10-18,0.0,0.0,0.0,0.0151852548890079
2011-10-19,0.0,0.0,0.0,0.0044817308213813
2011-10-20,0.0,0.0,0.0,-0.0068878923291286
2011-10-21,0.0,0.0,0.0,0.0057957102004323
2011-10-24,0.0,0.0,0.0,0.0039476518326726
2011-10-25,0.0,0.0,0.0,0.0007439220460301
2011-10-26,0.0,0.0,0.0,0.0031587973522826
2011-10-27,0.0,0.0,0.0,-0.003285803989977
2011-10-28,0.0,0.0,0.0,0.0037089926211269
2011-10-31,0.0,0.0,0.0,0.0050040629764882
2011-11-01,0.0,0.0,0.0,0.0042841025444812
2011-11-02,0.0,0.0,0.0,-0.0084155264324467
2011-11-03,0.0,0.0,0.0,0.0016007685852855
2011-11-04,0.0,0.0,0.0,0.0012247634131981
2011-11-07,0.0,0.0,0.0,-0.000183664398107
2011-11-08,0.0,0.0,0.0,0.0003213012288189
2011-11-09,0.0,0.0,0.0,0.0046152066440968
2011-11-10,0.0,0.0,0.0,-0.0011481789060001
2011-11-11,0.0,0.0,0.0,-0.0056141805798159
2011-11-14,0.0,0.0,0.0,-0.0020952078687235
2011-11-15,0.0,0.0,0.0,0.0028045281652782
2011-11-16,0.0,0.0,0.0,-0.0005623331504312
2011-11-17,0.0,0.0,0.0,-0.0015314821338857
2011-11-18,0.0,0.0,0.0,-0.0035342962301376
2011-11-21,0.0,0.0,0.0,0.0061891534179334
2011-11-22,0.0,0.0,0.0,-0.001860518020428
2011-11-23,0.0,0.0,0.0,-0.0002576173319238
2011-11-25,0.0,0.0,0.0,0.0003969556091044
2011-11-28,0.0,0.0,0.0,-0.000337300108428
2011-11-29,0.0,0.0,0.0,-0.008873662982897
2011-11-30,0.0,0.0,0.0,0.0065373529097066
2011-12-01,0.0,0.0,0.0,-0.0014295123491057
2011-12-02,0.0,0.0,0.0,0.0056219918278281
2011-12-05,0.0,0.0,0.0,0.0061034875498168
2011-12-06,0.0,0.0,0.0,-0.0019804243469713
2011-12-07,0.0,0.0,0.0,-0.0012420312708448
2011-12-08,0.0,0.0,0.0,-0.0011586669789724
2011-12-09,0.0,0.0,0.0,-0.0008118664609412
2011-12-12,0.0,0.0,0.0,-0.0034301414244788
2011-12-13,0.0,0.0,0.0,-0.0041265796736616
2011-12-14,0.0,0.0,0.0,-0.0088421096795736
2011-12-15,0.0,0.0,0.0,-0.0087898906049296
2011-12-16,0.0,0.0,0.0,0.0009239077399676
2011-12-19,0.0,0.0,0.0,-0.003058882582181
2011-12-20,0.0,0.0,0.0,0.0013143425943005
2011-12-21,0.0,0.0,0.0,-0.0036508805321105
2011-12-22,0.0,0.0,0.0,0.0058976166152922
2011-12-23,0.0,0.0,0.0,-0.0008649456654979
2011-12-27,0.0,0.0,0.0,-0.0036667607922192
2011-12-28,0.0,0.0,0.0,-0.0050877847810713
2011-12-29,0.0,0.0,0.0,-0.000403180726412
2011-12-30,0.0,0.0,0.0,0.0024839656068969
2012-01-03,0.0,0.0,0.0,0.0122981173712056
2012-01-04,0.0,0.0,0.0,0.0035077392640481
2012-01-05,0.0,0.0,0.0,0.0019766519099294
2012-01-06,0.0,0.0,0.0,-0.0001552624778621
2012-01-09,0.0,0.0,0.0,-0.0055244370109465
2012-01-10,0.0,0.0,0.0,0.0011874918242234
2012-01-11,0.0,0.0,0.0,-0.0025870086675229
2012-01-12,0.0,0.0,0.0,-0.0049070046027501
2012-01-13,0.0,0.0,0.0,0.0001032366872981
2012-01-17,0.0,0.0,0.0,0.0040097851129585
2012-01-18,0.0,0.0,0.0,-0.0067594890880579
2012-01-19,0.0,0.0,0.0,-0.0047435537793564
2012-01-20,0.0,0.0,0.0,-0.0005349386964501
2012-01-23,0.0,0.0,0.0,0.0004243971857324
2012-01-24,0.0,0.0,0.0,-0.0050057170140954
2012-01-25,0.0,0.0,0.0,0.0020173392638366
2012-01-26,0.0,0.0,0.0,0.00115592051404
2012-01-27,0.0,0.0,0.0,-0.0028764514118324
2012-01-30,0.0,0.0,0.0,-1.149918679159515e-05
2012-01-31,0.0,0.0,0.0,0.0001557880364824
2012-02-01,0.0,0.0,0.0,-0.0011967452002006
2012-02-02,0.0,0.0,0.0,-9.633781248227336e-05
2012-02-03,0.0,0.0,0.0,-0.000175297043751
2012-02-06,0.0,0.0,0.0,-0.0007217208032215
2012-02-07,0.0,0.0,0.0,-0.0004702678656319
2012-02-08,0.0,0.0,0.0,-0.000415051273659
2012-02-09,0.0,0.0,0.0,0.0006054598443629
2012-02-10,0.0,0.0,0.0,-0.0002874020073214
2012-02-13,0.0,0.0,0.0,-0.0032899851328864
2012-02-14,0.0,0.0,0.0,0.0034555784507887
2012-02-15,0.0,0.0,0.0,-4.991768021812403e-05
2012-02-16,0.0,0.0,0.0,-0.0007958781427326
2012-02-17,0.0,0.0,0.0,0.005603779037639
2012-02-21,0.0,0.0,0.0,0.0022598805794765
2012-02-22,0.0,0.0,0.0,-0.0014160029176875
2012-02-23,0.0,0.0,0.0,-0.0076033879164266
2012-02-24,0.0,0.0,0.0,-0.0118336905859713
2012-02-27,0.0,0.0,0.0,0.0008265921096274
2012-02-28,0.0,0.0,0.0,0.0030282625874708
2012-02-29,0.0,0.0,0.0,-0.0036460106271958
2012-03-01,0.0,0.0,0.0,-0.001329829137224
2012-03-02,0.0,0.0,0.0,0.0001383099589602
2012-03-05,0.0,0.0,0.0,-0.0014711750753031
2012-03-06,0.0,0.0,0.0,0.0024098119551877
2012-03-07,0.0,0.0,0.0,-0.0028344976884381
2012-03-08,0.0,0.0,0.0,0.0044621611084386
2012-03-09,0.0,0.0,0.0,0.000963370604505
2012-03-12,0.0,0.0,0.0,-0.0001557013903017
2012-03-13,0.0,0.0,0.0,-0.0005757889328461
2012-03-14,0.0,0.0,0.0,-0.0035032707019968
2012-03-15,0.0,0.0,0.0,-0.0008794154633617
2012-03-16,0.0,0.0,0.0,0.0004068472339595
2012-03-19,0.0,0.0,0.0,9.139200388572531e-05
2012-03-20,0.0,0.0,0.0,0.0039454842888048
2012-03-21,0.0,0.0,0.0,-0.0022173276208774
2012-03-22,0.0,0.0,0.0,-0.0005386602504939
2012-03-23,0.0,0.0,0.0,0.0023738268907277
2012-03-26,0.0,0.0,0.0,0.0016719495796214
2012-03-27,0.0,0.0,0.0,0.0007497617694039
2012-03-28,0.0,0.0,0.0,-0.0018644047100707
2012-03-29,0.0,0.0,0.0,-0.0023655701386437
2012-03-30,0.0,0.0,0.0,0.0002295275268173
2012-04-02,0.0,0.0,0.0,0.0062626782709656
2012-04-03,0.0,0.0,0.0,-0.0044315851529637
2012-04-04,0.0,0.0,0.0,-0.0019249505005394
2012-04-05,0.0,0.0,0.0,-0.000734773541868
2012-04-09,0.0,0.0,0.0,-0.0007451331474957
2012-04-10,0.0,0.0,0.0,-0.0003961598076802
2012-04-11,0.0,0.0,0.0,-0.001572615251578
2012-04-12,0.0,0.0,0.0,0.0029229754697505
2012-04-13,0.0,0.0,0.0,-0.000845177180726
2012-04-16,0.0,0.0,0.0,0.0001117362894388
2012-04-17,0.0,0.0,0.0,-0.0003870380574838
2012-04-18,0.0,0.0,0.0,-0.0014310414168176
2012-04-19,0.0,0.0,0.0,-0.0002528217005463
2012-04-20,0.0,0.0,0.0,0.0043765133385983
2012-04-23,0.0,0.0,0.0,0.0023734320595228
2012-04-24,0.0,0.0,0.0,-0.0001023073165472
2012-04-25,0.0,0.0,0.0,0.0036950925654846
2012-04-26,0.0,0.0,0.0,2.8413061902432345e-05
2012-04-27,0.0,0.0,0.0,-0.0012262536356169
2012-04-30,0.0,0.0,0.0,-0.002354311880763
2012-05-01,0.0,0.0,0.0,0.0018342874183126
2012-05-02,0.0,0.0,0.0,0.0040152002938385
2012-05-03,0.0,0.0,0.0,0.0025094234228186
2012-05-04,0.0,0.0,0.0,0.0015449204014971
2012-05-07,0.0,0.0,0.0,-0.0011582854715826
2012-05-08,0.0,0.0,0.0,-0.0009555169211569
2012-05-09,0.0,0.0,0.0,-0.0048559977706604
2012-05-10,0.0,0.0,0.0,-0.0018835416788683
2012-05-11,0.0,0.0,0.0,-0.0002328574829788
2012-05-14,0.0,0.0,0.0,2.6620058210075987e-05
2012-05-15,0.0,0.0,0.0,0.0024889603260686
2012-05-16,0.0,0.0,0.0,-0.0020943269395712
2012-05-17,0.0,0.0,0.0,-0.000801943689352
2012-05-18,0.0,0.0,0.0,0.0119160347951433
2012-05-21,0.0,0.0,0.0,-0.0044878747578658
2012-05-22,0.0,0.0,0.0,0.0009545958098918
2012-05-23,0.0,0.0,0.0,-0.0021290595814645
2012-05-24,0.0,0.0,0.0,0.0062687963673806
2012-05-25,0.0,0.0,0.0,-0.0003961341593876
2012-05-29,0.0,0.0,0.0,0.0050206100015466
2012-05-30,0.0,0.0,0.0,-0.0009429280243366
2012-05-31,0.0,0.0,0.0,0.0013287090229002
2012-06-01,0.0,0.0,0.0,-0.0008189763476836
2012-06-04,0.0,0.0,0.0,0.0006031753597955
2012-06-05,0.0,0.0,0.0,0.0007860713252483
2012-06-06,0.0,0.0,0.0,0.0036422001528436
2012-06-07,0.0,0.0,0.0,0.0036868139584231
2012-06-08,0.0,0.0,0.0,0.0005859246643479
2012-06-11,0.0,0.0,0.0,-0.0025529665121441
2012-06-12,0.0,0.0,0.0,-0.0015323784038249
2012-06-13,0.0,0.0,0.0,-0.0022687926409387
2012-06-14,0.0,0.0,0.0,-0.0012294917807544
2012-06-15,0.0,0.0,0.0,0.0038248142174462
2012-06-18,0.0,0.0,0.0,-0.0002636048059724
2012-06-19,0.0,0.0,0.0,0.0012358047382525
2012-06-20,0.0,0.0,0.0,0.0005920493109198
2012-06-21,0.0,0.0,0.0,0.0006803154519535
2012-06-22,0.0,0.0,0.0,0.002175245601584
2012-06-25,0.0,0.0,0.0,-0.0035387880897074
2012-06-26,0.0,0.0,0.0,-0.0007394527373907
2012-06-27,0.0,0.0,0.0,-0.0003273783410879
2012-06-28,0.0,0.0,0.0,-0.0078019560400653
2012-06-29,0.0,0.0,0.0,0.0002076392906531
2012-07-02,0.0,0.0,0.0,0.0031024857795893
2012-07-03,0.0,0.0,0.0,-0.0032789005685875
2012-07-05,0.0,0.0,0.0,0.0072162202327536
2012-07-06,0.0,0.0,0.0,-0.0049337077551205
2012-07-09,0.0,0.0,0.0,-0.0041126684226414
2012-07-10,0.0,0.0,0.0,0.0059732555192408
2012-07-11,0.0,0.0,0.0,-0.0008935755192248
2012-07-12,0.0,0.0,0.0,0.0018329009469117
2012-07-13,0.0,0.0,0.0,-0.0003056975679177
2012-07-16,0.0,0.0,0.0,-0.0019438399495732
2012-07-17,0.0,0.0,0.0,-0.0014044364184622
2012-07-18,0.0,0.0,0.0,0.0004160377468369
2012-07-19,0.0,0.0,0.0,-0.0009683967967117
2012-07-20,0.0,0.0,0.0,-0.0024612891037529
2012-07-23,0.0,0.0,0.0,-0.0008730913385297
2012-07-24,0.0,0.0,0.0,0.0002357406959592
2012-07-25,0.0,0.0,0.0,0.0024736731458712
2012-07-26,0.0,0.0,0.0,0.0030406117769099
2012-07-27,0.0,0.0,0.0,0.0037924914360147
2012-07-30,0.0,0.0,0.0,0.0013271429167703
2012-07-31,0.0,0.0,0.0,0.0001256805422622
2012-08-01,0.0,0.0,0.0,0.0013373906499769
2012-08-02,0.0,0.0,0.0,0.0005737243479116
2012-08-03,0.0,0.0,0.0,0.0001386429843524
2012-08-06,0.0,0.0,0.0,-0.0011083694715685
2012-08-07,0.0,0.0,0.0,-0.0016266515955534
2012-08-08,0.0,0.0,0.0,-0.001106877770408
2012-08-09,0.0,0.0,0.0,-0.0034035949666113
2012-08-10,0.0,0.0,0.0,0.0014322205131139
2012-08-13,0.0,0.0,0.0,-0.0013456125970141
2012-08-14,0.0,0.0,0.0,0.0010524268186616
2012-08-15,0.0,0.0,0.0,-0.0010367644030325
2012-08-16,0.0,0.0,0.0,-0.0038614848151985
2012-08-17,0.0,0.0,0.0,0.0005082737965467
2012-08-20,0.0,0.0,0.0,1.4937001218591278e-05
2012-08-21,0.0,0.0,0.0,-0.0017782718209898
2012-08-22,0.0,0.0,0.0,-0.0022829911912124
2012-08-23,0.0,0.0,0.0,-0.0013500531679092
2012-08-24,0.0,0.0,0.0,-8.456876639020047e-05
2012-08-27,0.0,0.0,0.0,0.0016379733749468
2012-08-28,0.0,0.0,0.0,0.0002067915861615
2012-08-29,0.0,0.0,0.0,-0.0005192707086006
2012-08-30,0.0,0.0,0.0,-0.0013905469176906
2012-08-31,0.0,0.0,0.0,3.701801343850286e-05
2012-09-04,0.0,0.0,0.0,0.0001804959774099
2012-09-05,0.0,0.0,0.0,0.0034465960262299
2012-09-06,0.0,0.0,0.0,-0.0028250437531241
2012-09-07,0.0,0.0,0.0,0.0022656769983941
2012-09-10,0.0,0.0,0.0,-0.0022884245246247
2012-09-11,0.0,0.0,0.0,-0.0034220459482358
2012-09-12,0.0,0.0,0.0,-0.0011393669363812
2012-09-13,0.0,0.0,0.0,-0.0009487018984186
2012-09-14,0.0,0.0,0.0,0.0004085558711761
2012-09-17,0.0,0.0,0.0,0.0008506409880369
2012-09-18,0.0,0.0,0.0,-0.000341481483003
2012-09-19,0.0,0.0,0.0,-0.0001331151736758
2012-09-20,0.0,0.0,0.0,0.0028090592790072
2012-09-21,0.0,0.0,0.0,0.0030945572459701
2012-09-24,0.0,0.0,0.0,-0.0008332977902117
2012-09-25,0.0,0.0,0.0,0.0021692970613984
2012-09-26,0.0,0.0,0.0,-0.0013235947911909
2012-09-27,0.0,0.0,0.0,-8.426852992704963e-05
2012-09-28,0.0,0.0,0.0,0.0004732821341306
2012-10-01,0.0,0.0,0.0,-0.0037165232676415
2012-10-02,0.0,0.0,0.0,-3.7367460640351285e-05
2012-10-03,0.0,0.0,0.0,-0.000287576247494
2012-10-04,0.0,0.0,0.0,-0.0030924874292122
2012-10-05,0.0,0.0,0.0,-0.001188320308203
2012-10-08,0.0,0.0,0.0,-0.0101635243848832
2012-10-09,0.0,0.0,0.0,0.0058757540789632
2012-10-10,0.0,0.0,0.0,0.0038176223346696
2012-10-11,0.0,0.0,0.0,-0.0036562454019212
2012-10-12,0.0,0.0,0.0,0.0033243927615255
2012-10-15,0.0,0.0,0.0,-0.0020210094305865
2012-10-16,0.0,0.0,0.0,0.0016249932041572
2012-10-17,0.0,0.0,0.0,-0.0018993221626626
2012-10-18,0.0,0.0,0.0,-0.0021526715456882
2012-10-19,0.0,0.0,0.0,0.0015499214921724
2012-10-22,0.0,0.0,0.0,-0.0020638734831954
2012-10-23,0.0,0.0,0.0,0.0003113831910231
2012-10-24,0.0,0.0,0.0,-0.0017286182631736
2012-10-25,0.0,0.0,0.0,-0.0021970447957176
2012-10-26,0.0,0.0,0.0,0.0061989539273805
2012-10-31,0.0,0.0,0.0,6.907672167790177e-05
2012-11-01,0.0,0.0,0.0,0.0020828685692782
2012-11-02,0.0,0.0,0.0,0.0003253221202717
2012-11-05,0.0,0.0,0.0,-0.0024983884700247
2012-11-06,0.0,0.0,0.0,0.000790820759812
2012-11-07,0.0,0.0,0.0,0.0009990048778881
2012-11-08,0.0,0.0,0.0,-0.0015408764982593
2012-11-09,0.0,0.0,0.0,-0.0024393752145478
2012-11-12,0.0,0.0,0.0,0.0003162169828815
2012-11-13,0.0,0.0,0.0,-0.0049533522509655
2012-11-14,0.0,0.0,0.0,0.0031532760301479
2012-11-15,0.0,0.0,0.0,-0.0042699655614377
2012-11-16,0.0,0.0,0.0,0.0031399357840497
2012-11-19,0.0,0.0,0.0,-0.0008472077384324
2012-11-20,0.0,0.0,0.0,-0.0022812298254584
2012-11-21,0.0,0.0,0.0,0.0091434168590956
2012-11-23,0.0,0.0,0.0,-0.0012316541186302
2012-11-26,0.0,0.0,0.0,0.0040161935300143
2012-11-27,0.0,0.0,0.0,0.0016903374123774
2012-11-28,0.0,0.0,0.0,0.0008684895893368
2012-11-29,0.0,0.0,0.0,-0.0021875553901355
2012-11-30,0.0,0.0,0.0,-0.0012462386466534
2012-12-03,0.0,0.0,0.0,-0.0023070805048241
2012-12-04,0.0,0.0,0.0,0.0032778322146642
2012-12-05,0.0,0.0,0.0,0.0006627395979112
2012-12-06,0.0,0.0,0.0,0.0027425857497885
2012-12-07,0.0,0.0,0.0,0.0011783612616871
2012-12-10,0.0,0.0,0.0,-0.0018364434118837
2012-12-11,0.0,0.0,0.0,0.0021383014233822
2012-12-12,0.0,0.0,0.0,0.003147295872182
2012-12-13,0.0,0.0,0.0,-0.0011329510372875
2012-12-14,0.0,0.0,0.0,-0.0012177150759738
2012-12-17,0.0,0.0,0.0,-0.0002465756963351
2012-12-18,0.0,0.0,0.0,-0.0039489775413684
2012-12-19,0.0,0.0,0.0,-0.0118100014213453
2012-12-20,0.0,0.0,0.0,0.0012926189774462
2012-12-21,0.0,0.0,0.0,-0.0037538264377748
2012-12-24,0.0,0.0,0.0,-0.000223750069804
2012-12-26,0.0,0.0,0.0,0.0024953716285301
2012-12-27,0.0,0.0,0.0,-1.2737770690256266e-05
2012-12-28,0.0,0.0,0.0,-0.002208144983935
2012-12-31,0.0,0.0,0.0,0.0004391367379799
2013-01-02,0.0,0.0,0.0,0.0027574328069408
2013-01-03,0.0,0.0,0.0,-0.0022010598658928
2013-01-04,0.0,0.0,0.0,0.000364604961602
2013-01-07,0.0,0.0,0.0,-0.0011537995450018
2013-01-08,0.0,0.0,0.0,-0.0011184093020147
2013-01-09,0.0,0.0,0.0,0.0004010619878349
2013-01-10,0.0,0.0,0.0,-0.0007689018302831
2013-01-11,0.0,0.0,0.0,-0.0002529146976031
2013-01-14,0.0,0.0,0.0,-0.0019594788835284
2013-01-15,0.0008156908161992212,0.0005720496551737833,0.0010404722750694145,-0.0027311903801613
2013-01-16,-0.0011597410373855917,-0.00034278791369832804,-0.0008587534817669404,-0.0007864849150056
2013-01-17,0.0030068944049982385,0.0024596728210685534,0.002984399682880039,0.0035192873345789
2013-01-18,0.0022372554694421514,0.0023149298560376183,0.002424658147122736,-0.0004786989006498
2013-01-22,0.0023741794924787138,0.0029430790314739492,0.002257636738047242,-0.0022218699868914
2013-01-23,0.0018983340247009583,0.0019067410218739438,0.0010059711379737202,0.0070872160865777
2013-01-24,0.004042707528803807,0.002375974176416077,0.004232038859516279,-0.0481537962180017
2013-01-25,0.004363476880155805,0.0024813303687513002,0.003648096232255233,0.0020648798996092
2013-01-28,-0.0012478334825858962,-0.0006674438860769053,-0.0010934068970712015,0.0016394120103808
2013-01-29,0.002176162125654602,0.003659577000805148,0.003810705191753188,-0.0025111419637116
2013-01-30,-0.0017964307629936018,-0.0020469935094243057,-0.0021455941436621124,0.0031037658926055
2013-01-31,-0.0027298035999127625,-0.0019198277694073666,-0.0022139054588809592,0.0006333987802302
2013-02-01,0.006857155277262367,0.0061215641152891865,0.005713356906842502,3.619293253983368e-05
2013-02-04,-0.0057928152180930365,-0.004671702493149047,-0.004331881429415906,0.0013262309178457
2013-02-05,0.007801891451543579,0.007162920153272137,0.00647772423495249,0.0002621591710654
2013-02-06,0.0013795556559115605,0.002293458198175913,0.0021749092605215046,-0.0004755305939404
2013-02-07,-0.0020489620731636766,-0.0016657126275908013,-0.0018490733002751762,-0.001155111857675
2013-02-08,0.0030856710322334107,0.00315545508769732,0.0026555218436759027,-0.0021070196228652
2013-02-11,-0.001541430076933745,-0.001328770561818068,-0.001388981125144777,-7.434091622429652e-05
2013-02-12,0.001882049261999501,0.0008290415094077575,0.0011438892461412763,0.0042689959320704
2013-02-13,0.0005943709871053655,-0.0005217914423724221,-0.000539117763405823,0.0033769072926513
2013-02-14,0.00010990016258551803,0.0007027596389900882,0.00018241568733524821,-0.0008382686545704
2013-02-15,-0.0008385902508949571,-0.001432474237717229,-0.0009585070091740366,-0.0013522140754214
2013-02-19,0.00575144623896919,0.004651752464587815,0.005132198774503231,0.000464730858995
2013-02-20,-0.007309978488272129,-0.007956158633585229,-0.007087518457456352,0.0021765202925175
2013-02-21,-0.0028029307679922066,-0.0013165897447236503,-0.001982218157126072,-0.0015471704144212
2013-02-22,0.0050091381715239,0.004470499035945208,0.004845323398578637,0.0018905793637698
2013-02-25,-0.008889954214167077,-0.005248058476465869,-0.00711066587073915,-0.0014750651468449
2013-02-26,0.005631707491125023,0.005171530315012013,0.0052678956667331885,0.0002496195525783
2013-02-27,0.00799927827704734,0.00562805895681934,0.00708136918623103,0.0004106005835644
2013-02-28,-0.0010851272704870186,-0.0013830968846279912,-0.001354129111587591,-0.0005612547921964
2013-03-01,0.004312777486429193,0.0030551398522147884,0.003434734163286457,0.001104117500222
2013-03-04,0.004742797553959369,0.002234965325551978,0.0032874229186329964,0.0020240462381753
2013-03-05,0.006310605249383948,0.005166094156296633,0.005889393141584374,-0.0022509748856233
2013-03-06,0.00023631327937691867,0.0004996860356627497,0.000303328357577078,0.0003437224169397
2013-03-07,0.0008342181541995481,0.00024938101765068925,0.0006067095034652455,-0.0011960902295876
2013-03-08,0.001755107995235187,0.0006983783813584093,0.0015198465660980212,0.0015829876925838
2013-03-11,0.001008282582493959,0.0011559050901465543,0.0011879093737675879,-0.0016356147869752
2013-03-12,-0.0010494178181406823,0.00013795851094313953,-0.0005899850319758639,3.0852096477641314e-05
2013-03-13,0.0011244559862310004,0.0005959019117905253,0.0010375712269341886,0.0002658917804623
2013-03-14,0.001724347820844738,0.0018573702691449196,0.0025084605652439815,0.0001791643126465
2013-03-15,-0.001259184496502974,-2.2608459997658614e-05,-0.0005892225596741142,-0.0009300958312626
2013-03-18,-0.00228903285365131,-0.0014673131110304743,-0.001844951159121038,0.0007538187716385
2013-03-19,-0.0001448145801235186,-7.482579157128784e-05,0.0002832146353790925,-0.0015830707964999
2013-03-20,0.0014605294673974754,0.0008606452092634889,0.001358865399286084,-0.00240344074404
2013-03-21,-0.0050066938991489155,-0.003992289608571826,-0.004459913203256988,-0.0011438217772096
2013-03-22,0.005745372401812678,0.005494155186974315,0.005518266537580868,7.2754950732701e-05
2013-03-25,-0.0029248962479385336,-0.0030500632836727784,-0.002847924735132587,-0.0004099803083755
2013-03-26,0.006542945364530092,0.006031913916596492,0.0060067935679815705,-0.0037375765075711
2013-03-27,0.0010230455934701396,0.0017033905650492248,0.0008338201743768913,-0.0002969841921373
2013-03-28,0.0024530055610653178,0.0018086401544724412,0.002324404898578407,-0.0025190099809061
2013-04-01,-0.0015506176963803525,-0.0018560144308913558,-0.0011161666500292553,0.0014734905500757
2013-04-02,0.003287703082579094,0.0025519341093774963,0.002945901640337703,0.0009478592962111
2013-04-03,-0.006425271285790374,-0.006385392451828004,-0.00589340065008016,0.0019085845245589
2013-04-04,0.004145839313537014,0.004082173309172601,0.004488132002866381,-0.0009048702296916
2013-04-05,0.0001221862525676443,0.00107478775453424,0.0008907250167612332,0.0026587838604972
2013-04-08,0.003605641162201554,0.0029088613224357482,0.003216852265989166,0.0006748853514387
2013-04-09,0.0032231199449788447,0.0037311948142438795,0.003110532979700198,-0.0028776891933755
2013-04-10,0.005679533941393262,0.004731628964106877,0.00519824756998548,0.0005599260873378
2013-04-11,0.0027158959918020765,0.0022408954648030243,0.0021358618809884473,6.201281632908911e-05
2013-04-12,0.00028753508005424644,0.0001664483174242361,-0.0003371523887743022,0.0008179374368624
2013-04-15,-0.015063598063029739,-0.015770420143223305,-0.015652791174858825,-0.0006306554342746
2013-04-16,0.00934507336306369,0.008551666929555736,0.009125687504536772,0.0015912227994874
2013-04-17,-0.008069350955127378,-0.009036681755248256,-0.00748513445297451,-0.000758151571395
2013-04-18,-0.004439684227201855,-0.003292322314941258,-0.003734443647283113,-2.0656808291237788e-05
2013-04-19,0.008585030873550243,0.007840388546870575,0.008168997676536798,0.0027145283027589
2013-04-22,0.0031944130787611045,0.005400343905243376,0.0029858463263998827,0.0007234370885185
2013-04-23,0.010467040012412535,0.00878612387968924,0.008447209339755218,-0.0180484587344904
2013-04-24,-0.001408075187810541,0.00253319597351076,-0.0007256379403970811,0.0085240684497978
2013-04-25,0.0028756360821425245,0.0042023399001252055,0.0028828641506670845,0.0028507161781781
2013-04-26,-0.0005998265733126704,-0.00021534905617625138,0.00017068953633570894,0.0021226584197121
2013-04-29,0.004055672291121503,0.005290900917217309,0.0044221649584626705,-0.0068007391904971
2013-04-30,0.0006093322880341538,0.002163729103326775,0.0007785496552369612,-0.000498734416827
2013-05-01,-0.005562481070774256,-0.007506807004955314,-0.005289228464782183,-0.0031842704023819
2013-05-02,0.006585926239204862,0.007253158603398413,0.006330596030289072,-0.0010092665780836
2013-05-03,0.003622688118335226,0.004942784311681274,0.0031831879429434144,-0.002311385326559
2013-05-06,1.1233425079700774e-05,0.002612312646702232,-0.00013415106340284054,0.0021548317744488
2013-05-07,0.003071690143968733,0.0022799563554507015,0.0031577645982480986,0.001934958935952
2013-05-08,0.002781586660545571,0.005005076786321805,0.0024907956822672753,-0.002985850361788
2013-05-09,-0.0029406465230459775,-0.003389032624324939,-0.0035703436560342587,0.0016758781888589
2013-05-10,0.0013728327119441335,-0.00039170497278433186,0.0010170302898681724,0.0031978965784562
2013-05-13,-0.0008950540192706807,-0.00188655123284842,-0.0016651405941520022,-0.000454803490784
2013-05-14,0.0059732707461741955,0.005537647244295084,0.005408353404444051,0.0026175888082093
2013-05-15,0.006404670555333669,0.0026771917772990274,0.0059668086406257145,0.0004662271706423
2013-05-16,-0.0016869877128027717,-0.0005682201684152287,-0.0019724434300200087,0.0003431245043779
2013-05-17,0.0041237224390150715,0.0021603531591666654,0.0034789403571037444,0.000490405805011
2013-05-20,-0.0018965673702888955,6.965930027354522e-05,-0.0015850009214222714,0.0039149240863072
2013-05-21,0.001731280993347806,0.0011677542663028559,0.0016232614987708191,-0.0011685862249812
2013-05-22,-0.008136888431700517,-0.008985248116565715,-0.007859002977788965,0.0069571812956096
2013-05-23,-0.002657776360280571,-0.0007912700099106417,-0.0023410766824621338,-0.001384101842889
2013-05-24,-0.0009660683572325213,-0.0019277886978316247,-0.00107369972417383,-0.0050878554846295
2013-05-28,-0.00124771291418463,-0.003075848123530781,-0.0014178946911956385,-0.0020904743762383
2013-05-29,-0.006656295207643338,-0.0041772899259447235,-0.006752821865679727,-0.0028430175519507
2013-05-30,0.002355116955529377,0.0026470074932936254,0.0016492848711644379,-0.0011750232742906
2013-05-31,-0.010922656094681158,-0.010554630460613727,-0.010965444785342317,0.0020754674103253
2013-06-03,0.004969856877000914,0.005791950445436692,0.005664056857396101,-0.0003151752918261
2013-06-04,-0.0033055069041651986,-0.003641968594656885,-0.0027486388293902963,0.0021741624390469
2013-06-05,-0.008050457633665879,-0.006314901061593921,-0.007973185622750479,-0.0024988572511483
2013-06-06,0.006129035039539717,0.005442064321545644,0.006253178211020051,0.0002541404986636
2013-06-07,0.008114692357352484,0.004186481365138501,0.006866354181800842,0.0012274062402178
2013-06-10,-0.00018967674149005046,0.00016144985305601537,-0.00010300215872687999,0.0028420535899831
2013-06-11,-0.006784346455578693,-0.005451773989693433,-0.006200899806271032,-7.690204792661385e-05
2013-06-12,-0.005957853734842737,-0.005622545857390762,-0.00560821226452475,0.0009577135876258
2013-06-13,0.012375978341126971,0.012216163815834048,0.012073909491245203,0.001103144949906
2013-06-14,-0.003010899966631804,-0.0026181190979713133,-0.002580390610456348,0.0003099018613362
2013-06-17,0.006174680245024409,0.005122448018549105,0.004320228743695775,-0.0007469792285856
2013-06-18,0.005671547347939088,0.004697425187579613,0.005767439696181228,-0.000750183616972
2013-06-19,-0.011420182060196616,-0.011815572164720275,-0.012534659057391246,-0.0003402606669283
2013-06-20,-0.022070973043944512,-0.021308918315498675,-0.021804507530669197,0.0005835413878914
2013-06-21,-0.0005524874790915648,-0.0008514022406460378,0.00015608192269375584,-0.0007836801077651
2013-06-24,-0.007634340141489312,-0.008652509122075576,-0.0069833599737093455,-0.0027879655149762
2013-06-25,0.006386248295753974,0.006382660744533912,0.006726026663030224,0.0054969177148048
2013-06-26,0.009821404327080254,0.008086809824631287,0.00965730432777423,-0.0040298742997145
2013-06-27,0.006466873022330146,0.005844130451277912,0.005910126540528529,-7.221830443550331e-05
2013-06-28,-0.0032954085116473682,-0.002912652238569499,-0.0027385393777010028,0.0014076837451549
2013-07-01,0.004262338322300978,0.004881277009832505,0.00318007749834412,-0.0006443017629704
2013-07-02,-0.0014315575346695102,-0.00027157449427940247,-0.001146493636489017,0.0023180629667048
2013-07-03,0.0011403068945262927,0.0014247192398032075,0.001035780128934301,0.0006539351396993
2013-07-05,0.0017797530176304392,0.0005384445227636714,0.0004171680916620848,0.0023626644937237
2013-07-08,0.00867258809873375,0.008097891967575802,0.008279809095671626,0.0013519113373456
2013-07-09,0.007490648533410125,0.0069133841221915345,0.006202250640495113,-0.0012827474127883
2013-07-10,9.295165490558058e-05,-5.69891508894472e-05,3.595288724573197e-05,0.0009022411646178
2013-07-11,0.01333646202701254,0.013822910355971144,0.013203436653968907,0.002281328749826
2013-07-12,0.0005669315619428027,0.0008831564415826347,-0.0007347533922922968,0.003464827451501
2013-07-15,0.0031131564782046505,0.002195493997315707,0.0031715163476627234,-0.0046077457618609
2013-07-16,-0.0019306276014205692,-0.0012641265832872652,-0.001975851402833567,0.0013504253720682
2013-07-17,0.0032981971659187402,0.0028240501062678476,0.0022102026248129645,0.0012468406233573
2013-07-18,0.0037696748751728376,0.003507558492954933,0.0029892361496106547,-0.0043443128724838
2013-07-19,0.00011073243912358853,0.0035561205090901883,0.001420720824651968,0.0020666889318145
2013-07-22,0.0002260473690732065,-0.000314721805087743,-0.00020589585474945922,-0.0023497920971114
2013-07-23,-0.0014104308198653662,0.0001961742377120082,-0.0003832193977695835,-0.0001500957015411
2013-07-24,-0.0050776377997438634,-0.003960793627209103,-0.004525185049419439,0.0040508212264788
2013-07-25,0.0006028514773926369,0.0006208329610718403,0.00020153759454900574,-0.0007393849256602
2013-07-26,0.0005307527351617488,0.0006842604112716948,0.0008278289676431415,0.0013450137804893
2013-07-29,-0.002423355429386474,-0.001503429162906648,-0.0009971729153608038,0.0008852396663666
2013-07-30,0.001577720085217427,0.0004204565800628316,0.0010293197939094077,-0.0010193838357424
2013-07-31,-0.00033284206915840857,-0.0008867817116956239,-0.0007539664330056295,-0.0008990093943819
2013-08-01,0.006757437737018768,0.0030891937285790413,0.0034957075523842666,-0.0001972945798009
2013-08-02,0.0020698008877370016,0.002449536481222877,0.0028491113770585776,0.0005213444902938
2013-08-05,-0.00156433311691808,-0.0017943808388800556,-0.0025634574515676907,-5.664129702585938e-05
2013-08-06,-0.002974261498719804,-0.001552156228777551,-0.0025719507466279387,0.0019042417327147
2013-08-07,-0.003314451703074472,-0.0016478826111514197,-0.00175887531689488,-0.0006353595274244
2013-08-08,0.0020947333971081685,0.0015665015980537793,0.0015091172418415894,-0.0011495754651023
2013-08-09,-0.0035220031899693507,-0.003262025680032252,-0.003550780079673627,0.0017989252236233
2013-08-12,-0.0011307122005463643,-0.0015310795437154805,-0.0013154655838151972,-0.0042924484056535
2013-08-13,2.2966680067027008e-05,-0.0012437180624265503,-0.0007564079863853557,0.0011486488618822
2013-08-14,-0.0048243772259770395,-0.003978655157437687,-0.00494771254574705,0.003154580972245
2013-08-15,-0.014130554040835599,-0.013398138439620098,-0.012923554839680268,0.0007851328956327
2013-08-16,-0.0034569147760289123,-0.00469035164784682,-0.004493971204153856,7.14428181851128e-05
2013-08-19,-0.004053739903834646,-0.0036931247904034496,-0.0041489093327494835,0.0020272812889085
2013-08-20,0.0037946281304832145,0.002337383453743611,0.0027897661997180224,0.0015139404050367
2013-08-21,-0.006433382403094632,-0.006997248487196606,-0.00659232628209611,-0.0017622105858769
2013-08-22,0.005454873889125765,0.004498853060850069,0.00471824238744218,0.0008756173116624
2013-08-23,0.0051916609493130985,0.005050528114117055,0.0049753788062825485,0.000775044056868
2013-08-26,-0.0025427066581591687,-0.003393562086200293,-0.0032639374368617718,0.0021672131527735
2013-08-27,-0.00867125734104379,-0.006131914741292036,-0.006279071816262719,-0.0015613474844151
2013-08-28,0.00237563485640894,0.002015346794679215,0.001866510905547221,0.0030169114180375
2013-08-29,0.0024033352527388922,0.0017946420904509032,0.0016704935638698674,0.0035792339954066
2013-08-30,-0.00027703883820642903,-0.0004846011562941167,-0.0007317371930560373,-0.0012809082297797
2013-09-03,0.00018030771669397556,-0.001900679591367551,-0.0018611568619446327,0.0048348745094105
2013-09-04,0.00509330841935922,0.004786442211644252,0.004929694698165086,-3.138639072216807e-05
2013-09-05,-0.0021249201744877487,-0.0031789932600170007,-0.003230267124295376,0.0014044946205812
2013-09-06,0.000965361776206044,0.0014839820483513245,0.001601184830651324,0.0007884108134858
2013-09-09,0.006889482818129218,0.005436309159863325,0.005914809524486974,-0.0002148815666429
2013-09-10,0.006950840097675331,0.004808043509792044,0.004507864454420956,0.0023563360472717
2013-09-11,0.003207783206868092,0.0034107091536594598,0.0032743517686897525,2.4433759547194903e-05
2013-09-12,-0.002854330574827949,-0.0014130584677583087,-0.0016779705344144233,-0.0009935829551815
2013-09-13,0.0027562698764046125,0.0029184685579377164,0.0027628328514971213,0.0009459173528539
2013-09-16,0.005072736324268705,0.0010165234820907892,0.0049285373594190884,0.0003647785966056
2013-09-17,0.0027862994853437677,0.0031434830893855873,0.002666711649221943,2.699242016777399e-05
2013-09-18,0.016142588281670714,0.018928183168180273,0.015066140418071344,0.000142891891553
2013-09-19,-0.003929971174639141,-0.002379743327471079,-0.004213428593164024,0.0011325760083715
2013-09-20,-0.004132023304336782,-0.007331170249421073,-0.005094873249217487,0.0013820265347051
2013-09-23,-0.0033244386814218155,0.0022528007451131974,-0.0013669563368433162,-0.0032255800556368
2013-09-24,-0.0014986061544888126,-0.0011598323605501383,-0.0017055094212517297,-0.0029255147182893
2013-09-25,-0.002563484724400043,-0.002731595553263245,-0.0031072876874333024,-0.000713046445965
2013-09-26,0.002196091867349599,0.0009478981204751775,0.001771916982719155,0.0008476390567829
2013-09-27,-0.0037627029998787732,-0.0025372534067660355,-0.0035479908053508485,0.0003028122228698
2013-09-30,-0.004622754900104367,-0.004495118861499109,-0.0045164628608190096,0.0011149462380987
2013-10-01,0.005454727776079763,0.0029120098946046487,0.0036949703976996715,-0.0022672016152969
2013-10-02,0.0003151531652831093,0.002314729912003497,-0.00023287311661460947,-0.0014058311050625
2013-10-03,-0.0073752759003529525,-0.005945325701892995,-0.006271703723450318,0.003288839732051
2013-10-04,0.004657618405261116,0.0023590517208627033,0.0036738734931555683,-0.0018103303903745
2013-10-07,-0.0068732885096175105,-0.0031108729423766504,-0.00543352525407838,0.0026844865279898
2013-10-08,-0.007479553048998816,-0.004876035207251627,-0.0051059135789860675,0.0023113592497448
2013-10-09,-0.0006760829066766512,0.0005768012218728575,0.0005209750078270447,0.0017116793972421
2013-10-10,0.016755169028547977,0.011161161274108553,0.014575728552042028,0.0010119304370121
2013-10-11,0.004750030190221999,0.0033749910094592332,0.004719696446365841,-0.0016831209706916
2013-10-14,0.0036337457209624927,0.0010281781647322249,0.0017781677284688566,0.0027313755301334
2013-10-15,-0.005271491619298485,-0.003980835524509418,-0.005290529638659103,-0.001314370036377
2013-10-16,0.011956089780834489,0.01071379040648034,0.011950691793497944,-0.0009112488563189
2013-10-17,0.005555427546132601,0.007987622113900448,0.0061751388382085045,0.0023298180257228
2013-10-18,0.006412473847906791,0.0062140284095670165,0.00395560784057953,-0.0014409503508134
2013-10-21,0.000476249954711691,-2.2394042279287414e-05,-0.0009610727515143435,0.0054121190449432
2013-10-22,0.0037941692356163945,0.006479040438887667,0.006940006208127278,-0.0016376461331094
2013-10-23,-0.003022213770665696,-0.0038778179096896413,-0.002598364852969235,0.0067645323883594
2013-10-24,0.0020666053236385743,0.0024833448006653753,0.001056236463614071,0.001260638768226
2013-10-25,0.004015562692794382,0.0037723470804052342,0.003088436026102959,-0.0001350832935157
2013-10-28,0.0006113599622985173,0.001738544120137296,0.002430349377062603,0.0034624079790465
2013-10-29,0.006879502676748846,0.004597558127205765,0.005889002773251416,-0.0022275231011838
2013-10-30,-0.004719769614469704,-0.0038608205422625695,-0.004194809206895712,-0.0004199078878109
2013-10-31,-0.0016352186611684305,-0.0021071221843256796,-0.0019487120842079423,0.001171305085354
2013-11-01,0.002738127856262304,0.0005314502765051261,0.0022054997995533602,-0.0010365039571175
2013-11-04,0.0021892787415207777,0.0014357066428638786,0.002094839468526984,-0.00741572647985
2013-11-05,-0.0014327723439366885,-0.002220787441814433,-0.0025328919846136604,-0.0002211897027451
2013-11-06,0.005194937464097954,0.00531952895303326,0.0062881382552253205,-0.002163891028709
2013-11-07,-0.00928206718773485,-0.008011583968268857,-0.007134010800458742,0.00033117947705
2013-11-08,0.008245549985637583,0.003942255201723871,0.004212226269819225,0.002981379709497
2013-11-11,0.0002412218567018875,4.655022399797179e-05,-0.0007548301878381319,0.0011737763661752
2013-11-12,-0.0006598481913805905,-7.547169000826511e-05,-0.0005556755907366457,-0.0025081612432233
2013-11-13,0.007167920574991442,0.005253505576682412,0.005367104171747521,-0.0024967310268335
2013-11-14,0.002488838815743004,0.005318770838213272,0.0029437057891336747,0.0030182771615129
2013-11-15,0.003926859015294207,0.0030927072005850153,0.003256333298510368,0.0001823813613913
2013-11-18,-0.00191192909711828,-0.0010118267711989061,-0.00017345705168396645,0.0023375053155906
2013-11-19,-0.002802266065146279,-0.0022892878560555807,-0.0016337454186191556,0.0007970812942573
2013-11-20,-0.003979105932388318,-0.006727191945467698,-0.0048348063582796365,-0.0041785157964757
2013-11-21,0.007146888040520048,0.005136683799573832,0.005253508584252418,-0.0016071393789643
2013-11-22,0.002326868094996027,0.003103001471574527,0.00246520967027411,-0.0002572127378841
2013-11-25,0.0009322422699398478,0.0012223673331725922,0.00098850482278914,0.0008813198597241
2013-11-26,0.0005086840091924148,8.051090744298287e-05,-0.0005067205423408966,0.0003868256783271
2013-11-27,0.002017980379605668,0.0007684666713377823,0.0008976848195152564,0.0010780097513649
2013-11-29,-0.0003655907812335121,0.0003736365850623228,-0.00033756293939014604,-0.0001180805293155
2013-12-02,-0.003219160891230009,-0.005319180763518609,-0.004161654042168369,-0.0025661681820944
2013-12-03,-0.0023737429692270735,-0.0006335855169222421,-0.0010214934065512038,0.0005458846880537
2013-12-04,-0.0011846781399016757,-0.00046374579550508157,-0.0016319209793577232,0.0015059347592211
2013-12-05,-0.004152690063311993,-0.004616486680271323,-0.0041506092417863995,0.0027187993197728
2013-12-06,0.009211941378084582,0.008072307772136474,0.00945705672580353,0.0007190137971164
2013-12-09,0.00043716795539264,0.0015797398384216276,0.0006272753098968235,-0.0007440237172604
2013-12-10,-0.0018091246985806491,-0.00040615683337113384,-0.0025662676237764794,0.0030995664067817
2013-12-11,-0.008738859913754666,-0.008220631774671234,-0.007509714622281623,-0.0011605614558054
2013-12-12,-0.004729989666505178,-0.004731063858118898,-0.005479573515401076,0.0026179567708155
2013-12-13,0.0008189600749555592,0.0006405310926827492,0.000736025220131855,0.0073243608149496
2013-12-16,0.004215533463592216,0.0034972039995665198,0.00391094947287285,0.0004411002745012
2013-12-17,-0.0014267595123737666,-0.002821766620751553,-0.0029279218539086374,-0.0004785157801386
2013-12-18,0.01218095018421504,0.012019892195181979,0.011442793974021044,-0.0004632279788934
2013-12-19,-0.00017515375091024115,0.00010148969427602731,-0.000969053456623002,0.0011286692641817
2013-12-20,0.004601847868887312,0.003919466626669338,0.0041696327383609795,0.0006555211369705
2013-12-23,0.004004294874398042,0.0028767635618309963,0.0026914016415871267,-0.0020270251793274
2013-12-24,0.0018503464580042377,0.002076841747754013,0.001968690125077727,0.0009788065321594
2013-12-26,0.003618669731843565,0.0035876393621390302,0.0033913078077136257,-3.550884384192067e-05
2013-12-27,-0.0006962677784909011,0.000861776695441832,0.00033415149800884085,0.0007660059265239
2013-12-30,0.0010471149221718747,0.0016043752963787838,0.0009589398602139616,-0.005124671942164
2013-12-31,0.002318058089560451,0.0012707458681613763,0.001353500910154792,0.000102802444304
2014-01-02,-0.005760933684014759,-0.005188949493528903,-0.004756902839410551,0.0018204886095996
2014-01-03,-5.022160457679208e-05,-0.00012657661860664764,-0.00025791220947653606,0.0004934465254044
2014-01-06,-0.0015148943542912905,-0.0009420908085667394,-0.0009240162786108047,0.0014137393807669
2014-01-07,0.0045941815471981125,0.006180702817057041,0.005034507121861586,0.0030518394824326
2014-01-08,-0.0017054268653234523,-0.003465904364244767,-0.003325496582047729,-0.001687258467514
2014-01-09,-0.0014426598708940145,-0.0008828439132528231,-0.0005831333131456299,0.0016776640712912
2014-01-10,0.0027348834769574514,0.003826300009018596,0.004036341301438382,-0.0015014541642552
2014-01-13,-0.008713272875523289,-0.007712610142051547,-0.007673236425527781,-0.0018537516228543
2014-01-14,0.006912606940365222,0.0047735417381548385,0.004717074014635607,-0.0021756424632022
2014-01-15,0.004120870233557143,0.004084922695794926,0.003908489245504051,0.0006414264055523
2014-01-16,-0.0007676389952538029,-0.0007704348915357984,-0.0005247041791355938,-0.0026309135373056
2014-01-17,-0.002689885943710647,-0.0034248984605021776,-0.00226597387987503,0.0004803159997865
2014-01-21,0.0016079621133393241,0.0010293341058580183,0.001217309172548834,0.0027605712061934
2014-01-22,0.00039340449872643843,-0.0008229311136036653,-0.0008415000587722521,0.0003404397860899
2014-01-23,0.0009185430681793114,-0.001051756816994241,-0.0028353548126397645,-0.0027697741404571
2014-01-24,-0.014264435811666313,-0.011533049691493416,-0.012422069373726276,-0.0011979092175152
2014-01-27,-0.004095266580021397,-0.0022880630575243996,-0.0027251148979894326,0.0029391707274391
2014-01-28,0.007969631588144696,0.004711109105608565,0.005257148393413148,-0.0009777412715985
2014-01-29,-0.008325209340182263,-0.00733317881857304,-0.006541822314640918,-0.0023857306123428
2014-01-30,0.007728195358347596,0.0058882554556283365,0.005982485658703039,-3.3559252298574985e-05
2014-01-31,-0.0031563585573429324,-0.003297127628803207,-0.002792938386772366,-0.0076072187653141
2014-02-03,-0.014280451996085335,-0.01580735524284619,-0.012708355691700158,-0.0032748905694496
2014-02-04,0.0032751134537050614,0.002532634479035717,0.002015699121071067,-0.0012192720949161
2014-02-05,-0.001496820010947121,-0.0018520974727143438,-0.0016255051651044318,-0.0036238968091613
2014-02-06,0.008395773281110111,0.007964003771378103,0.007411295603502175,-0.0020013795625122
2014-02-07,0.011133941786449393,0.00912105331152952,0.008495337980958872,-0.0012423101057102
2014-02-10,0.0013866261666059087,0.001177338159030681,0.0016304874920266426,-0.0045790697267522
2014-02-11,0.008107664689542916,0.008645384992022831,0.007530120036361192,0.0032424883178656
2014-02-12,-0.0008773661221231072,-0.000652315234053774,-0.0009162893515747128,-0.0099085507978102
2014-02-13,0.0065981978196387086,0.005384483466443617,0.005145005444644493,-0.0037666802495912
2014-02-14,0.004616415101380077,0.0044850474239622575,0.003860606392919672,-0.007303854333633
2014-02-18,8.900620010701178e-05,-0.0015727015893807726,-0.0008491572393573255,-0.0042288312930065
2014-02-19,-0.006818134529850039,-0.00512472926012661,-0.004670852230739313,0.0015995823843371
2014-02-20,0.005045209799597857,0.0046007342597891,0.004216989171220776,0.0009373104943607
2014-02-21,-0.0011365271779770333,-0.001249751439040255,-0.0005336155990114059,-0.0001544768045335
2014-02-24,0.005737212869195205,0.003925255545541773,0.002328981474361249,-0.0031239734696181
2014-02-25,-0.00015082037342725076,0.0006436497468714963,0.0008651458919230274,-0.0027040783387543
2014-02-26,0.0006814770214828382,0.0017894069510303212,0.0012616224710908215,0.001081893038897
2014-02-27,0.005418219307743896,0.00391518567018779,0.003545544356043811,-0.0021352254031547
2014-02-28,-0.0008033295137613183,0.0018303257492586337,0.001403087485558236,0.001708938758217
2014-03-03,-0.004813932726522267,-0.004096947110512512,-0.0036512558257855527,-0.0005602724663701
2014-03-04,0.010212520422396147,0.007845059547444093,0.006395681250549759,-0.0008412694622744
2014-03-05,-3.570561191222995e-05,-0.0010016429917932054,-0.0012475930095546678,0.0031242197060794
2014-03-06,-0.00015720436872302337,0.00031283521658388784,0.00024871290038473346,0.003675824759594
2014-03-07,-0.0018773317173334772,-0.0008606514949496891,-0.0013485332852989024,0.0017597696783798
2014-03-10,-0.0021009325552756287,-3.1708031863713655e-05,-0.0007810054594870974,0.0032155024099722
2014-03-11,-0.0015602622677283553,-0.0013554421163450246,-0.0005420982999448304,-0.001357415252897
2014-03-12,0.0015265033282527874,0.0016049518512583135,0.0028503461025606827,0.0008436332236585
2014-03-13,-0.009003996915551045,-0.006213607236545821,-0.004622346038833251,-0.001253446826888
2014-03-14,-0.002853818784259189,-0.002466203564289354,-0.0016127169235884086,-0.0002372698789959
2014-03-17,0.006079196778942234,0.005509179011595017,0.004313763332475132,0.0009991755785111
2014-03-18,0.005255764155059257,0.006481150514568781,0.0035928102374718583,0.0017090962150103
2014-03-19,-0.005262931492640655,-0.004301471364150862,-0.006977255139880128,0.0014934982111856
2014-03-20,0.005971573785650733,0.005741454929254294,0.005427529743044586,6.614576400120617e-05
2014-03-21,-0.00371505568479943,-0.003052154382541905,0.0005110434047576811,-0.0034441807617785
2014-03-24,-0.005257248189328143,-0.003864013087761969,-0.0005191676377538317,-0.003728161601632
2014-03-25,0.002348433716371498,0.003943457722826973,0.003219742038359127,0.0025751259059523
2014-03-26,-0.005299070956220196,-0.004738238346804465,-0.00310831508915632,0.0011083094273242
2014-03-27,-0.0013911540837104094,-0.0013948630628963146,0.000889984788093192,0.0009910664414214
2014-03-28,0.002251806185631611,0.0027572220913911274,0.002360841444289727,-0.003219039615355
2014-03-31,0.004444284864646469,0.004177702486647908,0.0044506255321183005,-0.0041774278361025
2014-04-01,0.006106616614787181,0.007733573461759473,0.0014905966551910484,0.0021408081128514
2014-04-02,4.555019031937893e-05,0.000987782666509283,0.00024551948297898914,-0.0012756476509979
2014-04-03,-0.002456212005723923,-0.0014155361804977695,0.0005324860491855343,-0.0042291051013879
2014-04-04,-0.009085580475973463,-0.0090264208021055,-0.0031782203005043504,-0.0005827008039768
2014-04-07,-0.005384293298827019,-0.00557911394217876,-0.003138331571856329,-0.0004590638159477
2014-04-08,0.007726867698894918,0.007171122678397918,0.006569948071967495,0.0018415993493972
2014-04-09,0.006576266712959014,0.006514647522507645,0.003336043360125138,0.0035074889970878
2014-04-10,-0.014496858763544519,-0.014077220947051133,-0.008136493370858389,0.0002916656235116
2014-04-11,-0.007892704151154041,-0.008212078875940679,-0.004362601051322806,-0.0029315976976278
2014-04-14,0.006272067531128938,0.006786878999317132,0.005068244798404905,-0.0023581968741391
2014-04-15,0.004170810730144442,0.0032868222042729827,0.004765544465130855,-0.0016576555874736
2014-04-16,0.007045833190618637,0.006835757201671695,0.005742866234151498,0.0012913819562563
2014-04-17,0.0013189905303367146,0.0014897495366396462,-0.0009455657047771962,0.0008859660345991
2014-04-21,0.002394666811979073,0.003216046529909838,0.0015377402855774364,0.0001071133877894
2014-04-22,0.005445022478802913,0.005565489419260007,0.0023288050932334073,0.001938856094623
2014-04-23,-0.003131078900824102,-0.002884508199731534,-0.0019364031575001424,-0.0010658977876598
2014-04-24,0.001262952948269715,0.00286181054524468,0.0013053964559525523,0.0019597983531703
2014-04-25,-0.00914497151099964,-0.009127976752536331,-0.0029405119925226685,-0.0042615015811472
2014-04-28,-5.6570470127770584e-05,0.00203209713473012,0.002928617306841487,-0.0002929408819223
2014-04-29,0.0034122885262849413,0.0026204591810954744,0.001627711026895003,0.002246085021349
2014-04-30,0.0024167459159594434,0.0016285499723006516,0.0022912326061461418,0.0007262378943855
2014-05-01,0.001773698690704685,0.0010788803820309056,0.0004978193063749976,0.0022365727173922
2014-05-02,-0.00044544177169899505,-0.0002456370919575478,-0.0012363964218114229,0.0034263110088399
2014-05-05,0.0003651118400149623,-0.0010422209078864851,0.00010669213954504159,0.0023895161268374
2014-05-06,-0.00901582548189619,-0.009307036210158257,-0.004972382819404244,0.0002796622696518
2014-05-07,0.0027357993174643353,0.002911922192541807,0.0048332029490410645,0.0003565027326027
2014-05-08,0.00018445752532495873,0.0009902186197277725,-0.0005553257048386704,-0.0012167735387396
2014-05-09,0.0010783030868356848,0.0012311407827335123,9.96588272891046e-05,-0.0023411732187918
2014-05-12,0.009129700864470717,0.009882827128163397,0.003572395250902394,-0.0028693115375657
2014-05-13,0.0009755719663906055,0.0005144190899107231,0.0014549610415778213,-0.0025715359880072
2014-05-14,-0.002140031628104335,-0.003378837923542662,-0.0004188216578276034,-0.0010664901931221
2014-05-15,-0.0060483446000480345,-0.00644896351751272,-0.004443543912099396,-0.0005633350227104
2014-05-16,0.0030322301872408516,0.0023630437986550826,0.002296076064083023,-0.0017455433803619
2014-05-19,0.0038155310547820656,-0.0006249271592923749,-0.0014748652690678942,-0.0024537933370857
2014-05-20,-0.0035966315801722673,-0.002985847034252775,-0.0030329739856314983,0.0031204245294736
2014-05-21,0.006462580575669213,0.004894616783661332,0.0035161549158129264,-0.0016830813999564
2014-05-22,0.002971158414586865,0.0021661368940500327,0.00159817419109125,-0.0007534276930867
2014-05-23,0.005153003805423582,0.0022500961769821976,0.002315468333383054,-0.0031215773875491
2014-05-27,0.005569681896192825,0.004478313680544868,0.003067305364615615,0.0019206150492862
2014-05-28,0.00018263884840848604,0.00019179091065240294,0.001201150436661395,-0.0023404322502039
2014-05-29,0.004903555631094346,0.0036104809884914915,0.0025590587182445826,-0.0029868191907005
2014-05-30,0.00034613478088084046,0.002454654128916698,0.0014355032009540478,-0.0016929033637196
2014-06-02,-0.0006314443638228927,-0.0006773453924391661,-0.0015519698253048954,-0.0003149682519515
2014-06-03,-0.0017082184475967765,7.022638343702986e-05,-0.0022295068341590656,0.001616684211946
2014-06-04,0.0014346946646835144,0.0011199839298586367,0.0006001536702018351,-8.167543583048527e-05
2014-06-05,0.0067838102749573715,0.006236601560589805,0.005104382064799808,0.0007071301602546
2014-06-06,0.004229276753438665,0.0030260594924852243,0.002262848973875598,-0.0009336677064387
2014-06-09,-0.00020623453453071143,-0.0006407997311513188,-0.0009390403545204407,0.0022122383508271
2014-06-10,0.0008891468245628454,0.00042586500993637783,-0.00020926555139701874,-0.0005527366964113
2014-06-11,-0.00264922638493782,-0.004544788742213256,-0.003237126596631216,0.001561832684751
2014-06-12,-0.005600861143712977,-0.0033148814646451943,-0.0020208802701902552,-0.0018360717502581
2014-06-13,0.0042994407771731035,0.004468507383715859,0.003463304200593834,-0.0009762502717765
2014-06-16,0.0005918835592053164,0.001876219779473655,0.0014682762790119445,-0.0016702993221257
2014-06-17,0.002046072110263248,0.0001296806139212286,0.0004969931317084674,-0.0022147543640986
2014-06-18,0.00903650595089571,0.00811403816429449,0.008366712122464749,0.0018491163027086
2014-06-19,-0.0005269770619674389,0.001036363730310152,0.0014408920964527048,0.0001322417065971
2014-06-20,-0.000217948937258765,0.00023710662156839723,0.0003869876769128557,0.0012594281470177
2014-06-23,8.685326897285952e-05,-0.00030296273650532444,-0.00013027902218184216,-0.0004950940631244
2014-06-24,-0.0030164479910821146,-0.0020155510567112065,-0.002065531586362703,-0.0008889389832388
2014-06-25,0.0038940626063148323,0.0031774537495837295,0.0031892846029289872,-0.0015683373279162
2014-06-26,-0.0009676606886183551,-0.0011153380936233638,-0.0009741824699809644,-0.0017045001005325
2014-06-27,0.0018787559773764538,0.0017443535138256846,0.0014083828394372763,0.0045350991768738
2014-06-30,0.0003478403922026909,-0.0004256019100733531,5.995816506348362e-05,-0.0001948118950727
2014-07-01,0.005416489424268677,0.003119082931781521,0.002557344589339194,0.0003362002656667
2014-07-02,-0.001298653875507446,-0.0005313931114536841,-0.0014596641409763379,-0.0015084461011843
2014-07-03,0.0030313064641869845,0.0021825148172443538,0.0017041619761336616,0.0007638305369295
2014-07-07,-0.0024540397835453877,-0.0010836379778562384,-0.001374401170597531,0.0015653029499533
2014-07-08,-0.004928897597628664,-0.0019147738798288032,-0.002083037733100674,0.0030650723906327
2014-07-09,0.0033554116130038586,0.0037434407199253093,0.003321732660146983,-0.0012619878587672
2014-07-10,-0.002818372686472843,-0.0020992943590142778,-0.00176995409761956,-0.0020432097648507
2014-07-11,0.0020101029068540065,0.0015422172153569985,0.0011514586464718242,-0.0012942403004271
2014-07-14,0.004070847130904075,0.002047742599776081,0.0017211640818401842,-0.0018407077356073
2014-07-15,-0.000654529062559154,2.647172265375627e-05,-0.00016385563005678127,0.0068825603008356
2014-07-16,0.003031124374796819,0.0019243080757525319,0.003531577448622962,-0.000577195362076
2014-07-17,-0.007577244171875055,-0.005840008797147057,-0.006087911504265811,-0.0066639165536589
2014-07-18,0.0056228107446354165,0.005741803750839163,0.0057180585874515395,0.0011333446039043
2014-07-21,-0.0011184815881811639,-0.0019726031578323287,-0.001659784183154573,-0.0021961445449068
2014-07-22,0.0016775174269091759,0.0003152545650209024,0.0007344191360734822,-0.0019631642201438
2014-07-23,0.00024801667849343114,-0.0004401225711498413,-0.00018072413134902354,-0.0002437481697554
2014-07-24,-0.001448119110317946,-0.0010528118368537374,-0.0013191065567845156,-0.0009915149455684
2014-07-25,-0.0024316580322670373,-0.0014018625130314526,-0.0018603027901856939,0.0033398888088562
2014-07-28,0.00011935818456800169,0.00018556810776700265,-9.790760893935456e-05,-0.0003294177901845
2014-07-29,-0.003522844314163195,-0.0031022570370743538,-0.0031852977010071388,0.0018085457882486
2014-07-30,-0.0010994603860777774,-0.0025379966517676904,-0.003414630197290163,0.0012241714703857
2014-07-31,-0.016139147703809024,-0.014693924915180494,-0.014846339391324657,-0.002746023011979
2014-08-01,-0.0008899295479088239,-0.00048100864034726523,-0.0004469737208372755,0.0032781028928643
2014-08-04,0.004002083251530084,0.003210394382080934,0.0036212783746535984,-0.0030151330695681
2014-08-05,-0.005751849926539966,-0.005383697375419892,-0.005857528529384369,-0.0010147914603237
2014-08-06,0.001000832380847873,0.002102621292364349,0.0016983306224129207,0.0044203271310282
2014-08-07,-0.0010779552822492433,-0.0005117797571128759,-0.001328897949678102,0.0024221140739099
2014-08-08,0.008886715677350922,0.007750315472910245,0.007692495232741514,0.0027775516576608
2014-08-11,0.0028980334181465056,0.0018827483740799164,0.0018054919890845857,0.0002829994610142
2014-08-12,-0.0014616070152698216,-0.0015120663885803502,-0.0012363070596499873,-0.0024796880141236
2014-08-13,0.006370110435442395,0.005405319937055884,0.005179016359936167,0.000275271359748
2014-08-14,0.0027222316373594706,0.003033141938288864,0.0031365443210347975,0.0019883529790937
2014-08-15,0.0026111267750498148,0.0004741086553050591,0.0012158004062334373,-0.0013714166953146
2014-08-18,0.005599273756700352,0.0048562711283609145,0.004020635481961614,-0.0007945962127059
2014-08-19,0.003627604673892301,0.0023287088252347747,0.003201725889846551,-0.0029190415397176
2014-08-20,0.0008884700093885575,0.0005600797563393538,0.0008117521267634411,0.0011216831429824
2014-08-21,0.003290629261248149,0.003661998862909293,0.0030092357880760414,-0.0027811541790785
2014-08-22,-6.561241325940716e-05,-0.0021056497497022922,-0.00079698745705993,-0.0001296717380271
2014-08-25,0.0029169404785493722,0.0031583152597406024,0.0031992580953735554,-0.0033465113820742
2014-08-26,0.00042382406111422295,0.000533587646175655,-7.596673672144055e-05,0.0024801214872515
2014-08-27,0.0007422010351166648,0.0018445646423050118,0.0019322093285201935,-0.0002685554312382
2014-08-28,-0.0003084725536307727,6.221082519453497e-05,0.0005416482856773618,0.0003384080350086
2014-08-29,0.0029068505275268957,0.0025563933893056863,0.0020695757670895908,0.0001489646412013
2014-09-02,-0.0022487903688163786,-0.003158050581810322,-0.0036450601604096572,-0.0017529512662764
2014-09-03,-2.0734659695178172e-05,0.0016946226812172133,0.0008586877427298732,0.0065282635025258
2014-09-04,-0.0015493112091223649,-0.001970378784077461,-0.0020307281058661577,-0.0002995800489989
2014-09-05,0.0033599486287429338,0.003277212345897738,0.0033805271650053574,0.0014362743302453
2014-09-08,-0.0011605361756983393,-0.0030615501769466185,-0.0030066006881918727,-0.0035304799754744
2014-09-09,-0.006599309794409835,-0.006594950934813902,-0.005812394335850084,0.001100793414068
2014-09-10,0.002569925027332261,0.0026583104722965093,0.0021474144844670757,-0.0027246975549917
2014-09-11,0.0005028053694560877,0.0015130925490217224,0.0004493854579068172,0.0008059785353655
2014-09-12,-0.006086254214979153,-0.00509565193303129,-0.005578605635030756,-0.0017095860061256
2014-09-15,-0.0026497976804884544,0.0004014337194874874,0.00043711316046389807,0.0017994275849233
2014-09-16,0.004817409404838182,0.004528349084379591,0.004744756917345277,0.0012332270501886
2014-09-17,0.0006342520380683503,-0.0007313509121717521,0.00028925664826758024,-0.0005494604384917
2014-09-18,0.003509483274268744,0.002918495133147295,0.0028718642950834126,0.0007810890822419
2014-09-19,0.0008037827002919444,0.0017406139141594298,0.0026030551621433373,-0.0051323415037594
2014-09-22,-0.005309677870068888,-0.0049010223654939655,-0.003854904143538007,1.716611687913814e-05
2014-09-23,-0.00352730927545289,-0.003052293635038113,-0.003979950084782656,0.00091322701598
2014-09-24,0.004847497631726066,0.003683573531081097,0.00485073328196133,-0.0005294464223117
2014-09-25,-0.011950175170316775,-0.008727632613996419,-0.00927776054179125,-0.0009250250725356
2014-09-26,0.005694416922797661,0.003922114445578644,0.004124886676676071,0.0016637311852399
2014-09-29,0.00029552521883190717,0.0001909588017716384,-3.371119525482891e-05,0.0003865234531637
2014-09-30,-4.860186961439828e-05,-0.0009646800190871551,-0.0008090988049227417,0.0020242121738141
2014-10-01,-0.007699226882132822,-0.004402427485761537,-0.005027351032146925,0.0010940872549972
2014-10-02,-3.046831233270336e-05,-0.0003819183298363019,-0.0006073205579568799,-0.0004131383910048
2014-10-03,0.00851192637833782,0.006235336248663706,0.007100449855834279,-0.0030003508080707
2014-10-06,-0.00020432885958361662,0.0007814653297062076,0.00010669045637846052,0.0012560606949599
2014-10-07,-0.009268293894321114,-0.006754951131129144,-0.006871901017749927,-0.0005110219032497
2014-10-08,0.014473614801746342,0.012696273919199114,0.012351876213896116,0.0032853222600016
2014-10-09,-0.014348204084243268,-0.013315335820077242,-0.013175817661828635,0.0008801283400106
2014-10-10,-0.009680073567800488,-0.006189675906623032,-0.0041300115009741,-0.0071257043651305
2014-10-13,-0.009546647197615681,-0.007337165677139256,-0.008448115311229182,-0.0055461866095622
2014-10-14,0.003678191423371757,0.0031633547539940085,0.0017600350089642188,-0.0001475235873858
2014-10-15,-0.005899238693942418,-0.005511239208296215,-0.004964204606731405,-0.0048823665456446
2014-10-16,-0.011693270696660592,-0.0035073233623082877,-0.0030134215400402656,0.0054987725333808
2014-10-17,0.01065248420427994,0.012865785769832402,0.00788737934129859,0.0089702281046861
2014-10-20,0.007241181445121992,0.006316582390562028,0.00726227911713904,0.0054644245151561
2014-10-21,0.014724093233418202,0.015472558715130867,0.0053784851189474445,-0.0003831653724772
2014-10-22,-0.0054407391686759786,-0.00781368120540016,-0.003466332418846171,0.0011849458711223
2014-10-23,0.00941727775214749,0.008428549718303676,0.0027356193956281044,0.0033383931958821
2014-10-24,0.006896951777314267,0.006628428098747975,0.005128556121568755,0.0021661043281154
2014-10-27,-0.0015890944296134818,-0.00069447177204243,-0.00037355034660571754,0.0014843677479688
2014-10-28,0.00995670066239022,0.010525764509732607,0.005124777159682774,-0.0015823508441053
2014-10-29,-0.0018865111989227854,-0.0013443410976897011,-0.0018327668726604894,-0.0004839790859938
2014-10-30,0.000515192662285962,0.0029015027203091225,0.003503876476523418,0.0010011472173197
2014-10-31,0.012771675056917394,0.011761079565420185,0.004764881312916739,0.0017318558360074
2014-11-03,0.0012854144241952411,6.076582484879501e-05,-0.0003786769094145114,-0.0022778670019665
2014-11-04,-0.00012977180074217695,0.0005421502118699593,0.0011787383047166013,0.0019416603111319
2014-11-05,0.0022040140184048846,0.00235646627171955,0.0029989553728592337,0.0002456578555773
2014-11-06,0.0032603854381052875,0.0038702552034706036,2.71676397320619e-05,0.001112147455196
2014-11-07,0.0009464844622066203,0.000873974685171173,0.004901049854965597,-0.0032993316221037
2014-11-10,0.0015329620539223168,0.0020750150006034486,-0.00018512599692586864,-0.0013315980821653
2014-11-11,0.0002075202509718489,0.0007208396240608934,0.001054548892579912,-0.0021930617509377
2014-11-12,-0.0006766007919794927,-0.000770401334929035,-0.002062798680603591,-0.0050095090669015
2014-11-13,0.002120756907783433,9.575960566089487e-05,0.0016310940162748541,-0.003431674673984
2014-11-14,0.0015684579517899959,0.0036184488576475305,0.0015826145597939768,-0.0018172231006674
2014-11-17,0.0001615835453685149,-0.0004598421691151432,0.0001567286091401538,0.0005543205826192
2014-11-18,0.00268162597830855,0.0029345005467607812,0.002369043757682622,-0.0035877119955534
2014-11-19,-0.002659296508466603,-0.0031555677281196975,-0.001842869369360648,0.0019558418860614
2014-11-20,0.002778707601126374,0.00292855293841009,0.0015440883850969987,-0.0054615845544
2014-11-21,0.003660559725086162,0.0045150426852811395,0.004224970742935854,0.001292053029696
2014-11-24,0.000897914783373052,-0.0004916767573442762,-0.0007012827099735694,-0.0043177308636104
2014-11-25,0.0006955054060219472,0.0016399537982155243,0.001296089655919472,-0.0011161034373616
2014-11-26,0.004132124857873398,0.002813746787044798,0.0034160871453192917,-0.0031830974335718
2014-11-28,0.0024610545172502225,-0.0015864683538271993,0.001603247196088313,-0.002466138986819
2014-12-01,-0.005749753138510001,-0.000393180465342164,-0.003743490585975828,0.005623165919554
2014-12-02,0.0017055694401454829,3.0178086162287057e-06,0.0006212344436433896,0.0029389614997666
2014-12-03,0.000551522337797239,0.0015114897434124828,5.072276290191282e-05,7.235679286047731e-05
2014-12-04,-0.0006168610485125142,-0.000399754869870452,-0.0006272160111093772,-0.0003656476851149
2014-12-05,-0.0011819872250071486,-0.0033825607504194984,-0.0016377940897938737,-0.0003651333512039
2014-12-08,-0.003923019885660276,-0.001465864110651049,-0.0030451833257919584,-0.0049430999812615
2014-12-09,-0.0007398113331530731,0.001867461763941284,-0.0016986139339093388,-0.0001933776077576
2014-12-10,-0.011413484004246674,-0.00942967481766347,-0.01075998469936934,-0.0005457828157534
2014-12-11,0.0027732874585935157,0.002217173343221119,0.0027502425117392417,-0.0021944790811682
2014-12-12,-0.008844771749539274,-0.006309197480968189,-0.008705459277796493,0.0077669211292435
2014-12-15,-0.004945339095794798,-0.004115193268051131,-0.0047533745658325625,0.0022990832371516
2014-12-16,-0.006986021383638484,-0.005906899693941428,-0.004650112800202125,-0.0002981370292191
2014-12-17,0.014625996082626425,0.017418459737640772,0.013373216860930915,0.0010697416489584
2014-12-18,0.019044856629667158,0.020182616975844968,0.015828059657311704,0.0048799874209987
2014-12-19,0.0019701948927021203,0.003180327987574362,0.002741856470925151,-0.0009516987404592
2014-12-22,0.00666789472171156,0.005860553145379088,0.005271061203437399,0.0008367730780073
2014-12-23,0.000755512715490837,0.002729357840596295,0.0005890957239809512,0.0005528007876422
2014-12-24,0.0015249997599467249,0.0003015539957291642,0.0018637735073989974,-0.0005281507321692
2014-12-26,0.002929651824696568,0.002141033769310973,0.0032842900995159723,-0.001182903630316
2014-12-29,0.00015102537979233546,-0.0006708511463368197,0.0006305621920614024,-0.0035829796341759
2014-12-30,-0.005514675138883429,-0.004330894684086885,-0.004298455559238355,0.0002239081939583
2014-12-31,-0.00856159746342185,-0.008498312143254805,-0.008031462405828629,-0.0005892003511705
2015-01-02,0.0001350918411940185,0.00014611614051399417,0.0010405672818211873,-0.0009027095599185
2015-01-05,-0.010942454181040008,-0.01312806813534155,-0.008745117512820061,0.002384785983061
2015-01-06,-0.0036613282273170716,-0.005242359092296896,-0.001088946903853867,0.000456582885228
2015-01-07,0.008974151819462556,0.00949169328286936,0.008408126989712186,-0.0021107210685818
2015-01-08,0.013332001163620157,0.013311575749738841,0.010115278768178382,0.0012727522566015
2015-01-09,-0.004086284791347073,-0.004743852486091519,-0.0034534940995227968,0.0035284749643507
2015-01-12,-0.0037715483039936853,-0.004921347441937371,-0.0022832712625647767,-0.0001549902210039
2015-01-13,-0.00014872987820228588,-0.0008726926941763971,-0.00025158535602646436,0.0003187437565639
2015-01-14,-0.0033331744870755318,-0.004205975236002006,-0.0029813503614781493,-0.0003278301828846
2015-01-15,-0.0021236193013443655,-0.010139685112676905,-0.001860849437540221,-0.0088186730134523
2015-01-16,0.007464122860883282,0.011969429440076703,0.007036756433598789,-0.0039313042624298
2015-01-20,0.003238608350700889,0.001230511140341289,0.0031386574935657018,-0.0068917399613189
2015-01-21,0.0036821624053436242,0.008364091978624567,0.0035896317464954954,-0.0037924399328321
2015-01-22,0.011393470936773288,0.017446698455345452,0.010079036804356534,-0.0034868521453026
2015-01-23,-0.005416234578931706,-0.009025529050794725,-0.004966123416029474,0.0028066754221407
2015-01-26,-0.0006771074808620525,0.0018955640831027267,-0.00019809101354508596,0.0026293824413715
2015-01-27,-0.013138817643025961,-0.015940734081375783,-0.01081786333622016,0.0016072610451108
2015-01-28,-0.0065468674206204435,-0.013118732693782009,-0.006051755460939461,0.0001070973218159
2015-01-29,0.00802793594213063,0.010865296288920141,0.007051947531126327,0.0067313854759938
2015-01-30,-0.011190482911640607,-0.009765715585108645,-0.008517921287914261,-0.0095211478696083
2015-02-02,0.008795022983518358,0.01254472404669025,0.00829211157242297,0.0066007133157148
2015-02-03,0.006515136576900641,0.015173035834499408,0.006438549600080607,0.0022217022044881
2015-02-04,0.0003188336573063,-0.0020947015228881694,-0.00025351799292077775,0.0010491537466333
2015-02-05,0.006754342433638595,0.009542272656476695,0.006211486228510961,0.0012477172004438
2015-02-06,-0.007585794271694687,-0.0003746646748441177,-0.006708378205927724,0.0009951850814297
2015-02-09,-0.004263801421018476,-0.003907073728457737,-0.004150485213810403,0.0005827563855162
2015-02-10,0.00989362435786466,0.008098967638028042,0.008540323629052242,0.0008764370407782
2015-02-11,-0.001410156160222312,-0.00016897150359749651,-0.0013946068111623906,-0.000353779990624
2015-02-12,0.008221106546106395,0.01189250160458267,0.006530295378100418,0.0063961875866079
2015-02-13,0.00013914296055733482,0.005984958625058691,5.211111985381516e-05,0.0011727953683333
2015-02-17,-0.0015063388778506154,-0.0036317479377053806,-0.0021352480390240303,0.0029670460147669
2015-02-18,0.0026671316041436384,0.003877876564746358,0.0025931654199324032,0.0063036777743251
2015-02-19,-0.003544512382286283,-0.0043642249877418795,-0.0034828062158065195,0.0024219179079289
2015-02-20,0.004163022873261706,0.0027268846535231563,0.0036229826896361796,0.0007695337576157
2015-02-23,0.0011573440466618918,0.001393096613243146,0.0006491024703554584,0.0022288786566982
2015-02-24,0.004468489059051799,0.004592424749600787,0.004464497526065721,-0.0023596134485952
2015-02-25,-0.000897092770041079,-0.00042063964398699757,0.00013057175509908946,-0.0022503831743866
2015-02-26,-0.0008204033901912703,-0.0010184469424678554,-0.0007406066997458776,-0.001344033445299
2015-02-27,-0.0011247343112178007,-0.00011171647787281994,-0.0007721736511397297,0.0013777887791039
2015-03-02,0.0014203184458018898,-0.0016899883012965998,0.0006416846624406169,-0.002578709531347
2015-03-03,-0.0033873275237825385,-0.0027121579925178684,-0.003088038937858702,0.0023543037374817
2015-03-04,-0.004211125619343334,-0.004163299847329986,-0.004241576483260831,0.0025831019149231
2015-03-05,0.0014086892409465124,0.0016658485188271012,0.0014380251951438543,0.0020012573350965
2015-03-06,-0.01491271425169365,-0.017097667115746965,-0.015067039172046106,-7.128365579321615e-05
2015-03-09,0.0035127789673202905,0.0029529566878446754,0.003096089321129069,-0.0002660898321281
2015-03-10,-0.011134237531604288,-0.008711531674377172,-0.010311502246528988,-0.0009445907456665
2015-03-11,-0.0009444603224555883,-0.0011518478028806757,-0.0007755074999365232,-0.0003719145814546
2015-03-12,0.00963834884631438,0.008862678244851584,0.009705606926354719,-0.0008980815254391
2015-03-13,-0.004621740623907501,-0.004501648540414607,-0.004802124372467912,0.0006934924803513
2015-03-16,0.010283937201002189,0.009613859608284469,0.009501841417941949,0.0019904699535577
2015-03-17,-0.002866294448102012,-0.0026842697912407027,-0.0030239942914381565,-0.0044080678066507
2015-03-18,0.009863989950891418,0.012890706634383211,0.012277648850819892,0.0052214563912018
2015-03-19,-0.005335907273580119,-0.006723510686054178,-0.006616846308437751,-0.0036820884437899
2015-03-20,0.006909951905444163,0.007899688263170432,0.00761218541541944,0.0011592058352838
2015-03-23,-0.0006835341641314808,0.0006133984584008748,0.00024664164903825947,0.0035749215475687
2015-03-24,-0.004377305558241659,-0.002591160661481447,-0.003048906579043417,-0.0005591731925866
2015-03-25,-0.014879886122854786,-0.010504342539439118,-0.010904477134930583,0.0045053719956387
2015-03-26,-0.002638512760776592,-0.00204030623990446,-0.0028050161983255812,-0.0001408433610713
2015-03-27,0.004313299380360498,0.0017092012350343668,0.0023202624867643975,-0.0026501080270905
2015-03-30,0.009144345027985994,0.0074620592952290106,0.008077195651014987,0.0015344213369064
2015-03-31,-0.005827227880522104,-0.004977264992601551,-0.004732631761267617,0.0018739306070576
2015-04-01,-0.0012345185177321596,0.0002081882644011796,0.0006717616504789408,0.0009247303976253
2015-04-02,0.0013913716025002697,0.0010435012793074366,0.0012578263535668944,-9.456101807744008e-05
2015-04-06,0.006052638769680322,0.006770944688084958,0.005289346166477968,-0.0018807762074225
2015-04-07,-3.3377507013757946e-05,0.00010692605417397834,-0.00018808118471849345,-0.0015033559920375
2015-04-08,0.00197680589789739,0.0008308143451356753,0.00108195444376579,0.003944033533744
2015-04-09,0.0009056607284128183,0.00019287687345535237,-9.855629403999869e-05,0.0009662954288808
2015-04-10,0.004526152918404833,0.005562376441505815,0.004276387167776042,0.0012978103548408
2015-04-13,-0.0032613230478227033,-0.002847673202341957,-0.003176186971851801,0.0007431737913267
2015-04-14,0.0005216332032406958,0.0010114558708991482,0.0014616431327252048,-0.0072205178801988
2015-04-15,0.0035926910321954783,0.005381626619099449,0.003284244811501701,-0.0053361744492168
2015-04-16,-6.033214571038448e-05,0.001858585097607077,-0.0006594843597157287,0.0002781666037026
2015-04-17,-0.009422189396410976,-0.006756927029953512,-0.006510958350378668,-0.0009744347565297
2015-04-20,0.008269644984725464,0.006941524229814838,0.006168277011879184,0.0019432008934389
2015-04-21,-0.0011761435081251235,-0.0017119100471326364,-0.0019096295350388964,0.0012474881797449
2015-04-22,0.0024684272583427604,0.0019391999710762866,0.0015277698226545831,0.0010062699481642
2015-04-23,0.0027755756091864476,0.0031955480208660427,0.003274738069663353,-0.000287002465511
2015-04-24,0.0036556337107145113,0.0039406779993089724,0.0022890801537233615,-0.0008998400385077
2015-04-27,-0.002430752003639985,-0.002945353019603816,-0.001952853995217623,0.0014078173193215
2015-04-28,0.0003394840974741731,0.0012304678413862164,0.001758802392218721,-0.0037053452957367
2015-04-29,-0.004955367920931085,-0.004348402258784452,-0.0038268596666018065,-0.0028967812742333
2015-04-30,-0.008314076380781752,-0.007043422173205738,-0.006959992168263698,0.0030644839177789
2015-05-01,0.008033413081108205,0.004749431472218401,0.004493276459219499,0.0005912846029127
2015-05-04,0.0008413078719622072,0.00036685337124355694,0.0011763397643774873,0.0006529101993354
2015-05-05,-0.009524039523958923,-0.008450723428271054,-0.008046242714013462,0.0005583826891277
2015-05-06,-0.004429717529432556,-0.004531624546804666,-0.004644354260800845,-0.0018044313996779
2015-05-07,0.004803752877100536,0.0038754014426946974,0.003068002715442253,0.0006375431852676
2015-05-08,0.009692378509786933,0.009357086854249474,0.009499254672979063,-0.0012189743618504
2015-05-11,-0.005358857070687242,-0.006324871841211176,-0.006241826870951205,0.0004907132221066
2015-05-12,-0.0015102856397381681,-0.0009210377533237542,-0.0011616318342128422,0.0012595602199279
2015-05-13,-0.00019940131468757863,-0.000470918340310233,0.00020350632575837373,0.0009997668213523
2015-05-14,0.010906569792555809,0.00952281700280761,0.009031336547167956,0.0003012369279347
2015-05-15,0.003379874113272,0.004418376659702408,0.0040438969475818185,0.0021695521131782
2015-05-18,0.0006182897761074513,-0.002037631273238619,-0.0008556097116611141,-0.0011524883709678
2015-05-19,-0.0026274554344452926,-0.0031210108771333425,-0.0030017399313876,-0.001558493394508
2015-05-20,-0.00020260862352772526,0.00041064844360309653,-1.4481512880113114e-05,0.001619274461174
2015-05-21,0.0024219051244122555,0.00344251656972908,0.002252207849540982,0.0021734213297627
2015-05-22,-0.0021218201157713595,-0.0019676063264134664,-0.0024549718265511515,0.0004126436146935
2015-05-26,-0.006011541117263622,-0.003961964449766997,-0.004970287882792972,0.0006490183768058
2015-05-27,0.008157644330613906,0.00638345298000437,0.005104927347649427,0.0021323531696026
2015-05-28,-0.0009161843074982682,-0.0010355617957186294,-0.0010672593823794901,0.0022053708259884
2015-05-29,-0.0032438396902944268,-0.0020284758034187214,-0.0029538135143153494,0.0021439730649937
2015-06-01,0.0005286102312082389,-0.0004615875337825738,-0.00027343702911069434,0.000359076820712
2015-06-02,-0.0032384999762723756,-0.003980424919922802,-0.002528146317091875,0.0020637183579042
2015-06-03,-0.0003728828188429762,-0.0031328843779678817,-0.0014033713488510713,-0.0004496765668945
2015-06-04,-0.004724690511417295,-0.002549185890600588,-0.0042812368432410325,-0.0028453426247469
2015-06-05,-0.0031331033510660633,-0.004834981554040968,-0.004826588369344236,-0.0054479356421595
2015-06-08,-0.004723688644361406,-0.0038228198071755086,-0.0029360122819775797,-0.0007643305260928
2015-06-09,-3.1898512199465796e-05,-0.0014453857376632345,-0.0008931680001455009,-0.0022831656236083
2015-06-10,0.007946473069128764,0.0049747228374057125,0.006235314677009116,0.0005210618022984
2015-06-11,0.00452180737488165,0.005274882344218926,0.004518357020089133,-0.000647709546212
2015-06-12,-0.006007759250021818,-0.00559577563201112,-0.004999035356011851,-0.0039073100034207
2015-06-15,-0.0036317105401374515,-0.0034395474992739406,-0.004071205941380338,0.0037291550100011
2015-06-16,0.007062183450749304,0.005916998736959648,0.005850832264843907,0.0002073619709754
2015-06-17,6.140814837148587e-05,0.0015134819061188788,0.0011802251258158335,0.0049736152816759
2015-06-18,0.008465737432933966,0.007499786177010134,0.007209774026210403,0.0052929153036955
2015-06-19,-0.003313854740021119,-0.0023608451039207824,-0.002952456225884854,0.0007994697419398
2015-06-22,0.002548149426658793,-0.0001593194064184862,0.0007435458688816944,-0.0021850385905504
2015-06-23,-0.00011018690023621457,-0.0014023634555803658,-0.0010030955224951009,-0.0017906460715489
2015-06-24,-0.005558354744569094,-0.003958064106218123,-0.0045673987188919055,0.0006929419542599
2015-06-25,-0.0018544032962178093,-0.0030703592106169427,-0.0029866659316590207,0.001324379924325
2015-06-26,-0.002209322828522144,-0.0015331285338563397,-0.0007165810594340062,-0.0030813836977257
2015-06-29,-0.012106562689760462,-0.008144434541801688,-0.009296177670998978,0.0015554338511726
2015-06-30,0.0006912182072691839,-0.0010746239656900945,-0.000529826680747567,-0.0007210484826832
2015-07-01,0.005098196324673569,0.002381596174928685,0.003104620516378742,-0.0025446854651518
2015-07-02,0.0008763851963390885,0.0026060536560268306,0.0019773093031169933,0.0027277852903928
2015-07-06,-0.0005624716374974731,-0.0002256095755393592,-0.0005165535249646936,-0.0022224481077837
2015-07-07,0.006542621049331948,0.007615083275798503,0.007647565024965855,-0.0002602725732601
2015-07-08,-0.009487775326251786,-0.007181670034927521,-0.008072666796167508,0.002537614634919
2015-07-09,-0.000355597460947574,-0.00248979947875174,-0.0015889018777364345,-0.0019240188402983
2015-07-10,0.008283103747808976,0.005798588113624914,0.006191727500187675,-0.000839322982427
2015-07-13,0.009257394714484817,0.006360281779012935,0.006358322072645259,1.9569806306876344e-05
2015-07-14,0.0034491875629874087,0.002966149629173727,0.002844693477555983,-0.0016864765368794
2015-07-15,6.846580565246545e-05,-1.4051125020680323e-05,4.155285635337653e-05,0.0003797190276633
2015-07-16,0.010701065235692893,0.006119590554466587,0.0053321963253413086,-0.001729304437371
2015-07-17,-0.0008273732251089631,-0.0029061979164081444,-0.002306174901227986,-0.0014275035838833
2015-07-20,-0.0030270797481172463,-0.0058269004805570545,-0.0034273413299563097,-0.0060515232151251
2015-07-21,-0.0023352907392976585,-0.0026234891462398866,-0.0034907935543092845,0.0012610324624945
2015-07-22,-0.002884322298626833,-0.0037660984913962343,-0.002537525980630151,-0.0005946772922429
2015-07-23,-0.003727490053221362,-0.00330469325289,-0.0034632583576692374,-0.0033750459057514
2015-07-24,-0.004301746718944893,-0.0038806207786674925,-0.004725872484753483,0.0022369770678686
2015-07-27,-0.0051492890986005605,-0.004062101481329229,-0.003281104135230366,0.0018025785048062
2015-07-28,0.008601318679780118,0.010171580502773,0.008546204230728972,0.0073694643488089
2015-07-29,0.005396723416866424,0.005068883206198004,0.0052765944049736275,-0.003615602084274
2015-07-30,0.0017765118679780602,-0.0004726480248882631,-6.200501127399553e-05,-0.0004579006104765
2015-07-31,0.0022316433309307413,-0.0001465204608420334,0.0005680700142542171,0.0052129153848605
2015-08-03,-0.0006629923743309658,-0.001939221070025637,-0.0005126708815046067,-0.0010554066691754
2015-08-04,0.0007443028916370008,-0.0019781807144168204,-0.0021966561023080734,-0.0008007106171518
2015-08-05,0.001986557580728007,0.0006115596397661073,0.00035068521610225127,-1.3392866881670786e-05
2015-08-06,-0.005220865406717683,-0.002468603513752439,-0.002934472559709404,0.0033823664695538
2015-08-07,0.001462230107831671,0.0020726396247309972,-0.00044716494219164936,-0.0004510321607913
2015-08-10,0.007592343403651778,0.009302226740773816,0.007262040702846195,0.0019781689206411
2015-08-11,-0.004381467542407148,-0.0035073662686092217,-0.00321249947407984,0.0033910074077711
2015-08-12,-0.002065450806286824,0.0016398937455828057,0.0011132060579929664,-0.0009113960214719
2015-08-13,0.0008117698960546037,-0.002376858396555121,-0.0013027372279131207,-0.0015000256633387
2015-08-14,0.0037429295036207674,0.0030405904086333365,0.002614311586861449,0.0018278803693227
2015-08-17,0.004798315998864113,0.0039089272698031785,0.0033438819923311104,0.0002457041200998
2015-08-18,-0.002901594017350424,-0.002893745737464792,-0.00265190049404176,-0.0056938244563581
2015-08-19,-0.004379099242730219,-0.0056567321966401645,-0.0026011658537817266,-0.0017652743327149
2015-08-20,-0.01791094530939633,-0.016774588116963366,-0.010207384544749743,-9.568054946403568e-05
2015-08-21,-0.02168841421385464,-0.021917074406553598,-0.01685042539603824,0.00038175006805
2015-08-24,-0.03202750550318609,-0.030606992542807222,-0.026881296670092265,-0.0034472294479861
2015-08-25,-0.008674354956472292,-0.009645043799715178,-0.012142869161137706,0.0019106099525178
2015-08-26,0.028936852832891855,0.02866830720248366,0.021122293841235523,0.0010643534174644
2015-08-27,0.018085603860864365,0.01815955744891122,0.01383581516215112,0.0018406176278274
2015-08-28,-0.00042377375789461557,0.0003950640510824344,0.00044529393775088344,0.0010223504021514
2015-08-31,-0.007650233228793464,-0.0051011509668308875,-0.006380701102425904,-0.0008344155629259
2015-09-01,-0.021021082681724732,-0.020837919056420837,-0.016173220475167067,5.3998794346896833e-05
2015-09-02,0.012062821183320369,0.013085697048728567,0.0089502768145115,-0.0002050598753765
2015-09-03,0.000897345645970566,0.0019007588204098713,0.0021529809749122266,-0.0005892553565074
2015-09-04,-0.010739229267261714,-0.011584769061433244,-0.009462770642874666,0.0017803140850175
2015-09-08,0.017804743069371187,0.019079983873275835,0.015110628527393043,-0.0003162261082145
2015-09-09,-0.008287637037113823,-0.010050443477104909,-0.009340250119985424,0.0001196141066975
2015-09-10,0.003482792582844981,0.0035016914166964798,0.0019590344536709846,-0.0006332312549414
2015-09-11,0.004416540118400165,0.003990138773903313,0.00382026010922943,7.563262364234764e-06
2015-09-14,-0.003667293549004861,-0.0031423455430212932,-0.002357023672076153,0.0004070508824203
2015-09-15,0.007841206292557877,0.008938720450181833,0.005720360589477463,0.0001889838793625
2015-09-16,0.006344955834205598,0.005802418337935711,0.005677607169180588,0.0011278640507083
2015-09-17,0.002442075436765889,0.00322978112759515,0.0023819964352351335,-0.0018634834305899
2015-09-18,-0.007341269285286324,-0.005153236472403834,-0.006280440155323116,-0.0032084822670175
2015-09-21,0.001737966342468088,-9.54083788743757e-05,0.0007710010691936263,-0.0024514882318293
2015-09-22,-0.007496428466006304,-0.005760189346315701,-0.006499185172271043,-0.0055654607847187
2015-09-23,-0.0010966330109265766,-0.0010726779107226754,-0.001298372581843437,-0.0014454471857895
2015-09-24,0.0021025657816403356,0.0034182420602510127,0.0022738762538428953,0.0020889330080925
2015-09-25,-0.0016150751620384028,-0.001118506796228199,-0.0006615790891589142,0.005328827208992
2015-09-28,-0.014676503646543387,-0.010678141601310717,-0.011670251110372468,0.0004748773218483
2015-09-29,0.00016986797523360278,0.0006333981724570435,0.0010815989242271456,0.0037358523777857
2015-09-30,0.013114405952836758,0.008296712134536501,0.008441979054421081,-0.0001091920763202
2015-10-01,0.0013757639461955276,-0.0010931536350874851,-0.0014815612169582844,-0.0043155013931055
2015-10-02,0.010101189936258439,0.011076349816480707,0.011155737051596734,-0.0038840841733972
2015-10-05,0.014251905808608262,0.010580687521457868,0.011482439420666965,-0.0027311220960027
2015-10-06,-0.0006250075759543776,0.0022206218125012116,0.002275932944747063,-0.0107072645895531
2015-10-07,0.004501572247456571,0.0041277425996413195,0.004811029387886795,-0.0036054266718637
2015-10-08,0.005952467957733844,0.003900951670369202,0.004011233829259238,-0.0027933892744413
2015-10-09,0.0015077016390387158,0.002062516337945823,0.0021959493772225292,0.0005842030072006
2015-10-12,0.0033457612423068886,0.002721315112131408,0.002494205302785109,0.0024578457787588
2015-10-13,-0.0034146189153403984,-0.0021809767484005406,-0.0022203372270341755,0.0005325245515221
2015-10-14,-0.0029742398012887264,-0.0008098005067414364,-0.0013454810023273618,-0.0036744079923841
2015-10-15,0.008238496608847127,0.010937878753216407,0.006744932822849685,-0.0030790823486865
2015-10-16,0.0035806686074058196,0.002888710758707823,0.0022008302254421593,-0.0042110616985823
2015-10-19,0.001291907242908687,0.0006977555149997066,-8.135601606719442e-05,0.0012123825705622
2015-10-20,-0.0022998869248027124,-4.947374802423318e-05,0.00016417093341511416,0.0011247824854363
2015-10-21,-0.00451092529323808,-0.005162659846527456,-0.0028336475210303455,-0.0008484817461724
2015-10-22,0.01222069222067146,0.015425718637142876,0.012074911053807392,-0.0058811862504713
2015-10-23,0.009928446906182392,0.009054373591264504,0.00369744168080769,0.0049507720862226
2015-10-26,0.0009433806465877705,-0.0008933031488480176,-0.0012376999390650318,0.0029586071885469
2015-10-27,-0.0008194594597607654,-0.002748289482835255,-0.0013732784003523675,-0.0024243437994561
2015-10-28,0.006321503437585438,0.009492870645472577,0.002896267332714374,0.0010643076766434
2015-10-29,-0.003180674597840257,-0.0008038893630549946,-0.0036709565259925446,-0.0029010578615465
2015-10-30,-0.0018657272977890965,-0.004854529564903673,-0.001678961646889246,0.0019893368005504
2015-11-02,0.006396061491678483,0.008805504388078858,0.0043163105292845115,-0.0004964219532345
2015-11-03,0.0010589168102820012,0.0028121275413778494,5.810585300923138e-05,0.0018821004312398
2015-11-04,-0.0006702769085193135,-0.0007600212423986617,-0.0021297580084807385,-0.0019054900998161
2015-11-05,0.0004170227287366998,0.0010963773467804368,-0.0012139758980710723,-0.0038188380725836
2015-11-06,0.0015348273429850456,0.002931459095612516,-0.004672932852601932,-0.0005514407113535
2015-11-09,-0.007631084915723801,-0.00881734482446949,-0.0061882776556725074,0.0007897526944323
2015-11-10,0.0015640772328456834,0.0009920788408399497,0.0009785137238568892,-0.0012391826867461
2015-11-11,-0.00036000531849906625,-0.002679299268504191,-0.0010706654170254154,-0.0011303181417402
2015-11-12,-0.00909958414892336,-0.011824380369685571,-0.007889881667288745,0.000796640305821
2015-11-13,-0.01012215921828648,-0.00706139417504198,-0.006679444391947476,-0.0023268707465778
2015-11-16,0.011543139136428694,0.011129644882644653,0.010429060476713404,-0.0019836568435684
2015-11-17,0.0005755418015584681,-0.001374957913214063,-0.0015930635689157375,0.0012495004975803
2015-11-18,0.010192660010545944,0.00871752069610271,0.008330324042023721,-0.0042156702813545
2015-11-19,0.0018392268085675244,0.0023601277743303304,0.0028883677841601836,0.0015604949878752
2015-11-20,0.0027854287139882456,0.0006816171329364702,0.0006831717500550867,-0.0028089763565588
2015-11-23,-0.0015337998197715215,-0.0020001657271274415,-0.0020116482539786645,-0.0030052863029564
2015-11-24,0.00047489758651197316,0.0016795592031633578,0.00135605759130726,0.0044835654761719
2015-11-25,0.0002922506174773473,-0.0004487434356572164,-0.00047320605685528317,-0.0007028264452816
2015-11-27,0.00015328285675909957,-0.0002934999825839217,-0.00035439524264018504,0.0002769657534833
2015-11-30,-0.002362480622051468,-0.0012442990622954485,-0.0014427793894387262,0.0053205384968181
2015-12-01,0.010373614233824826,0.00811901426051089,0.008521088911760845,0.0022740338518198
2015-12-02,-0.006020165019466506,-0.008201616772437456,-0.008082896327398264,-0.0034918604616165
2015-12-03,-0.011338520280458595,-0.009636476808494564,-0.009865455994253243,0.0035849001558951
2015-12-04,0.016639117330521824,0.014989122297348051,0.015291241400026693,0.0048946886794496
2015-12-07,-0.006362064981156969,-0.004376657574375651,-0.004104221785948449,-0.0036973190338471
2015-12-08,-0.0036785724201811552,-0.006176329533427408,-0.00556338613520444,0.0013402052964728
2015-12-09,-0.006271526758714859,-0.003836867850996153,-0.003987178552399434,0.0042705096939265
2015-12-10,-0.00041305199792604415,-0.00024114632048614638,-0.0004590291712652341,-0.0004071760058321
2015-12-11,-0.011291038559170396,-0.009913177103141232,-0.009248566256463524,-0.0018265236543758
2015-12-14,0.0014648622109711294,0.0006064358743000708,4.7600522546319655e-07,-0.0005318776176332
2015-12-15,0.0072828220801679465,0.010328468482577837,0.007662750793308701,0.0015447088148214
2015-12-16,0.013341127942193444,0.012799549549530519,0.012235943554367464,0.0032383181724691
2015-12-17,-0.009398369858546998,-0.012382930554961582,-0.009543121116474011,0.0010164471457541
2015-12-18,-0.013469904286345386,-0.013052635906205833,-0.009672774792577407,0.0001700749858557
2015-12-21,0.004056764607409122,0.0042116334228489835,0.004198182070710559,0.0008513818291808
2015-12-22,0.005635758342658533,0.007739162535112931,0.005736743070569013,-0.0010320853807941
2015-12-23,0.006829234448414606,0.008835420286387686,0.006415799608139044,-0.0024948129304136
2015-12-24,-0.0002424571548353092,-0.000686935165402668,0.0004573717238466877,0.0016489394363923
2015-12-28,-0.0007530369583189742,-0.0027014196409965176,-0.001964744725010803,0.0009887882090298
2015-12-29,0.007337985278992142,0.006952532748958782,0.004571748591087189,0.0009060278345567
2015-12-30,-0.005038903600285883,-0.005247361244834795,-0.004098245776251493,-0.0009261998937409
2015-12-31,-0.007737198276993234,-0.006938933249939606,-0.005684105339728896,-0.0005608912884245
2016-01-04,-0.012202351960796195,-0.01033738859924138,-0.006684117661204474,-0.0017785620484264
2016-01-05,0.0008119150636333623,0.0012699290618820908,0.0022765332486180258,-0.0042988493600703
2016-01-06,-0.0015595504806626855,-0.006216794160484348,-0.0022196762265741647,0.0083964530330497
2016-01-07,-0.01589184887221386,-0.016361190645378176,-0.010477690482252142,-0.002728872961895
2016-01-08,-0.007608190863888726,-0.007329827481734658,-0.0055709615681809556,-0.0011623157210395
2016-01-11,0.0029235380720050246,0.0003320350774208552,0.00016401081424307118,0.0002742152152618
2016-01-12,0.006128549707760358,0.005441304284467018,0.004283052146002361,0.0028630848583908
2016-01-13,-0.01924468397523677,-0.016339882689064552,-0.01137126912710975,-0.0037533113886656
2016-01-14,0.0064797492094890545,0.008892410976773797,0.0051609896817708546,-0.0017672135595373
2016-01-15,-0.016296844962700167,-0.019584904254673338,-0.01132711922814632,-0.0026091602939003
2016-01-19,0.0038032951478364587,0.002583498543132278,0.003133996844771207,0.0019708286194198
2016-01-20,-0.007815565255107876,-0.010016253163334673,-0.007529032963275747,0.000993752407201
2016-01-21,0.0018352262542986769,0.0026920441576489323,0.0030591065205971446,0.0012490717895482
2016-01-22,0.01385321008381776,0.01581101808282186,0.011475728887903547,0.0024084043618288
2016-01-25,-0.008571109786260698,-0.011262646615732026,-0.0058608627287600945,0.0021523232186378
2016-01-26,0.010079982222227267,0.011783897439533644,0.010736787069104406,0.0014583333452724
2016-01-27,-0.009192365835879126,-0.00940316191702366,-0.004524445676969279,0.0010245972246207
2016-01-28,0.006460624867642901,0.006109775422438874,0.004815371150603816,-0.0042192525501923
2016-01-29,0.017079855013192383,0.019944375750998136,0.016120118027208422,-0.0001611450595454
2016-02-01,0.0001947981316504131,-0.0010373493565316416,0.0012847687789046428,-0.0010609673773911
2016-02-02,-0.012776891721127887,-0.015982375221027644,-0.008129544672173764,-0.0019999422853701
2016-02-03,0.0019167803528359036,0.0031152421656558964,0.005290271359691958,0.0017935844361912
2016-02-04,0.0014829553029918766,0.0028126813064188808,0.0022742072716940573,-0.0149218081754769
2016-02-05,-0.017309493777253337,-0.018491555779615646,-0.007348666083872381,-0.0033091861536365
2016-02-08,-0.0073507278868233245,-0.01117541617493287,-0.0017810129685872581,-0.0008681580736506
2016-02-09,0.00048608192765517823,0.0005502067348960359,-0.0006913385444971018,0.0059740253514935
2016-02-10,0.00011695044719286027,-0.0021345009755536406,-0.0010254080671287082,0.0040439076604805
2016-02-11,-0.004460785693968894,-0.008396379495860081,-0.0017328409204951096,-0.0047895109692792
2016-02-12,0.011147621595325835,0.015964718210390614,0.007545543459687206,-0.0012269873625216
2016-02-16,0.008450229231146075,0.011874117729244259,0.002307269272509638,-9.415633770284352e-05
2016-02-17,0.011796211017782074,0.01215607043062121,0.007592647706907764,-0.0034508059785007
2016-02-18,-0.00014584589290176842,-0.0007505925032956946,0.00320948282187751,0.0007851309493244
2016-02-19,-0.0004710219651365566,-0.0006458457286716367,-0.0013872295203374654,-0.0003074986531163
2016-02-22,0.011015337192491313,0.012084155334802947,0.0075363504506902835,-0.0079238688066912
2016-02-23,-0.006360715813624671,-0.007340006007897366,-0.004351866671136784,0.0061970728293307
2016-02-24,0.0034551137650809804,0.0029393706976355784,0.002916718874093867,0.0007859426608974
2016-02-25,0.011545973153249492,0.012145644843201091,0.009082582640103426,0.0025241615937244
2016-02-26,-0.004601421267813195,-0.0032640913918623674,-0.006062959154291819,-0.0052047828014869
2016-02-29,-0.004135286638398396,-0.0043327135938969205,-0.0020119243364866914,-0.0042224560000722
2016-03-01,0.015793424973869347,0.01639591515939036,0.011061108907701251,-0.0003831955575912
2016-03-02,0.0020406912325380585,0.0021076706065566025,0.0027791153601040824,0.0002484054772102
2016-03-03,0.0030018278577272316,0.0030540431822844868,0.004481577404700022,-0.0066814599012478
2016-03-04,0.0026821593324382804,0.002474674361560342,0.0027827883602261337,-0.0024907679382828
2016-03-07,-0.0014176822205047514,-0.00018063063126863208,0.002039998123780776,-0.0070507016540554
2016-03-08,-0.002407174499025364,-0.0038586432638313137,-0.002109395312986686,0.0059754838002781
2016-03-09,0.003691579957750474,0.0038006872359983485,0.0022406416736815023,-0.0037893255508476
2016-03-10,0.001174865248378073,0.0006118293712537943,0.0020549441531020674,-0.0022609527198378
2016-03-11,0.008776619490146674,0.009930119179144003,0.006131402262988052,-0.0007930763600289
2016-03-14,0.00039002324263115657,0.0004977395151718787,-0.0008529215348522326,0.0013477243986327
2016-03-15,-0.0006156615927770351,-0.0010795588316436272,-0.0003751162522883969,0.0012031781351808
2016-03-16,0.0064602295092282104,0.006139502957918338,0.006687248326587152,-0.004407386987458
2016-03-17,0.006189351505549247,0.0076867675551928515,0.00756906820094051,-0.0133150307482309
2016-03-18,0.0027224821122033773,0.004298962353439578,0.0025883032407575117,0.0044471140694248
2016-03-21,-0.00039981887337689254,0.00014303963112586625,-0.0005402121967487257,0.0015218337260328
2016-03-22,-0.001614503817637622,-0.0012137594885070916,-0.0018763561186295812,-0.001334472523754
2016-03-23,-0.0012803640354335413,-0.0016237610834228002,-0.001933811253707926,0.0043664498580723
2016-03-24,0.0006186866478704088,-5.658406037262365e-05,0.0005477658317272284,-0.0026204119187723
2016-03-28,-3.274217814354558e-05,-0.0005053717534615523,-0.00036778749318238264,0.0029614064510972
2016-03-29,0.009593482248920438,0.007883971767731562,0.00875234895937773,-0.0066473745019897
2016-03-30,0.0009851355809535904,0.0001383503643887402,0.0005220033096637101,0.0004991465724465
2016-03-31,-0.00032886219432892006,-0.0006538493815819563,-2.39353431721628e-05,-0.0002924016996424
2016-04-01,0.005712121205264059,0.005402243310833221,0.00456098218233112,0.0017374603441963
2016-04-04,-0.0018318435405395924,-0.0006849648597343989,-0.0015227797675665823,-0.000394172508227
2016-04-05,-0.003823089520715831,-0.001959961250080227,-0.003667028168886899,-0.0021066108658456
2016-04-06,0.004933203982253768,0.006424928315925015,0.004330144251279427,-0.0015223752632476
2016-04-07,-0.004538688188994817,-0.004483687545641542,-0.00417620660236501,-0.0003568010376813
2016-04-08,0.0012395753046261426,0.0004681261565671215,0.0015791201784007133,0.0007356579774541
2016-04-11,-0.001798030759369734,-0.0017907664781116532,-0.0014528352893124956,0.0008609367209948
2016-04-12,0.005515279443387053,0.004878193922836381,0.005301360344571162,0.000881117746746
2016-04-13,0.004874473423184013,0.006839180949814751,0.004243312797339206,0.0004833500796799
2016-04-14,-0.0008733831005699865,-0.0005175028636465421,-0.001494818270172801,-0.0009965684109781
2016-04-15,0.0026484879767209057,0.0017023088063531165,0.00238120581782298,0.0006198592267606
2016-04-18,0.004198827428911522,0.004162158857241306,0.004072612266270661,0.0035479844114839
2016-04-19,0.0006456429750749509,0.00386246358125722,0.0033571715931274624,-0.0007595847560032
2016-04-20,-0.0038781091465381595,-0.005347732063850515,-0.004742512095549646,-0.0016814975538464
2016-04-21,-0.0070044522482338185,-0.008510004879033205,-0.0073562960605662985,-0.0032552366587447
2016-04-22,-0.0018998510194944398,0.000834981893971002,0.0004482723477997467,-0.0032834425780318
2016-04-25,0.0006364857376875271,0.0005995065534530656,-0.00010840633460021642,-0.0007046523574676
2016-04-26,-0.0012480816835192534,-0.0005207939923068997,-0.00026741019032628575,-0.0028975180786209
2016-04-27,0.004217948345737415,0.0059526469118165925,0.005154570777660553,-0.0049953702296614
2016-04-28,-0.00571875731229749,-0.004106079533593356,-0.003950062190691809,-0.0009009136776869
2016-04-29,0.0012027430333968736,0.0003193923224411992,0.0006745609422107045,0.0068967634580456
2016-05-02,0.0053687977805812895,0.0041044779396559325,0.003833522734495169,0.0023132511499797
2016-05-03,-0.004334863906413953,-0.003906478363963868,-0.0036543234764830476,-0.0017911379449958
2016-05-04,-0.0018900479827538333,-0.0013809181283228938,-0.001747424161012356,0.0019697971418012
2016-05-05,-8.3071504904143e-05,-0.00017074429933862156,-8.4140513904046e-05,-0.0025323515060398
2016-05-06,0.003974826651485055,0.003528143171570258,0.0030341148736345216,0.0026234205140732
2016-05-09,-0.0003634794119486011,-0.00141635054030433,-0.0010832236492757566,0.0025734409309616
2016-05-10,0.009091864131027898,0.007693105262903336,0.007847259491082021,0.0011815965412062
2016-05-11,-0.00459091648554744,-0.004395808699411829,-0.004105749593150862,0.002473041529109
2016-05-12,-4.014703074715121e-05,0.0006328483331675719,0.00036884437252907476,-0.0006196278980584
2016-05-13,-0.0009087550775142551,-0.004216771331365547,-0.004175524956845282,0.0134061050929758
2016-05-16,0.0059685323260067315,0.0053370696651253635,0.004942752261345494,0.0017051378971257
2016-05-17,-0.0072664487282965455,-0.006632358883345588,-0.006639048798351256,-0.002994663941186
2016-05-18,-0.004017689964447821,-0.0027966485704426685,-0.005576888858402544,-0.0027402978255742
2016-05-19,-5.829105616256017e-06,0.0011731013059530161,0.0011122490509267208,0.0019509992067736
2016-05-20,0.0034907683564148295,0.00444883838342265,0.00297510633900875,-0.0039372702210963
2016-05-23,-0.0012541664969283914,-0.0007804882284293902,-0.0014589838284942193,0.0015502457852182
2016-05-24,0.008691636204168015,0.009055732346562888,0.007210987425891088,-0.0006099949572708
2016-05-25,0.003375719537986571,0.005195516999796408,0.003531188437905114,0.0005335003403169
2016-05-26,0.002310035438093725,0.00030881527190771064,0.0015593984551097158,-0.0012590991858488
2016-05-27,0.0019042944615674253,0.002496243231199085,0.001648807427500242,-0.0002470688186483
2016-05-31,0.00026997068258963886,-0.0009090078427530775,-0.00040495323351428495,-0.0004494049024174
2016-06-01,0.0005724457659148297,0.0006175938553845299,0.0007729271282795962,-0.0006986448203703
2016-06-02,0.0020820756364901835,0.002114783493248999,0.0020543684819488827,0.0016116838788131
2016-06-03,0.0028696077697631973,0.001306583327193451,0.003988347402660378,0.0039229386711725
2016-06-06,0.0017327926624953137,0.003553322739403728,0.002449943002673179,0.0004718719337712
2016-06-07,0.001070901409850037,0.0013085624590839942,0.001542389251185724,0.0018252966233617
2016-06-08,0.004477498372402945,0.004587485790116305,0.004783002796027958,-0.0007366675209847
2016-06-09,0.0022343273859966695,-0.00012316085724668554,0.0017988819640091219,0.0006060780777534
2016-06-10,-0.004148884889944311,-0.005129623836945242,-0.0030341020899833297,0.001104553213534
2016-06-13,-0.0030244745791721604,-0.004928600847018934,-0.0034138992786156993,0.0034722473612222
2016-06-14,9.271340691818722e-05,-0.0009735191524872182,0.00014902760864193504,0.0009663846037431
2016-06-15,-0.0003748740626661346,-0.00042733424102743756,-0.0006019497159920581,-0.0025324975809406
2016-06-16,0.002948362282176295,0.00224886285974303,0.0029572978479613316,-0.0016948534172014
2016-06-17,-0.0025283779108086326,-0.0018836842832607532,-0.0012664929229986143,0.0106241883570371
2016-06-20,0.0023085471113640193,0.00576390513057099,0.002260836639177365,0.0002142859616926
2016-06-21,1.0069833465353701e-05,0.0027286950477057683,0.00027126174694347627,0.0004923726407791
2016-06-22,-0.0027947359782279917,-0.0038942626693141474,-0.0022919506195108437,-0.0034613883406268
2016-06-23,0.006872613782264895,0.013078921295333468,0.006921086028714013,-0.002063100160974
2016-06-24,-0.013939895776526877,-0.03307515886619075,-0.014380657923736079,-0.0067837814302799
2016-06-27,-0.0037424037758922047,-0.018672016266707378,-0.0042660231408294304,-0.0008060720618405
2016-06-28,0.010105936796184989,0.01803041503083376,0.00997977414994501,0.0034668869070909
2016-06-29,0.008852171992017389,0.016096523500942005,0.009437325731320957,-0.0016553725353886
2016-06-30,0.010540065633311809,0.010361780429639622,0.01117421997396825,-4.0113507788225314e-05
2016-07-01,0.004487468712250586,0.002372069771768931,0.0042279529547842145,-0.0021116030941255
2016-07-05,0.0013879596961960602,-0.00752225677054888,0.00014327357297012094,-0.0018364289234432
2016-07-06,0.0034306931574393305,0.004423718051266096,0.00328520505118313,-0.0009224965517258
2016-07-07,-0.0019107492086806403,0.0013277898694248574,-0.002441161150220489,-0.0011588169683809
2016-07-08,0.011713654640304308,0.014600661159684211,0.01145294872380703,-0.000866905337153
2016-07-11,0.0010856439829354735,0.0030761230573384327,0.0005338105132064812,-0.0004742653015479
2016-07-12,-0.0014109551651860282,0.007131251677704474,-0.0006426120908655714,0.0013633385040984
2016-07-13,0.003059248757462118,-0.00033804429686817237,0.0031186540815944194,-0.0018407667320848
2016-07-14,0.0008517384074790055,0.005971409069044382,0.0008898090557636763,-0.0014580076271507
2016-07-15,-0.0019104880070661525,-0.0008922710944393883,-0.0014425094672249979,0.0007177786676484
2016-07-18,0.0018028865240836169,0.0013168671042985535,0.001367578578186238,0.0002510118982751
2016-07-19,0.0010967739198163577,0.00014926766133121567,0.0004771956632239484,-0.0005670014805146
2016-07-20,0.0006851534554816651,-0.0008718474873619575,-0.0003639371946392441,0.003319539497628
2016-07-21,-0.0018183803190788557,-0.00032268366443460807,-0.0010548973935381296,0.0002291222041637
2016-07-22,0.004823171341803419,0.003697098230729044,0.0037638701637607145,-0.0024795102249471
2016-07-25,-0.001797309638923607,-0.0025242205200477373,-0.0027417314118477055,-0.0042093789235317
2016-07-26,-0.001445385048903488,-0.001728192157218404,-0.002040093163983659,-0.0035275419150124
2016-07-27,0.0002513864111786602,0.0013116398712802596,0.000593955479192131,0.0005042942381756
2016-07-28,7.600676464807198e-05,-0.00024137485891847452,-0.0005635670793151729,0.0049024755206656
2016-07-29,0.00466252870674298,0.004481827024748645,0.004123772706817642,-0.0008255821915064
2016-08-01,-0.001959135149488122,-0.0019083545367553382,-0.002111762799486382,-0.0004592586035266
2016-08-02,-0.00538585590959745,-0.0048156399776822685,-0.004762987551131459,-0.0019174577908494
2016-08-03,0.0004165923672054753,0.0002725700512355343,0.00042993636016058924,0.0005715520964431
2016-08-04,0.0024712703996560134,0.0017923617012391897,0.0014486269015804303,-0.0018766578091038
2016-08-05,0.0018107015434314434,-0.00021701477363393655,0.0009575224600539009,-0.0017660635992166
2016-08-08,-0.00018977024066352776,-0.0004593044845843734,-0.0005186735779251805,-0.0008895981220992
2016-08-09,0.002629957718273485,0.0028782703641698536,0.002617530622727685,0.0002266787023796
2016-08-10,0.0005076139604705901,0.0012496180006872962,0.000802383706646006,0.0026541178309965
2016-08-11,0.0024638833164952853,0.0010892351365740878,0.0016975013846550768,0.0001221907297484
2016-08-12,0.0033433580971897704,0.001298122184456337,0.0008698277735482993,-0.0037017842540489
2016-08-15,-0.00203606771497868,-0.002636028374030652,-0.0017631904121840523,-0.0007342321302473
2016-08-16,-0.0053755427322578426,-0.006206353270611792,-0.00530091661114375,-0.0016820760024013
2016-08-17,0.0020751381885644737,0.0035884399805742317,0.00300880366598451,0.0022863674253181
2016-08-18,0.0028586364507380032,0.0032290887237830866,0.0029381209489747766,-0.0018458867784268
2016-08-19,-0.005036107912228858,-0.006137599464438744,-0.0055140776562971425,0.000813345176993
2016-08-22,0.00035024556474539005,0.0002189853146505366,-3.122301914936462e-05,-0.0006633165014026
2016-08-23,0.001126911384601189,0.0003089910944591654,0.0005934486150243519,0.000793977543746
2016-08-24,-0.0031850097908172697,-0.0026922183368851067,-0.0026209007104056104,-0.0004630071255173
2016-08-25,-2.2953516285258464e-05,-6.29360674103177e-05,-0.0003593821750755603,4.841961527196216e-05
2016-08-26,-0.004156380335728217,-0.005444578795664649,-0.004612909874055826,3.908534283995831e-05
2016-08-29,0.005726735465823268,0.005982577910704301,0.005802860309268793,0.0003540452599247
2016-08-30,-0.003264437192810997,-0.0036522309609598826,-0.0031828674478428043,-0.0006064535062862
2016-08-31,-0.0009097312690996074,-0.0006292691897607575,-0.0008542795181044524,-0.0008775387356966
2016-09-01,0.001584684643103997,0.0004410063908917506,0.001455977055299441,-6.149159196524158e-05
2016-09-02,0.002968921636814302,0.0035105131564216736,0.003209741907944577,0.0028680848870493
2016-09-06,0.006415255603897208,0.006455658738866936,0.00587353592849325,-0.0027639441711159
2016-09-07,-0.002439220049252866,-0.002327132070345034,-0.0023199390404842492,0.0012410163374855
2016-09-08,-0.0029245065887686973,-0.0029900944250905287,-0.003149777971774707,-0.004444763349979
2016-09-09,-0.02110183227503868,-0.020572116336392242,-0.020092668051844342,-0.0017376268078949
2016-09-12,0.011295781412631614,0.011411192992624544,0.01146369188254744,0.0006215077801555
2016-09-13,-0.011973229471668088,-0.011634277747642767,-0.01159355737702402,-0.0029084250497012
2016-09-14,0.0012190344125557256,0.001217186307475693,0.0009574751803296066,0.0001557044335056
2016-09-15,0.007791923017409653,0.006299881007446926,0.006268066606898459,0.0010810293668326
2016-09-16,-0.0004262361486871418,-0.0014425363317751082,-0.0005843536150675464,-0.0019272978657411
2016-09-19,0.000350432074367656,0.00032767179482854605,-6.18091575214647e-05,-0.0005985661218069
2016-09-20,0.0010708152354634592,0.0010521091434694296,0.0015334226123458888,0.0001967273109375
2016-09-21,0.011670699985545688,0.011518442597465166,0.010260648267457836,0.0020076526247713
2016-09-22,0.005672539209184437,0.005366238865667889,0.005637385741085374,0.0011000502182115
2016-09-23,-0.0036734897410658548,-0.0036007083878993747,-0.0032502888337142726,-0.0017422613431167
2016-09-26,-0.005021947401725643,-0.0049274970673714585,-0.004881924639445944,0.0009181488303427
2016-09-27,0.006477876369609145,0.0050253010698113765,0.004814810936843438,-0.0014520500427162
2016-09-28,0.0017204451012062289,0.0032384014336390714,0.0012569907609169596,-0.0015482768460055
2016-09-29,-0.005448576834485597,-0.006046194708928778,-0.006324366392487242,-0.0055811846470425
2016-09-30,0.0042489460320190514,0.004521502649778022,0.004145101974349801,0.0009346041995498
2016-10-03,-0.0032583205628894415,-0.0031058306793065433,-0.0033333358919874984,-0.0010393911209232
2016-10-04,-0.00731742187332108,-0.007059762925755236,-0.007775976934130656,0.000545504125966
2016-10-05,0.0004491771501569005,0.0014662494832898294,0.0006709069896387879,-0.0041094649883087
2016-10-06,-0.0012759806579185672,-0.0006994395201441127,-0.001334173317051335,0.0010229455225189
2016-10-07,-0.0016001212982680924,-0.001772286285045145,-0.0015081925310670974,7.624649631441296e-05
2016-10-10,0.0037302784594094723,0.003633275482542061,0.0031137995147539764,0.0011585394018734
2016-10-11,-0.009166523199689608,-0.00863431585624619,-0.008624848634988937,-0.0007649769245442
2016-10-12,0.002336594968881419,0.0017682403620003777,0.002330984672360362,0.0017000633670633
2016-10-13,-0.0009032106140156561,-0.0008440672222946811,0.00010979111969338757,-4.1349011534149056e-05
2016-10-14,-0.0016290197609981631,-0.0011021346168923725,-0.001554589045188185,0.0024567514380114
2016-10-17,-0.00048101466286172437,-0.0007161281893828784,-0.0005075182410351893,0.0005373804129477
2016-10-18,0.005612227070939447,0.0063899392236405955,0.005201630019153719,-0.0161665371507114
2016-10-19,0.00014654944871921114,0.00025590946869207036,0.0007391083630223144,-0.000127424316719
2016-10-20,-0.0017813208310703216,-0.002093896756435625,-0.0023989003594581545,-0.0004382201969883
2016-10-21,-0.0004649631327115339,-0.0005941849394500117,-0.00034328149004331866,0.0023637575345843
2016-10-24,0.004369005674737405,0.00322144513089583,0.0027465665672554086,-0.0007746638110613
2016-10-25,5.809208471128453e-05,-0.0005670019657809347,-0.0003223565069716758,0.0015509073576971
2016-10-26,-0.0017249076771411304,-0.0011519982977611603,-0.0008343637428909108,-0.0018816224517636
2016-10-27,-0.0037084416747411243,-0.00245302772961153,-0.002853829635394729,-0.0009063477929088
2016-10-28,-0.0017456336909092833,-0.0012921407406503785,-0.0014804058768179494,0.0014410782651113
2016-10-31,0.0024314536997445337,0.0012379991033947472,0.0014857690379144009,0.0003068092919653
2016-11-01,-0.006427635591670467,-0.006382287226437603,-0.005434402495277177,-0.0039231904443587
2016-11-02,-0.0038208853203313283,-0.0034229055466584914,-0.0036985817366156047,-0.000462810015832
2016-11-03,-0.002207893671404028,-0.001896966927745481,-0.0015563922879664697,-0.0031568980753909
2016-11-04,-0.0013059124290831486,-0.0014059183354075081,-0.0013550436995453362,0.0020905965606159
2016-11-07,0.014397322862562768,0.014057598505705786,0.013508546162968585,-0.0017720376935449
2016-11-08,0.0024824071706472254,0.002540964894645515,0.0028336287782779047,-0.003547838505641
2016-11-09,-0.003991419019897959,0.0006172228240272533,-0.0013228098185909744,-0.0061799014491267
2016-11-10,-0.008189013893900457,-0.004167902591772145,-0.005444666081444144,-0.0110771321294424
2016-11-11,0.007824932979427964,0.001293336061327128,-0.0006783392990580448,0.0034868217897724
2016-11-14,-0.004359428890782049,-0.004245867885144164,-0.002841795987449631,-0.0029481870864356
2016-11-15,0.008108311394951518,0.00885006960861487,0.0072078445631887705,-0.0040342784024284
2016-11-16,0.002295165412266085,0.0013425159483784295,0.0012381617238604319,-0.0084393943659542
2016-11-17,-0.001444284510058701,-0.0012935795892409887,-0.0012507010633885142,0.006515814483358
2016-11-18,-0.0021801859772446613,-0.0023614425863096545,-0.0023605308302828286,-0.0041824643257418
2016-11-21,0.004653999548337737,0.005266245977373499,0.004538460887033521,0.0024152206870636
2016-11-22,0.0039563544118288,0.00359238252737956,0.003556199059975743,-0.0036194024635665
2016-11-23,-0.00011359259007872288,-0.0019735752399656485,-4.107713884000735e-05,-0.0032322729924417
2016-11-25,0.004076242992361708,0.0038464770574687533,0.003966632469052475,0.0005168456981914
2016-11-28,0.0014060852608005737,0.002418973907616906,0.0011783673704170397,-0.0001555476194906
2016-11-29,0.0008559028972888588,0.0009483224810288237,0.0010041803544831424,-0.0033756045344444
2016-11-30,-0.00828475888694128,-0.009419296695279258,-0.007191013687799127,-0.0028832108199263
2016-12-01,-0.005369431924144985,-0.005733195773795668,-0.00433819352433791,-0.0050021612716509
2016-12-02,0.00249442164457186,0.003340201202229397,0.0020978044227967035,-0.0019314312943236
2016-12-05,0.003556689102110731,0.0033323747800422386,0.0034682037389865586,0.0020762994975213
2016-12-06,0.0031010162037752855,0.0029374526963561083,0.0027237731861731304,-0.0028849202207464
2016-12-07,0.01226235195291894,0.011845006198372563,0.011906216077123883,-0.0019406872979413
2016-12-08,-0.0014892870090199126,-0.0017622236841545508,-0.0003486083796864404,0.0010333597310047
2016-12-09,0.0023799500747458246,0.0024870032141419496,0.003289027956208964,0.0011591407757503
2016-12-12,0.00403180017101043,0.0037885352843624958,0.004183962059661019,-0.001914333417945
2016-12-13,0.006170315682927396,0.006019431893429525,0.005632282943709859,-0.001330572454153
2016-12-14,-0.007198512147029959,-0.008129127962837974,-0.008683768446410533,0.0005593067379867
2016-12-15,0.0028045468498628734,0.0011141573916329589,0.0019656152038179495,-0.002983690794938
2016-12-16,-0.0004026917293759056,0.0002159733055189316,3.1796837956908884e-05,-0.0058330984494254
2016-12-19,0.0043416660951108,0.004829434062872902,0.00444849658216997,-0.0002815791844079
2016-12-20,0.002259757059785915,0.0005798448258757343,0.0006274949184333315,-0.0016912469499697
2016-12-21,-0.001758565951380062,-0.0006263567170731116,-0.0015658217085314074,0.0010547782364359
2016-12-22,0.0002125906253051814,-0.00018731255005517271,0.0003005629518392429,0.0028790840632141
2016-12-23,0.0016607696648575016,0.0016252390322070188,0.0008622348457521813,0.0017670039454804
2016-12-27,0.002488085198080544,0.0023088423959917856,0.0008277388466521975,-0.0024027855562385
2016-12-28,-0.006155721438535638,-0.004130033006632355,-0.0039022094976029916,-0.0015626594319627
2016-12-29,0.0022727432172902407,0.0034155403289669196,0.0026721971418924365,0.0011402875119041
2016-12-30,-0.004405732216696369,-0.004383501570025425,-0.0035691841487215793,0.0002212628779128
2017-01-03,0.0043322220383308335,0.005137579966690896,0.004796233951197036,-0.0017176061253569
2017-01-04,0.0033393293749011334,0.0038593220204550726,0.0024503052233557335,0.000280597258199
2017-01-05,0.001506619953507772,0.0041601248205797425,0.0025842891782353796,0.0018557515228937
2017-01-06,-0.00031563702309419183,-0.001233881231989379,-0.001205600017357534,0.0062717554615959
2017-01-09,-0.0007240192645004078,0.0007514612512788523,-0.0014862731424263775,-0.00035
2017-01-10,-0.0009907120153836728,-0.0004439668389460799,-0.0012153458449917682,-0.0028115136588433
2017-01-11,0.0018817634615699065,0.002765441977964119,0.002088107783355756,0.0011133194282053
2017-01-12,-0.001685981430586917,-0.0009242182946952084,-0.0006644407416632694,0.0008856251266738
2017-01-13,-0.00020253879870202023,5.527742595259021e-05,-0.000544566559714334,-0.0013866465071302
2017-01-17,-0.0010355272579248773,0.0026736019902298797,0.001995077262050484,0.0009883183023254
2017-01-18,-0.0005766164196542862,-0.0016887353346623877,-0.0016441597685109808,-0.0014488622033025
2017-01-19,-0.0025909846869314767,-0.003988348905900049,-0.003292600215434129,-0.0019846826790615
2017-01-20,0.0034470948369870894,0.0037246548368911007,0.0036388718699075385,0.0021576508975191
2017-01-23,2.6789561170977353e-05,-0.0009784821884978212,0.0002174554959215017,0.0009222872726556
2017-01-24,0.003992486245543335,0.0009581640278308135,0.0017799434453733172,-0.0032048016853593
2017-01-25,0.004217437211259642,0.002450156886958979,0.0026803693798740885,-0.005373144581987
2017-01-26,0.0001681780027014814,-0.0012114072169974847,-0.0008030046214761022,0.0030228891676205
2017-01-27,0.002846194774431262,0.0020323434801265317,0.0023616705882767235,0.0048192009719888
2017-01-30,-0.004191487063358057,-0.002609588904743552,-0.0029460454797018594,-0.0026564226411644
2017-01-31,-0.0034119494052163362,-0.0016478958870789755,-0.001527463196521941,0.0019484460626347
2017-02-01,-0.0001398751629672408,-0.00375802750336726,-0.001760839291080235,0.0008865199992767
2017-02-02,0.0005559972844110811,0.001887791970546493,0.0009431313660938562,-0.0002731142472208
2017-02-03,0.005217163851190446,0.004396149572141434,0.004492171591412567,0.00018210331012
2017-02-06,-0.0006988403247563871,-0.0013029503507757838,-0.0004413117972636403,-0.0010173659721399
2017-02-07,0.0015216904094662457,0.0012706175557750886,0.0015461502212638543,-0.0006357847855955
2017-02-08,0.0015636577015864879,0.0026610171475010217,0.0027702181278788686,-0.0001990358308697
2017-02-09,0.002164347809841997,0.002140125251057126,0.0011317608820675634,-9.582169375070297e-05
2017-02-10,0.0020924036104632243,0.0018590591113806306,0.0023142426999857133,-0.0013143092368205
2017-02-13,0.0029648950844550098,0.002875770477056229,0.0027980889923824395,-0.0013242583912054
2017-02-14,0.00267750564819666,0.0019971413110212396,0.0016413057401432971,-0.000431114795607
2017-02-15,0.004554545293347087,0.0031831405763167115,0.003927168538221575,-0.0022445484993547
2017-02-16,0.0015551647480893747,0.003485753580782716,0.003118180493984007,-0.0028790080989416
2017-02-17,0.001304922100121696,0.001554532793567884,0.0017085208671574852,-0.0029853131663759
2017-02-21,0.006222622160559851,0.00547374137368368,0.005457020567792092,0.0003198825830218
2017-02-22,-0.0004753045811469591,-0.0005117138832252845,7.899682221517671e-05,-0.0016658543691633
2017-02-23,-0.0007155738745349644,0.0020083347302287447,0.0025902750498287067,0.0018081289108115
2017-02-24,0.003313820610024543,0.0048976340279795446,0.004557453289159685,-0.0007212555498372
2017-02-27,0.0006204535948191438,-0.0017308409869385677,-0.001383191142394596,0.0023468348116211
2017-02-28,-0.001615780923589074,0.0002105200837878652,0.00012670408563115608,-0.0030164087343263
2017-03-01,0.008650796319811449,0.003486746457444392,0.005365015463829596,-0.0002463011576333
2017-03-02,-0.005132274542549472,-0.003122985333144079,-0.0031753101561540703,-0.0024660285892978
2017-03-03,0.0003227273599066376,-0.00028239372378826297,-9.999896891471974e-05,-0.0005221167954845
2017-03-06,-0.0024827207366540237,-0.0024977582175536896,-0.0026218497924622823,0.0014581497927242
2017-03-07,-0.0019203345284037657,-0.0028168705448885535,-0.0025592032296814005,-0.0018694155073564
2017-03-08,-0.0024738984502386792,-0.003938763987973609,-0.00308266790136651,-0.0015291410817088
2017-03-09,-0.00070513354490486,-0.0011058055995547705,-0.0010236409583860558,0.0007162092459013
2017-03-10,0.0028066848771691015,0.0038003457548743125,0.0031948757729069327,0.0003064585950926
2017-03-13,0.0006575521375934494,1.3844933191042363e-05,-0.00016550512806490835,0.0010258382178089
2017-03-14,-0.0012442421246363473,-0.001501857879862371,-0.0011112969220088856,-0.0009604066414169
2017-03-15,0.0076533059581189765,0.00947440030782659,0.009102940865344187,0.0031836271448987
2017-03-16,9.63913779973699e-05,-0.001329175458245241,-0.0008932136401202743,-0.0011924201254832
2017-03-17,0.0011533361689197344,0.0009076948501390538,0.0017612397782065543,0.0029066203803078
2017-03-20,0.0001955929457630017,-3.4016948706973164e-05,-0.00026352636500995096,0.0012887594054845
2017-03-21,-0.008659129624430923,-0.004901859664194975,-0.003108521055445376,0.0020636492038158
2017-03-22,0.0028866654986859567,0.002290063973580633,0.0023150996243278283,0.002355139716574
2017-03-23,-0.0016238841579436815,-0.0016189371200115669,-0.0014283053975244773,-0.0015096320209803
2017-03-24,-0.000555261968487549,-0.0004606265307323305,0.000269203112308261,-0.0006491546557454
2017-03-27,0.0002582834868311159,-0.00027640845228598624,0.00016723764872503833,0.0003804061324258
2017-03-28,0.004608006516549519,0.0038626236304291654,0.0028602732644784357,0.0015443022893618
2017-03-29,0.000509114054404884,0.0009957755487477436,0.0005621888759327981,0.002512087574531
2017-03-30,0.002906362737575845,0.0013776791102511265,0.0003663985619238296,0.0025979054613061
2017-03-31,-0.0008650839349742602,-0.0008157509650039679,-0.00040286578678082796,-0.0008405398123452
2017-04-03,4.2413827238831976e-05,0.0011990748337163519,0.0011327166301655551,0.0003374479431148
2017-04-04,-0.00047958017976984366,0.0013506160273217547,0.0008665723561125981,-0.0008032270355202
2017-04-05,-0.0014094889510744325,-0.001004209294577153,-0.00019130902444640586,0.0005448979329677
2017-04-06,0.0006735982019652615,0.0010424779334164778,-0.0002557197384211546,-0.0013373953337151
2017-04-07,-0.0013161505183832281,-0.0013311424251995793,-0.001099747608833353,0.0005910707460153
2017-04-10,0.0004899057193010467,0.0015626640724553747,0.0011275672356563604,-0.0002801804970272
2017-04-11,0.0005668601138509974,0.0014626651518480963,0.0012615708813979755,0.0006092370400343
2017-04-12,-0.0017510221811022771,-0.0008716812532396791,0.001346317267528962,-0.0004344060840321
2017-04-13,-0.004614841164787749,-0.0047975720981867954,-0.003202634709913566,-0.0012911194585918
2017-04-17,0.00701378031662294,0.004251181785949417,0.004356831725684415,0.0009278308395535
2017-04-18,-0.001005890576775111,-0.0036764776002242267,0.000953889838764299,-0.0018327286089544
2017-04-19,-0.0026130887940664714,-0.0031320946132630807,-0.002924142535319097,0.0003979373141712
2017-04-20,0.006378284014742284,0.007001299542362076,0.0038753689782058645,-0.0013684931224735
2017-04-21,-0.0005857101130426136,-0.001007240153693572,-0.00022602868690988376,-0.0011820086753096
2017-04-24,0.00843858505568429,0.010691338880639615,0.006049744714734371,0.0019274681481287
2017-04-25,0.007377975793272252,0.005670314147954706,0.00518473793089759,1.6925076459010257e-05
2017-04-26,4.020223294536757e-05,0.0009645400043479099,0.0003959534252721063,-0.0021035601078078
2017-04-27,0.0018267106663581727,0.0009390989137055963,0.0009491124729409499,0.0023794478307359
2017-04-28,-0.0008385019011263422,-0.0011594656262432813,-0.00017564158480078615,-0.0010699349121828
2017-05-01,0.0007337398459055792,-0.0006446333753136065,-0.0004410816081122029,0.0003585006703718
2017-05-02,0.0006418801277459374,0.0009306859925212221,0.001360573683559125,0.0017602721500156
2017-05-03,-0.0012382366432032283,0.0001544788031687779,-0.0012842218383424656,0.0003838229881485
2017-05-04,-0.00041106742677059313,-0.0019114564231899017,-0.000325894193302957,0.001958771462674
2017-05-05,0.0031326613829583804,0.0039630920672400274,0.0032117237419227347,0.000753955106491
2017-05-08,0.0004455078366865052,0.0005863360869236875,0.00047593244988924043,0.0011165010160231
2017-05-09,-0.0006132336844822189,-0.0020023846192568457,-0.0012062212133350334,-0.0004388192450022
2017-05-10,0.003523196100658777,0.002448306597460538,0.0011644589749559527,-0.0003407394794664
2017-05-11,-0.00019769788870750335,-0.0006816134554543068,-0.000540015157634867,0.0001057250155781
2017-05-12,0.0014152718626813964,0.0003087116153806108,0.0019649172972582294,-0.0001308981092221
2017-05-15,0.005241878274152133,0.006799347511095528,0.004046888306560498,0.0039580935553777
2017-05-16,0.00037585705959970826,0.00021700745391045227,0.0004899125702280782,0.0011509790533395
2017-05-17,-0.01360795395050647,-0.009045772937284688,-0.008355972846776064,0.0011988206483883
2017-05-18,0.0024422766469421437,0.0032312218717030446,0.0015972894366473491,0.0012298533728538
2017-05-19,0.005107696100235001,0.005419141722771974,0.004271922346027094,0.0001942978698043
2017-05-22,0.004456946745761867,0.003229840829162068,0.003891510584194964,-0.0016952849097043
2017-05-23,0.00063300629544516,-1.3742058251672744e-05,3.657377100601916e-05,0.0006242422996625
2017-05-24,0.0033007457443609096,0.002443215567370189,0.0033511874506589293,-0.0009229808578302
2017-05-25,0.004710687123543797,0.00391636181531616,0.004107346481592124,0.0011043555537226
2017-05-26,0.0005424132221369145,0.0007535783760737149,0.0004968099092135266,0.0002369053071356
2017-05-30,0.0007314202533771384,0.0010881372615591052,0.001507561695553368,-0.0002968748136021
2017-05-31,-0.0013906378469837983,-0.00027847626824367927,2.570610254990577e-05,0.0011818032743194
2017-06-01,0.005498268757119977,0.006428143678574596,0.004750231238987297,-0.0004349492568486
2017-06-02,0.004047540802223331,0.0017635954930736862,0.00392544216183432,-0.001302700171497
2017-06-05,-0.0007226741546933133,-0.001500521304796724,-0.0011574161913291865,0.0008426108191504
2017-06-06,-0.0017653717826265106,-0.00137955254385491,-0.001056375983769875,0.0024572614253242
2017-06-07,0.0015259607860696003,0.0014117352509044664,0.0002536024817310169,0.0001719135865902
2017-06-08,-0.00032083387456350806,-0.0033997060932536333,-0.002541698488145539,0.0001769652706573
2017-06-09,-0.004696937820034166,0.0015801619129093818,-0.0023243443600262158,0.0016018485958684
2017-06-12,-0.0022563215280102813,4.9457007254564446e-05,-0.0008313482303746251,-0.0027490886873285
2017-06-13,0.00427799499811793,0.001995710527751682,0.0030512348630741086,-0.0011148995817838
2017-06-14,0.0008278863108190846,0.0020453926148239587,0.0020853818333851997,-0.0027618674677178
2017-06-15,-0.0019029219138825134,-0.0013658758071493323,-0.00149220436683069,-0.0019992605720936
2017-06-16,0.000433249930850401,1.88885020937798e-05,0.0009323693634041604,0.0015008375041279
2017-06-19,0.006427577344243109,0.00582320939302551,0.002879592805358479,-0.0002442347869995
2017-06-20,-0.00320022373842794,-0.0037047026718160635,-0.0017702964772139008,-0.0007620229550865
2017-06-21,0.00015382701274495422,0.001651494359971971,-0.0013803021238288867,-0.0001737469531825
2017-06-22,0.0021518349853147482,0.004045272419411252,0.0018920227948434907,0.0007108400940911
2017-06-23,0.001430167243293123,0.003840425575963396,0.001786721342269361,-0.0002656025417241
2017-06-26,-5.8716883851337874e-05,-0.0007644601552743475,0.0009643506475559463,0.0020946589918026
2017-06-27,-0.007577193232904843,-0.00861820472887518,-0.006439707593271756,-0.0031967361396684
2017-06-28,0.006507883244007039,0.0064662652887231675,0.003112820659554291,0.0024037879343118
2017-06-29,-0.008911236957170532,-0.01025152243391662,-0.007896338350126018,-0.0012703085721057
2017-06-30,0.00052901666823333,0.0002982902621946547,0.0008037095368658863,0.0018782104492217
2017-07-03,-0.0010410830959111839,-0.00367136948612884,7.78276582250439e-05,-0.0007487360979152
2017-07-05,0.0022561631049641167,0.0030101944963113864,-0.0001424092608108829,-0.0011294664847239
2017-07-06,-0.005796333066974973,-0.006395928891358409,-0.005315153807752008,0.000752196810851
2017-07-07,0.004755082510209859,0.004930898445156334,0.002064795930082816,5.491461808743961e-05
2017-07-10,0.001443604575159253,0.002051498362638042,-0.0008843482563147189,-0.0011229607169206
2017-07-11,0.00031804410361132706,0.0010231079233785228,-0.0005624299272368329,0.0014990865712151
2017-07-12,0.008319587489768241,0.008822403516339165,0.006698716880911777,0.0010339600886535
2017-07-13,-0.00043976105699911847,-0.0006162090329387822,-0.0011261466101220538,0.0028472934480706
2017-07-14,0.005204994145205143,0.006175472544229342,0.004710616491394412,-0.0007910043732202
2017-07-17,0.0002010530858290227,0.0005402944538100434,0.0003858807067732721,0.0024230250661356
2017-07-18,0.0026174794079021004,0.0016652845669524576,0.0018192394516571635,-0.0026834506367634
2017-07-19,0.0038866291731603,0.0035763768170495066,0.0036877216015493066,-0.0020076092042317
2017-07-20,0.0008160152142350315,0.0024842527974800444,0.001789849913605748,-0.0031580630079791
2017-07-21,0.000352424395166001,0.00041209994988733716,0.0005613513573431347,0.0003957011045727
2017-07-24,-0.001639271293370846,-0.003877231848551741,-0.0029098529808424837,-0.0019380947212708
2017-07-25,0.00296470535981885,0.0010487405076275865,0.001316634939687689,0.0007901102091524
2017-07-26,0.004223267366148311,0.004662171404961485,0.004682734666466712,0.0047901206748549
2017-07-27,-0.0005097355337413138,0.005883130055298088,0.003510509093324753,-0.0002556924971495
2017-07-28,0.000743354437593471,0.0007022535300736245,0.0007423881055114664,0.0025698361352818
2017-07-31,-0.00011893660719608135,0.0017514013147285762,0.0011426337972415938,-0.0026097991562238
2017-08-01,0.002546398894939129,0.002165084558687971,0.002263318290308789,0.0005254254093506
2017-08-02,0.0004849456504465017,-0.001009702285547674,-0.0003835234736711023,0.0040262282560926
2017-08-03,0.0005804268126369454,0.00276487167215182,0.0019029467521273933,-0.00302252986877
2017-08-04,0.0005458234313868254,-0.0006525859969848194,-0.0005776445213740094,0.0011276600521717
2017-08-07,0.0017591549161832026,0.00015911719997931323,0.0005276923186756179,0.0002773817535164
2017-08-08,-0.0022590251657183544,-0.0017807954172141462,-0.0018131884771725136,-0.0007889433176509
2017-08-09,-0.0010028710971376198,5.042128557666248e-05,-0.0004684288460120921,-0.0029413653717864
2017-08-10,-0.008799365933311109,-0.0035079832905823656,-0.004820697692243735,0.0008910809043765
2017-08-11,0.0006840313874466083,-0.0005359883297222233,0.00015667721132415222,0.0059487004654041
2017-08-14,0.007379904432229935,0.004133646583599958,0.00493524575445042,0.0004105834109146
2017-08-15,2.0860979275929495e-05,-2.0751759034593457e-05,0.00012593537569434497,-0.0002458222966368
2017-08-16,0.0021584960182626737,0.0010560763634080528,0.0021366548846975366,-0.0025096965326674
2017-08-17,-0.010274380817105433,-0.00964577992679863,-0.008211119468308306,0.0015188452471174
2017-08-18,-0.0012177775592690438,-0.000649785605294062,-0.0009063851626270945,-0.0016053421587671
2017-08-21,0.00151397694237693,0.0008572759969950486,0.001922513412605735,-4.1743446683894744e-05
2017-08-22,0.0071614872552286145,0.006943881190322358,0.004689811500612372,0.0003262489885046
2017-08-23,-0.0016668161650458012,-0.001390125066429543,-0.0010234679300141344,-0.000627939788487
2017-08-24,-0.0012291246730029438,-0.0007501502138164183,-0.0014783771009821134,0.0008619103896024
2017-08-25,0.0014447701668685836,0.0025861521860339573,0.002500729458851673,-0.0009800350104062
2017-08-28,0.0008662500731655008,0.0003753885505326332,0.0007200533088527787,-0.0004617682602551
2017-08-29,0.0018116498392438576,0.001100566127148073,0.0010024337358661565,-0.0001685701016612
2017-08-30,0.0029910277637540824,0.0022334351110359675,0.001120853615196052,-0.0007373242592166
2017-08-31,0.003835693883332573,0.0028891471010662317,0.0034098502779653776,0.0003599846975096
2017-09-01,0.0005082704837090062,0.0013162552101541867,0.00020886306924600246,0.0018551565643837
2017-09-05,-0.002715840129037351,-0.0006672488417817209,-6.832387603306078e-06,-0.0010178176262542
2017-09-06,0.0007955610642078983,0.003181448501696574,0.0009017633432544721,-0.0018643146730409
2017-09-07,0.002122919615726265,-0.0005458764380489168,0.002437666420853274,-0.0031666346654756
2017-09-08,-0.003063748923192145,-0.0027699316920180095,-0.0030061337655106126,-0.0002920671017495
2017-09-11,0.007585415768278714,0.006052649079837199,0.005627164651467702,0.0011880573666095
2017-09-12,0.0008887586686653326,0.003505783470579554,5.699782018914124e-05,-0.0001865947151916
2017-09-13,0.0001973342612012925,0.0017465340881622346,-0.00022753525084035896,0.0011443307777089
2017-09-14,0.0003140962928904256,0.0008444368831064219,0.001457354284131165,0.0003819049447791
2017-09-15,0.002554269026692828,0.002469010614901448,0.001517791182144329,0.0104360426390995
2017-09-18,0.001335468891181085,-0.0016153815535728437,-0.0010380681670993117,-0.0011440437264967
2017-09-19,0.00102848240223308,0.0018234878082959212,0.0011730972190122288,-0.0014577039868102
2017-09-20,3.078211975086091e-06,-0.0006192594098146151,-0.0004596566538098791,-0.0001706885345128
2017-09-21,-0.00280735868207982,-0.003779305951404674,-0.0031566307523875087,0.0028200146821396
2017-09-22,-0.0008698106136429745,-0.0003283132588331224,-0.0002913762748534363,-0.0034805589519275
2017-09-25,-0.0027426449189250084,0.0008119067988143979,0.001321417247969701,-0.0025968959863293
2017-09-26,2.3626395818114274e-06,-0.0016817315330786447,-0.0007503736340934436,0.0004108955115142
2017-09-27,0.0008734875030073597,-0.0027287075519432926,-0.0027822377238484247,0.0016347667623985
2017-09-28,0.002253920131938116,0.0018985892467470672,0.0027373723459326363,0.0017744943989314
2017-09-29,0.002155257013333253,0.0011578181155507566,0.0010053236420794294,-0.0002711831347125
2017-10-02,0.0022157997914775264,0.00016205584273571257,0.0011768683315889414,0.0001124757599647
2017-10-03,0.0029594804252680465,0.0033292399254141293,0.0027331468661824995,0.0021645105693342
2017-10-04,0.0014229051211087304,0.0014811833840257561,0.0014658655684202198,0.0010009545455869
2017-10-05,0.0034741728472856355,0.0015515885149503565,0.0015288240283468184,0.0028201690303058
2017-10-06,0.00019851981192065641,-0.0003703432119684417,-0.0004359266759852292,0.0013091433039807
2017-10-09,0.000286023571539638,0.0005481141257850819,0.0006413425852140587,0.003163262900689
2017-10-10,0.0029412882744966405,0.003711522436167311,0.003136482802226399,0.0011756958521133
2017-10-11,0.002335221562259183,0.0021576828911962186,0.0024113158521482598,0.001870178187685
2017-10-12,-0.0006563486113547643,-0.002168580718247476,-0.00011465836859815627,-0.0012869546868633
2017-10-13,0.0026010715065757444,0.0023340957127939974,0.0021922828274666536,-0.0006729402190718
2017-10-16,0.0012398328270480292,0.0020209049809433114,0.0009091322354891505,-0.003274396607855
2017-10-17,0.0030587476744396262,0.004616750196756979,0.0024206256279130822,0.0004623638682162
2017-10-18,0.00042699233857455214,-0.0002952872944285084,-0.0008224511969083677,0.0027026743100668
2017-10-19,0.0022154223834675545,0.0017966675553671495,0.002660763169748375,0.0092254601766218
2017-10-20,0.0034207878087374154,0.002923940157906435,0.0009335673887629503,-0.0021161516566796
2017-10-23,-0.0019227438229165964,-0.0018736726787252354,-0.0008196355418610844,-0.0031139250856554
2017-10-24,0.0019521558972795422,0.0003649873957503164,0.0002976006639664792,0.0036351076263758
2017-10-25,-0.004018060905734891,-0.00506403302541903,-0.003054311900836141,-0.0053218661708303
2017-10-26,0.0022635060112112053,0.0026234878787339236,0.0016392317002386697,-0.001270290624183
2017-10-27,0.007997075072735208,0.004430455448722296,0.00560060861657614,0.0147206862402872
2017-10-30,-0.0024485893923307947,-0.0044190405509049475,-0.0025119550425059204,-0.0013685022105033
2017-10-31,0.0006995718196736243,0.0006767773642506916,0.0005875918696069073,0.0014894160223245
2017-11-01,0.0010812387651106968,0.0018090378893594924,0.0014894521683021114,-0.0008884416614308
2017-11-02,0.0018050878802981993,-0.0003280115888754781,0.000404899807728391,0.0009373531767962
2017-11-03,0.0021409597536623114,0.0013534462567966056,0.0014858652688660176,-0.0040650232244104
2017-11-06,0.00023850794003385764,-0.0006220426618385568,0.0001376130628574974,-0.0051173563621307
2017-11-07,0.001493974459138419,0.0013866677023562904,0.0020705561226715763,0.0024444764008565
2017-11-08,0.00039900103392362136,-0.000712983521193515,0.00041761467796293256,-0.0005930822085889
2017-11-09,-0.00406130396126415,-0.0007238771493826097,-0.0025028361144081566,-0.0028347530949422
2017-11-10,-0.00038423533567778323,0.00021671053346264591,-0.00127518284208565,0.0018811737654084
2017-11-13,0.002906800927945578,0.0022912617286081254,0.002973681471439548,0.0021640072149412
2017-11-14,0.0007628009065937159,-0.0016610924629815009,0.0007274009947511509,0.0010022856529334
2017-11-15,-0.00440109443367816,-0.003290232706161141,-0.004205676398777535,-0.0010682576566117
2017-11-16,0.007887511832854289,0.006829604782582489,0.005818184650343006,0.0020790875657495
2017-11-17,-0.0031852916768667725,-0.0006986486427838637,-0.002001636762873718,-0.0003095150660129
2017-11-20,0.0015810381970313026,0.00231336491457995,0.0011072480280630691,0.0001145583791123
2017-11-21,0.005362826874302723,0.004121377061854192,0.0044664750924190534,-0.000796261431948
2017-11-22,-0.00020385081733792067,0.0013749946964869775,0.0009351517455475314,0.0005661156463313
2017-11-24,0.0017438606742307611,0.0010742645458288204,0.0013749685907886592,-0.0023908396506935
2017-11-27,-0.00019217984875332883,0.0002058476944985914,0.00014333253379811056,0.0003348544027899
2017-11-28,0.006942828376341904,0.009175177752689204,0.006899988345794648,0.0023161027064482
2017-11-29,-0.0032846388200320816,0.0008672155549588492,5.0573213589743784e-05,-0.0042005306232469
2017-11-30,0.007423831182225568,0.006722170548559041,0.006014035902945894,0.0021841274958551
2017-12-01,-0.001050882625201187,0.001069464678855317,0.0008035813080527911,0.0016120325393213
2017-12-04,-0.002123365865620541,0.0014811935844760804,0.0015809452686632957,-0.0069039816455884
2017-12-05,-0.0023637718102385353,-0.0046948821272709785,-0.0035454570031254406,0.0006080094244641
2017-12-06,0.0018237668419988167,-0.0010576547379591791,-0.00039493079911331365,0.0013469108925805
2017-12-07,0.0006065485260801118,0.0006009503420565907,-0.0009277217788717514,0.001672323743629
2017-12-08,0.0032570156381037858,0.004529572008966939,0.002535623608680518,0.0019921153729088
2017-12-11,0.001849063191638078,0.002096856112867536,0.0018872970025266664,0.0017966271272614
2017-12-12,-0.00039117899209791115,0.001947923456698697,-0.0006642954810220181,9.66886204526873e-05
2017-12-13,0.0037980939609704965,0.002412659721819197,0.003910316076739176,-8.087917382456649e-05
2017-12-14,-0.0021506260424193307,-0.0016729483338885917,-0.002472139642474948,0.0010294868186456
2017-12-15,0.005545209935863262,0.005233480596949454,0.004953505094694271,-0.0010756716253344
2017-12-18,0.0025768858787828543,0.001695745809745849,0.0021512062662076836,-0.0001951777021108
2017-12-19,-0.0038759783622086728,-0.004151250241290452,-0.003564292038173399,-0.0011882083748417
2017-12-20,-0.0008101177511028932,-0.0008009601594656432,-0.0005059498706883943,-0.001438395716331
2017-12-21,0.0007268970576665495,0.000753683154005645,0.0021285884475369687,0.0038782903773858
2017-12-22,-0.0001963622068019045,0.0002843221449228233,0.0001240340915620774,-0.001854847601001
2017-12-26,1.3902429614329634e-05,0.00023697618686186457,0.0007557100341756885,-0.0004897491939877
2017-12-27,0.002312665002914391,0.0026378021337477545,0.002288359963679017,3.0437187461123983e-05
2017-12-28,0.00180654372820868,0.0018645106093033508,0.0015066949997129416,-8.342286865275117e-05
2017-12-29,-0.002359523792048798,-0.0013064877374259908,-0.0018237399842117748,3.1955593018938536e-05
2018-01-02,0.003836503779642548,0.0033860535345569716,0.0032397895828901783,-0.000579783791437
2018-01-03,0.003936552723487468,0.0026500025267140624,0.0033327863122385466,-0.0046089541151926
2018-01-04,0.003667891210049654,0.002827998079090139,0.0035385024692870435,0.0021294253632764
2018-01-05,0.005083242221479848,0.003433259941753815,0.0033590111480214183,-0.0011446897879587
2018-01-08,0.0017006487152656444,0.0017038841478986093,0.0009250010423986775,-0.0023360541134374
2018-01-09,-0.0005999402104837192,-0.002471575708286837,-0.0011189308761279772,0.0007676899222614
2018-01-10,-0.0011466578514886827,-0.0019343664644288173,-0.0011015788096717504,-0.0028425838404965
2018-01-11,0.005703013392496085,0.004948541718659006,0.006196052782662023,-0.0055291313390102
2018-01-12,0.0054324428795718745,0.0045965245440725494,0.0048092744588459115,-0.002587195200424
2018-01-16,-0.0018300100448764322,-0.0016585305116296383,-0.001853052147025276,0.0015436025043875
2018-01-17,0.007300078921625933,0.005082269096146443,0.004888158535665895,-0.001127003870139
2018-01-18,-0.002048075335828294,-0.003241120860259664,-0.0030584540263610517,-0.0018524983822855
2018-01-19,0.0028044426143916,0.0017508849834726938,0.0021796185232139964,0.002101550453941
2018-01-22,0.004715218894348186,0.005305138300630242,0.004857918665507664,-0.0013249117983118
2018-01-23,0.0023523288118824314,0.0006752853024357036,0.00011732507966519644,-0.0061125603713573
2018-01-24,-0.0006751055688865597,-0.0008514349479286129,0.0005126238857140705,-0.0048487912108154
2018-01-25,0.0038285458768478695,0.0036584357674594773,0.0028224397155138655,0.0012307225294957
2018-01-26,0.009901865656573196,0.008988476515257738,0.0077643262108656195,0.0084182875100095
2018-01-29,-0.005973616155123199,-0.007328004817277981,-0.007101238895473381,-0.0036461039442215
2018-01-30,-0.010163186270679619,-0.0075975026677555435,-0.009691906505828908,0.0107383013616373
2018-01-31,0.0018518985641154788,0.0013809865096364399,0.0005870722585721203,-0.0067614517069225
2018-02-01,-0.0030675733920717983,-0.0023679756403541113,-0.0013103087851742928,0.0052615124949727
2018-02-02,-0.015755767217108488,-0.01486041936280979,-0.016799169459229026,-0.0003948549701379
2018-02-05,-0.029404893612289474,-0.023645199379327703,-0.02656855141688588,-0.0007446293369254
2018-02-06,0.011497331830323698,0.004426971676161003,0.008303639878935122,0.0076675642744899
2018-02-07,-0.0029478433025446455,-0.004115749060704843,-0.004738170744286777,-0.0012954902017895
2018-02-08,-0.02839451191234634,-0.021699045694053565,-0.02368644196816372,-0.000740974603999
2018-02-09,0.009826290712370234,0.007393385347682792,0.007538858030003181,-0.0011179845050276
2018-02-12,0.011131325612594885,0.009349985044732258,0.009808627328910758,0.0060110892231912
2018-02-13,0.0019318880560202092,0.002088292541776934,0.0016396733252840667,-0.0004289913137555
2018-02-14,0.004727027620950961,0.00012785274988360017,0.0031842913198940623,-0.0011138377742668
2018-02-15,0.014036854513286921,0.012136952093417443,0.011583875983444512,0.0021460391703628
2018-02-16,2.7525636447700756e-05,0.002104284906380915,0.001841686388177634,0.0022976271597607
2018-02-20,-0.006761777625633793,-0.008666110569005812,-0.008808260993406102,-0.001011747424666
2018-02-21,-0.005983898857527469,-0.0073018585536180295,-0.007178338170860138,-0.0023729300076076
2018-02-22,0.0028830996565597073,0.0034029104253275825,0.0033078914490172434,0.0025762740639429
2018-02-23,0.013413178806308386,0.012874730316980937,0.011951495684733922,-0.0031761025152644
2018-02-26,0.008651563951604697,0.0075526030802525726,0.00701048635096511,-0.004872538070001
2018-02-27,-0.00932681520299044,-0.010239594646966872,-0.009913048629501887,0.0029282115288415
2018-02-28,-0.007782812153433493,-0.0077737688653504895,-0.00698462320630522,-0.0014786389675612
2018-03-01,-0.009349660333903402,-0.005871318848142756,-0.005728285009857304,-0.000197326268737
2018-03-02,0.0028706131737117778,0.001272800598923545,0.0017798637161439304,-0.0023689513570023
2018-03-05,0.009007549168623261,0.007995172662173314,0.0073428559635900425,3.633657364984377e-06
2018-03-06,0.003850241356966984,0.0014281933006598919,0.0017363147151394315,0.0012081287307849
2018-03-07,-0.0009183488433839729,-0.0019140184402319134,-0.0021738314052501652,-0.0026323555355168
2018-03-08,0.0037623101495114246,0.004820146852873246,0.004285770754311182,0.0003248054380432
2018-03-09,0.012094993609709188,0.008528730070676411,0.007829088981240084,0.0020542353120404
2018-03-12,-0.0019789781553666303,-0.001053752268715787,-0.0007645216645463803,-0.0035191493423591
2018-03-13,-0.0033471939047437765,-0.0015536155470011776,-0.0016235381729244867,-0.0009600950987168
2018-03-14,-0.0019505401723857317,-0.0015909600100303728,-0.0012425861111811539,-0.0009036027739594
2018-03-15,0.0008445948028478633,0.0006711217625888749,9.048786094356255e-05,0.002164777891944
2018-03-16,0.0025244992621910865,0.0029106229119565965,0.0024575164050703534,0.0005607416766365
2018-03-19,-0.01047334960012213,-0.008475133161549237,-0.00800137164038444,-0.0003381362843765
2018-03-20,0.002188839993811613,-0.00046954073919367064,-0.0011359352204768714,0.0084291894727195
2018-03-21,-0.0011413902868292918,0.0010374387701855587,0.0001351091622452648,0.0014662290103677
2018-03-22,-0.01760979882147543,-0.014864484112816061,-0.010591078945315278,-0.0030747256691401
2018-03-23,-0.0138728669828617,-0.010191779925109896,-0.010026426414700917,0.0022782739824467
2018-03-26,0.02265032277259876,0.016461971192126716,0.014676787640796676,0.0029341765908312
2018-03-27,-0.015039959435392389,-0.007836311158653993,-0.005011091933868524,-0.0001349048964363
2018-03-28,-0.004864534815775108,-0.0020190475898383656,-0.0015938463958021165,-0.0015788314690382
2018-03-29,0.011250279365916294,0.008910871696937309,0.00758506026499294,-0.0014005026655888
2018-04-02,-0.01364708145947286,-0.011379499807175363,-0.009039753273716818,0.0027543317324788
2018-04-03,0.008029683471363964,0.007137640739917481,0.005269113911185296,0.0017122917122886
2018-04-04,0.0075523768505233535,0.006359965887098253,0.005941642220856547,-0.0016382254337655
2018-04-05,0.004998669741071759,0.004635832605133199,0.003431075819113588,0.0041584074621219
2018-04-06,-0.01371635785921073,-0.010868028134653838,-0.00852795549943922,-0.0029493760686161
2018-04-09,0.0025788201988627374,0.001900237167487257,0.0022188428726200747,-0.0011791634012603
2018-04-10,0.013040299144876769,0.011175381280223938,0.007817042069873683,0.0037801005727899
2018-04-11,-0.003031768910387515,-0.0027893391546476576,-0.0016487326807984664,-0.0030098981801388
2018-04-12,0.0065159490426692,0.0030230788815324827,0.0006799314503945754,0.0032995149288681
2018-04-13,-0.0020340208271331837,-4.2077428137630394e-05,0.0012454003341110095,-0.0024016496342036
2018-04-16,0.00569390601190002,0.0054518424495494065,0.005726836979284196,0.0012285384192309
2018-04-17,0.01123976110207967,0.0059980911866229615,0.005832616000716417,-0.0002787346143976
2018-04-18,-0.00041857055305323027,-0.0020980725213935506,-0.0019096382054293373,-0.0035852711265409
2018-04-19,-0.004617394785191603,-0.004907647037309385,-0.004880767528949493,0.0030092612458952
2018-04-20,-0.007473795518143022,-0.007817201074638938,-0.007865074219708152,-0.0006327167422385
2018-04-23,-0.002568326094250338,-0.0013698149865635347,-0.0010962675581597174,-0.0008102142941038
2018-04-24,-0.00968085149065055,-0.0069278986300084725,-0.005518780322347146,-0.000638469735552
2018-04-25,-0.00029211584442003993,-0.0007714923347232601,-0.001069154359453353,-0.0028705897735509
2018-04-26,0.010224628794938725,0.007086414104712819,0.007086424854820923,0.0003081837362394
2018-04-27,0.0013341853058624373,0.0012146896806597804,0.002167555112596097,-0.0020350569382925
2018-04-30,-0.003670930622558927,-0.003547046093352259,-0.0035637116575811464,0.0015634892188611
2018-05-01,-0.00042759590187279147,-0.003322930540863043,-0.003225334235923819,0.0013517821614465
2018-05-02,-0.005452334337545882,-0.0060250107604976075,-0.005007534114423027,1.3960741489979953e-05
2018-05-03,0.0014930391607072945,0.0002826913985861266,0.000648785010525121,-0.0004844878472838
2018-05-04,0.009270833409438073,0.008026635284202555,0.007236682875665088,-0.0021068511064915
2018-05-07,0.0037269074288114943,0.00101639193986791,0.0005353036196366024,0.0006997957847548
2018-05-08,-0.000824399764005261,-0.002375187077680032,-0.003213456298539647,0.0006735659445349
2018-05-09,0.0052346717540982055,0.002988224186783361,0.0016607554278513887,0.0032593020969453
2018-05-10,0.007971795844725205,0.008215046957001796,0.008462599286427178,-0.000776065906657
2018-05-11,0.0011092269547473218,0.002421332215761772,0.0024683723474700605,0.0014335133677526
2018-05-14,8.299187044802424e-05,-0.0004416762096237787,-0.000740689385361835,0.001604845774763
2018-05-15,-0.008679475868825571,-0.0076720737544533416,-0.008152968422596782,9.334885018176225e-05
2018-05-16,0.0013670310796709579,0.0008650242085129097,0.0003704105108416828,9.617687933621878e-05
2018-05-17,-0.001913695590191023,-0.0025140245891031535,-0.0020609851870052815,0.0010552881167166
2018-05-18,-0.0002634103477439047,3.053357949895093e-05,-0.00033728817148152563,-0.0017513358763792
2018-05-21,0.007418377323452089,0.005722437077439558,0.006074424790255717,0.0005502537066395
2018-05-22,-0.0035106916313201613,-0.001769623312277494,-0.0022262119558956617,4.431716656527043e-05
2018-05-23,0.0050873384636494715,0.0043068144226304055,0.003755920538429627,0.0022652614355009
2018-05-24,0.0003180145541427197,0.0025214366431969898,0.0013556317518119774,-0.0003036079688694
2018-05-25,-0.0006586653608788757,0.00045352601705260796,-0.00022271743682567046,-0.0023512342038477
2018-05-29,-0.005847218312421974,-0.00020874998739701427,-0.0018347565843310101,-0.0026847822140463
2018-05-30,0.008779739578920656,0.005803397334695136,0.006963065973972718,0.0047955925645134
2018-05-31,-0.0046151937262616325,-0.003509727137463762,-0.004256416169256926,-0.0004687234531071
2018-06-01,0.006285758372078922,0.00020455083459707424,0.0016564728700303494,-0.0001015891619057
2018-06-04,0.003081447100783461,0.00018074635706438042,0.0008144738695110089,0.0027811618033933
2018-06-05,0.0009107317097580064,-0.0004569640130720577,-0.00026241924791594576,0.0003210741716527
2018-06-06,0.005692510448332745,-0.0001603542165064224,0.0017794845545647709,0.00040852962667
2018-06-07,-0.0003511814657911114,0.0031248783919277582,0.0032308175254206414,0.0010595870804465
2018-06-08,0.0008977258604066276,0.001062800026753427,0.001437345916479959,-0.0006794336762267
2018-06-11,0.0006696782258535287,-0.00047285526777211107,-2.275957545582854e-05,-0.0013822245172141
2018-06-12,0.0021742363892393785,0.002219275394349435,0.0018453190406693078,-0.0013963947018454
2018-06-13,-0.0010886961457333554,-0.002336097886240909,-0.0027103136811327568,0.0017288214997063
2018-06-14,0.0037283976004605433,0.004274176459708268,0.0037726662897497355,2.4118156676428127e-05
2018-06-15,-0.0037128562136525805,-0.0004041071960080711,-0.000599940476410631,-0.0020800341850117
2018-06-18,-0.000950549330528104,-0.0015073879763487414,-0.0023776322335684347,-0.0026019966004315
2018-06-19,-0.0038164048245033413,-0.002831118968738758,-0.0007280703317622509,0.0001459160655939
2018-06-20,-0.000782839274948729,-0.0033922127796206635,-0.0028600716468053715,-0.0017889040929349
2018-06-21,-0.00564023205564369,-0.004156764847104737,-0.002733106617857112,-0.0018086098672869
2018-06-22,0.0001190627265877906,0.00278265366742817,0.002830174749809264,9.920286093462736e-05
2018-06-25,-0.012521302781194519,-0.008106076058560063,-0.005992367087096529,-0.0001204796688207
2018-06-26,0.0029989884448740696,0.0013674004952117296,0.001174027409076512,2.8230432747318956e-05
2018-06-27,-0.006081551229452568,-0.003094791434121911,-0.00252079201335338,-0.0027464922229753
2018-06-28,0.0041731482940143205,0.0023712811170776707,0.0018222293668299168,-0.0006373852426458
2018-06-29,0.0004464321010416451,0.0003920659429057987,0.00017881038785822596,0.0006358350464835
2018-07-02,0.0031356308787579396,0.0006556688026494607,0.0014850494326473637,-0.0017584624671981
2018-07-03,-0.003744351129336778,-0.0005055959098185937,-0.00034852957370716265,0.0010957325094383
2018-07-05,0.007358366239246004,0.005856763234219232,0.006485847788966834,-0.0033557520030503
2018-07-06,0.005908849691432785,0.00427609661168829,0.0045013375805631585,-0.0005005191905098
2018-07-09,0.00752144091131427,0.005370089336941652,0.0018261497782208632,0.0002706815831998
2018-07-10,0.0027229386760822486,0.003124494523908888,0.0045552516405223216,0.0012478578480978
2018-07-11,-0.004701694600840961,-0.005741443671203902,-0.003922965098318819,-0.0049472488377406
2018-07-12,0.008557824880692327,0.006193603405543035,0.005131577851777156,0.0003873022215722
2018-07-13,-0.00020251693587389864,0.00023415242829805133,0.0005900096981057847,-0.0012444159109095
2018-07-16,0.0006755346180037933,0.0003087677779739328,-0.00013501981522197576,-0.0028661322982709
2018-07-17,0.0012781139652361495,0.000398234357948791,0.001289665598061261,0.0022362731570951
2018-07-18,0.0009342312287739906,6.561405318978827e-06,-0.000247589215983967,0.002953255605464
2018-07-19,-0.0027838558097507873,-0.0013216715688405235,-0.0008892305318616826,0.0012131291445255
2018-07-20,-0.00032072264197363117,-0.0009195525767775225,-0.0009685829224886377,-0.0019219300998243
2018-07-23,7.631311780003274e-05,-0.0019745406729687427,-0.001979657719900387,-0.0023048297571976
2018-07-24,0.004060532739179015,0.004265976426158208,0.004461862391503276,0.0004227834280205
2018-07-25,0.007096481303272428,0.00530088018865058,0.004906383820496304,-0.0017108955493237
2018-07-26,-0.00047543683373842084,0.00016666459273726147,0.000951221134236576,0.001863637995534
2018-07-27,-0.005398449020624708,-0.002880774112252921,-0.002672954569974191,-0.0016819767844377
2018-07-30,-0.006270268573085469,-0.003398447700582015,-0.0034303278505110023,-0.000552147891087
2018-07-31,0.003678201351233693,0.0037032455121079567,0.004349216959267939,-0.0007955731652622
2018-08-01,-0.0014908763595345847,-0.003499530571516789,-0.0028246772115435893,-0.0013165284454285
2018-08-02,0.003260809967123242,0.0012728048004425137,0.0016670908634919392,0.000981878900671
2018-08-03,0.0035329603430719267,0.004152461822974866,0.004866843531184226,-0.0019253917271812
2018-08-06,0.0026473831893320354,0.0014655833751247229,0.001582515035718203,-0.000613339767436
2018-08-07,0.002441303002239318,0.0015527199014625278,0.0007068471274035591,0.0034076484486898
2018-08-08,-0.0002854284959307469,-0.0007258520174458627,-0.0008364442555369148,-0.0008567199184792
2018-08-09,-0.0004166525260560662,-2.025800162052825e-05,0.000225246587529285,-0.0001145120619535
2018-08-10,-0.0045414967810029514,-0.002692959999618551,-0.0028945647487552103,0.002473869885886
2018-08-13,-0.0042246597128117415,-0.004591452461910496,-0.0037550318806220525,0.0003458050735024
2018-08-14,0.004350711281247331,0.0032616540616985977,0.0032943071325431416,-9.04818340087761e-05
2018-08-15,-0.006384565326792923,-0.005535227645479134,-0.003049435923767948,-0.0056005730354996
2018-08-16,0.006336550170304045,0.00637201705011907,0.007650218336044522,0.0004608213121572
2018-08-17,0.0014284290149871586,0.0029737065698185222,0.0027775465375904857,0.0031743668436102
2018-08-20,0.0030612384435559224,0.003438833567862218,0.0020386920284536842,0.0012580030294409
2018-08-21,0.00215223956537439,0.0025835357568673636,0.0001976428980317607,0.001422322294629
2018-08-22,0.0006838067114275654,0.0002929390582413873,-0.0011691726823495623,-0.0010612985159868
2018-08-23,-0.001129853691493231,-0.002488482673632879,-0.0015100008983425519,-0.0019500394398979
2018-08-24,0.007445920966762892,0.0069927383228950216,0.005517960581997877,0.000387585235939
2018-08-27,0.004445567212830837,0.005547029004027811,0.0022693694449202307,0.0017124045687604
2018-08-28,-0.0008275611975561845,-0.0019505465491810971,-0.002047207446302382,0.0002285948296621
2018-08-29,0.004195302966140046,0.00320271649587936,0.00292469677205597,0.0008494542238717
2018-08-30,-0.002778917065834934,-0.0035858988623789236,-0.0018223765146540474,-0.0029512697128487
2018-08-31,-0.0007301959107546559,-0.0014434003988090566,-0.0013284575599767274,-0.0015101926317826
2018-09-04,-0.001002337565619886,-0.0012005253618787063,-0.00171023464324511,-0.0020754574136038
2018-09-05,-0.003615229412751585,-0.0007655248222916398,0.0015679005294181232,-0.0015596212723228
2018-09-06,0.0002004314568343095,-0.00048700650117408054,0.0013128235462629909,0.0025028582776566
2018-09-07,-0.0024982024233948996,-0.0018420453484332348,-0.003650884070123362,0.0006252912888105
2018-09-10,0.0019068012821260023,0.001881587556265028,0.0023388723123726066,-0.0007981867544415
2018-09-11,0.0022851705855219313,0.0022202104338567875,0.00046197592871394006,0.0038622941333215
2018-09-12,0.002597703507308489,0.0031262809551744174,0.002281997004978747,0.002129418029329
2018-09-13,0.003394330344360351,0.0018369127464589767,0.0026909624651298655,0.0027944392774595
2018-09-14,-0.000690591031160966,-0.00026713795020445627,-0.0015469094099211668,-0.0071150208602892
2018-09-17,-0.005086500752553262,-0.002427465699433558,-0.0014593381188736047,-0.0042650908772333
2018-09-18,0.00238301736575369,-9.736474214135785e-05,-0.00026498428529727794,0.0088618484045232
2018-09-19,-0.0002588337087200682,0.00036179401127106354,-0.0007805040285050694,-0.0005112061850606
2018-09-20,0.006005537647498498,0.0059655631993079695,0.006223718859283407,0.0016987959926396
2018-09-21,-0.0008401306064312069,-0.0002712694715563494,0.0006339765758333412,0.0003423256498868
2018-09-24,-0.0005795027787986499,-0.0023025615848223835,-0.0033062238400439815,0.0006143590293879
2018-09-25,-0.00031712313776889047,-0.0007336111818121369,-0.0018540935357042436,-0.0042680203922363
2018-09-26,-0.0012570256167566273,-0.0013268557129025693,-0.0016191357277094236,-0.0003850443103345
2018-09-27,0.0028755444626230755,0.0015477123259380055,0.0017813289666128228,0.0022307431724433
2018-09-28,0.0013767830526684804,0.0013055905166481222,0.001808917391368418,0.0003562214572341
2018-10-01,0.00421086221675347,0.002091163479130394,0.0024425630942816216,-0.0003014163941148
2018-10-02,0.00023315202842658827,0.0024611888410829793,0.0023065348883939585,-0.0015080233130371
2018-10-03,-0.0012276908845410901,-0.003214280689221838,-0.003489819979266189,-0.0013833940231222
2018-10-04,-0.008213663246575891,-0.004751394345830028,-0.004664232947943749,0.0016882112821225
2018-10-05,-0.005654763293696758,-0.004110249653286367,-0.003113564907641598,0.001243760706449
2018-10-08,-0.002785035342082213,-0.0003950135700094813,-5.3943564419793436e-05,0.0001282281136723
2018-10-09,0.0009317867126745335,0.002060175076407132,0.0012252503249557836,0.0002220835365946
2018-10-10,-0.02530191934485892,-0.017475253016633725,-0.017094288401383603,0.0007118251918706
2018-10-11,-0.011345188806426208,-0.009074148713632204,-0.010846513491259509,-0.00216119387317
2018-10-12,0.01251242931124957,0.006963702286973064,0.006975170711334765,0.003204036566471
2018-10-15,-0.006356632251512287,-0.00287543202249195,-0.0024351523026262087,-0.0019753533209576
2018-10-16,0.017146448925771763,0.01723144387683324,0.012318041839249567,0.0052635750104802
2018-10-17,-0.0007452600532643163,-0.0007753110008461887,-0.0002409618849242922,0.0017069893464715
2018-10-18,-0.010346516011505233,-0.01104745006947031,-0.006368830895077316,0.0006181899471753
2018-10-19,1.1989302504502103e-05,0.0005836167072642631,0.0037581292276037542,0.0030672406093133
2018-10-22,-0.0009048628988790447,-0.0020811743135405393,-0.0022133452018482445,-0.0017633221421592
2018-10-23,-0.0030919397260556684,-0.005520685487661637,-0.00031882019996999774,-0.0029696627208431
2018-10-24,-0.020372263429255848,-0.02238196619507197,-0.010970920456426028,-0.0059755786160713
2018-10-25,0.013790228481478376,0.014599368577480117,0.006285001580618868,-0.0016306219864782
2018-10-26,-0.012447751821547677,-0.012605689526729458,-0.009777343345105065,-0.0066556773566644
2018-10-29,-0.006510404147101929,-0.005931880502130662,-0.0012809757660468242,-0.0038134286982341
2018-10-30,0.010508898312289093,0.01272214671695825,0.009395804967297793,0.0065149823904795
2018-10-31,0.006954339819556261,0.008024954937801797,0.0017105867674452112,0.0018738207499672
2018-11-01,0.00665135405901483,0.007000918373811442,0.004051174965955457,0.0056395202742818
2018-11-02,-0.005101035284904807,-0.0034850416553705663,-0.0029134977510732614,-0.0004878334686717
2018-11-05,0.004846050324175474,0.00571724030912596,0.006167145875692669,-0.0022407652545111
2018-11-06,0.003873383806713949,0.004428384473667216,0.0038186686881917444,0.0020836707463838
2018-11-07,0.01688397774997735,0.01709944641589776,0.011788860754903973,0.0053982171105028
2018-11-08,-0.0026008789537031174,-0.0027722910653359143,-0.0016041647738452257,-0.002067566757784
2018-11-09,-0.006659758554128796,-0.00721670114023204,-0.003229400929410684,0.0011610203662926
2018-11-12,-0.015196715135625313,-0.016743257927368093,-0.009589078194736844,-0.0033180188148949
2018-11-13,-0.001081238097158384,-0.001976299803521642,-0.0011360640585050704,0.0077349385312518
2018-11-14,-0.005693853385018595,-0.004757453989014374,-0.003921385462539469,1.275183063077548e-05
2018-11-15,0.007059340910042235,0.007128556096455704,0.004500552926055906,0.0006137843861252
2018-11-16,-2.9392972359267776e-05,0.0005482184640650771,0.0024703067671475857,-0.0032150744818763
2018-11-19,-0.011443535994454478,-0.010466760906380471,-0.0055996485356271265,-0.0013860449322755
2018-11-20,-0.012478813988071635,-0.011832074619731623,-0.010907296988071464,-0.001930454665366
2018-11-21,0.0015186367655467077,0.0024560177353118028,-0.0005757233072000022,0.0032821756585846
2018-11-23,-0.0050844051370604534,-0.005709792293082581,-0.0032636623327340925,-0.0034900002975867
2018-11-26,0.009797623960883203,0.009335658077992375,0.0065119442381288035,-0.0025719771736972
2018-11-27,0.0025372962214606446,0.0010094337322147844,0.0022861307039022463,0.002252080349245
2018-11-28,0.01853959002076081,0.017383213208893588,0.012996006017862986,-0.0012850185700433
2018-11-29,-0.00030030835933572296,-0.0002739043041046935,-0.000255233610631149,0.0073873337124853
2018-11-30,0.006554335820070599,0.005465658363659769,0.006780668244280144,-0.0019227885604835
2018-12-03,0.00953894289855009,0.010109772926243378,0.006731091363046077,0.0005088857735112
2018-12-04,-0.020506027337363817,-0.019477068656668737,-0.013275735800903951,0.0024299925722238
2018-12-06,-0.0007026208724357751,-0.0013398109736005115,-0.0010020004515129007,0.0026553154803805
2018-12-07,-0.015080041597617042,-0.013564889273923858,-0.009634215821621548,-0.0009177996246367
2018-12-10,0.00223214407588153,0.0015943310260307208,0.0016109246174918423,-0.0008205555957927
2018-12-11,-0.00041651253378084365,-0.00048797874974719594,0.0003653699033276262,-0.0025974304480625
2018-12-12,0.0034115275209905906,0.0034822448987324147,0.0010941868297685887,-0.0034449115878683
2018-12-13,0.001964298358800541,0.0013101719008145026,0.0025668518245044805,0.001285207336127
2018-12-14,-0.013593663131953553,-0.01192656847115697,-0.010951480409317016,0.0109543652466917
2018-12-17,-0.012386518940774855,-0.014731545478187684,-0.010724858775054179,0.0015257766614072
2018-12-18,0.0019050903194355474,-0.0006916064157612407,0.001133690734066561,0.0040364665704513
2018-12-19,-0.009641791146122307,-0.012619375479758135,-0.008116040064791866,-0.0043247645921345
2018-12-20,-0.008920376906271652,-0.01299428285075099,-0.007455146477574723,0.0033435295814833
2018-12-21,-0.011479087589442051,-0.011313787859645883,-0.009341454332893854,-0.0028680156703669
2018-12-24,-0.01775148942981432,-0.02389143635103802,-0.015992997437707802,-0.0034635528718081
2018-12-26,0.02760843505632754,0.035659106185485206,0.02293890489078157,0.0051317515498149
2018-12-27,0.006118919013362085,0.007033547435419757,0.006124058508216162,-0.0010764128143669
2018-12-28,0.0014279375623976105,-0.0002902772846938819,0.001680353306031784,-0.0008679524742185
2018-12-31,0.006823595694899227,0.00816649286449275,0.0058944772970277925,0.0028886366551192
2019-01-02,8.438121834918169e-05,0.001804154299927533,0.00036898375228166505,3.078839069288872e-05
2019-01-03,-0.010719510338342786,-0.013884670101672702,-0.007408329525275012,0.0040427704312379
2019-01-04,0.01965764075709692,0.024089251706106454,0.015688671278962372,0.000550814289976
2019-01-07,0.0058413766711346874,0.006276496244069429,0.004563077631906158,-0.0005421103921679
2019-01-08,0.006145687370863074,0.007855624922537989,0.005537645703436407,0.0024489542480709
2019-01-09,0.0013540501654677982,0.0012896720446848007,0.0006717273536292099,-0.0003833732501631
2019-01-10,0.002267535156588587,0.002991165813470512,0.0018851856588028672,0.0013735804176748
2019-01-11,0.0016210097788132499,0.001266684633999667,0.0013123674422799454,-0.0007289959857262
2019-01-14,-0.0046457809263354835,-0.003465259896603811,-0.004197298493489316,-0.000487310448761
2019-01-15,0.006780779836333071,0.005352006309937947,0.0051201592769319106,0.008220524722095
2019-01-16,0.001269078060916695,0.0016033992957578528,0.0014031823204456284,3.5595951403078445e-05
2019-01-17,0.004296413421287483,0.00405314051494214,0.004163064169251023,0.00015500901837
2019-01-18,0.005503815276052712,0.0053082193545943525,0.005288984485898501,-0.0017276373628718
2019-01-22,-0.005797958961453515,-0.005041180602356374,-0.005290398493427471,0.0004234186661794
2019-01-23,0.002925017538304626,0.0027301793880931055,0.0024678470386492934,-0.0019329853811896
2019-01-24,0.0008999353570503955,0.0007852026844207918,0.0009720802690194031,-0.0030272070587908
2019-01-25,0.0024047591800793675,0.002099756537590963,0.0029774529008130984,0.0028812960014368
2019-01-28,-0.006684369308604552,-0.006394104813948613,-0.006082876468613978,-0.0004145820429191
2019-01-29,-3.1386309591236416e-05,0.0005626263538989076,0.00039732475911603864,-0.0032881792769964
2019-01-30,0.010511214538795404,0.00954863967641134,0.009348831375829482,0.0032012422911451
2019-01-31,0.00815860847362488,0.008361665422241938,0.007607523478572048,0.007326794224834
2019-02-01,-0.00015541663862815824,1.4438569383439838e-05,-2.9277062734127217e-05,-0.0018517167457963
2019-02-04,0.003442062623335015,0.0028196324621125725,0.0028916337321994077,-0.0003511625521159
2019-02-05,0.003981605631766086,0.0038675733466533627,0.003875148221222505,0.0009528375819937
2019-02-06,-0.001820702716790561,-0.0018149051912228899,-0.0020506962433612555,0.0005415900553934
2019-02-07,-0.0037028961752476218,-0.0032333133621037908,-0.0034247381420412625,0.00288091234274
2019-02-08,0.0019688526826859916,0.002023513650006239,0.0017202291782839763,-0.0029949422397599
2019-02-11,-0.0012123788940477942,-0.0012290370432839308,-0.0011817916101371589,-0.0031154005009969
2019-02-12,0.0078821780249344,0.007414164104508138,0.007621143620325897,0.0022724707571659
2019-02-13,-0.0004741397759200714,-0.00029785285231460657,-0.0002390894266012846,-0.0013474535343003
2019-02-14,-0.0008534856519559937,-0.0012498810566699315,-0.0008899178785049198,0.0006860327188163
2019-02-15,0.0077735982408145485,0.00777899090413681,0.00795045200089019,0.0024027417225666
2019-02-19,0.0035528634143878178,0.0032818583699918,0.0037557749080885275,0.0002570280178352
2019-02-20,0.0006897804767623705,0.0011988436243625688,0.0008203607022872685,2.7194064190498915e-05
2019-02-21,-0.002391047350853867,-0.0018710741476152862,-0.0027468816508884625,0.0028795326957062
2019-02-22,0.005554642712915553,0.0050313737768013555,0.005205802952196675,-0.0007965452663244
2019-02-25,-9.631956477782308e-05,-0.0001580132674878024,-5.511175645361461e-05,-0.0001089597784136
2019-02-26,0.0006546311863848474,0.0006653237261447885,0.0005794397389865816,0.0003824617440873
2019-02-27,-0.0028713257539910203,-0.002485069821360861,-0.0028847298387000516,0.0014311399016312
2019-02-28,-0.0012821783881930623,-0.0011410936918919289,-0.0014412596845691877,0.0009160977880362
2019-03-01,-0.00011133140791499513,0.00022739658187768795,-0.0005475525454304669,-0.0019968446677012
2019-03-04,-0.00298931599696882,-0.002987959917875187,-0.002786088952143869,-0.0022574931868637
2019-03-05,0.00034724289846540135,0.00016213152478586598,0.0003160301907944583,6.280104540301132e-05
2019-03-06,-0.002210625468188887,-0.0023847936125697684,-0.002171063470942933,0.0006811780816865
2019-03-07,-0.00289350077142569,-0.003076742740284459,-0.0027830046527224984,0.0024518913501251
2019-03-08,0.0008506405408283742,0.0008353192206324492,0.0010889557336147082,0.0006963066989319
2019-03-11,0.0075220445488547736,0.008246752481274463,0.007036388936641961,0.0014110061845677
2019-03-12,0.0033854689072192,0.0032671658118307604,0.0034047324604822567,1.1293761343793526e-05
2019-03-13,0.004015200805986435,0.0040124171260563675,0.0039650781861814005,-0.0007112119344533
2019-03-14,-0.0027899049108222247,-0.0025680336551992936,-0.002896426970638851,0.0040563806747311
2019-03-15,0.004277112154720494,0.004227632816788749,0.004305999137515821,-0.0046755341128001
2019-03-18,0.0015677113979141286,0.0016915951272086262,0.0017543824850479418,0.0016656276637621
2019-03-19,-0.00033806827998305146,-0.0004373234484246762,-0.00044824373313462205,-0.004016001507059
2019-03-20,0.0015906311663794193,0.0019223444580746963,0.0015280156988429112,0.0046568158799083
2019-03-21,0.0056616178941027336,0.004834281016366716,0.005362363749236019,-0.0003521846892098
2019-03-22,-0.004790512576265858,-0.004822629650889608,-0.004452803054158643,-1.670002025346137e-05
2019-03-25,0.0008044187521312718,0.0009676515834462808,0.0007127377623416765,0.0073229068603014
2019-03-26,0.004572567636772927,0.004621416944100735,0.004490363324847525,-0.0046796947129619
2019-03-27,-0.002067156734089466,-0.0019771940321298472,-0.0018723349753093743,-0.0020872743201326
2019-03-28,-0.0001321838170346738,-0.0006711511366647558,-0.0002991621918636469,0.0012831012551006
2019-03-29,0.004533174967520415,0.004430786839357066,0.004253835933694275,-0.0014382603988596
2019-04-01,0.002424236167971512,0.00293805670096581,0.0023406217463747435,0.0011247822906657
2019-04-02,-0.00047717994425675904,-0.0004212023751899173,-0.00036301552125942295,0.0016440560262924
2019-04-03,0.00022672452612729552,0.00019689610825633313,0.0001911121228445978,-0.0005213672806002
2019-04-04,0.0024289778365055533,0.0031800882889388886,0.0025850522430108953,-0.0019501755520046
2019-04-05,0.0030502992368121643,0.0031254947237934778,0.0030708020469805276,-0.0010809914475369
2019-04-08,-0.00023465815421551962,-0.00064703561311703,1.3149681988010382e-05,-0.0005200964853899
2019-04-09,-0.0012467523663558834,-0.000980475327480671,-0.0011348548916924788,1.8770221559802607e-05
2019-04-10,0.002207230250569657,0.002156533273894474,0.002347652449423954,-0.0011198790722258
2019-04-11,-0.0012739427404027074,-0.0011660091716285356,-0.001399195896829076,-7.079841134856905e-05
2019-04-12,0.0033426549600075396,0.005327693248316858,0.003323749760066519,-0.0037239417326728
2019-04-15,0.00043056629730939445,-7.858091749183286e-05,2.0410810995027992e-05,0.0018674695695956
2019-04-16,-0.002096582792756491,-0.002244131624690121,-0.001983539106232208,-8.769256321009366e-05
2019-04-17,0.0007339548054508942,5.07297922236884e-05,0.0010163040215817485,0.0005859019446436
2019-04-18,0.0020319518004839935,0.0018007823365296766,0.0018661174503856466,-0.0005888028468808
2019-04-22,0.0003310275603228197,0.0009900363097534069,0.0002246852035836847,0.0008475117781586
2019-04-23,0.003901969093293187,0.003679529574356196,0.003724773976136924,0.0030875743119876
2019-04-24,-0.00026405271783001003,-0.0009710934979573862,-0.0004775422850109923,0.0039785763453604
2019-04-25,-0.0010371428921953003,-0.0012031801149119728,-0.0015220943509474808,-0.0025572310690053
2019-04-26,0.003092957212681318,0.003210942548322752,0.0025828963645567185,0.0041318834642081
2019-04-29,-0.0016671859823676023,-0.0018474720864575772,-0.001555770595857162,-0.0013969937009269
2019-04-30,0.0036178284130094027,0.0036741783975147153,0.00350546177220528,0.0005989593248681
2019-05-01,-0.005996547856362611,-0.005546506207353535,-0.005816804223825537,-0.0023893148015237
2019-05-02,-0.0024800447902309005,-0.0027413336423801685,-0.0026569320101941596,-0.0007443322691845
2019-05-03,0.006570119017700939,0.006260711163956648,0.006460324318924998,0.0015767116383029
2019-05-06,-0.0013112785463059782,-0.0005998231929853149,-0.0013066082070219993,-0.0008529319491877
2019-05-07,-0.008364172442778794,-0.007018553193796382,-0.007498088224201407,0.0008224440946518
2019-05-08,-0.00265195626364567,-0.002925417942964388,-0.0028123098479514385,-0.0009429312093909
2019-05-09,-0.0018301351024242573,-0.0007351277665788511,-0.0014070641359220611,-0.0019974395259214
2019-05-10,0.005861316558448761,0.004918599672816759,0.005200527947597106,-0.0006118869026396
2019-05-13,-0.009820972976056823,-0.007994191048923028,-0.008999965227966885,0.0001896341261836
2019-05-14,0.0028573957084946497,0.0023850944531725003,0.0026932029270368848,-0.0028053553655839
2019-05-15,0.0041000783555662276,0.003562514353460323,0.0038847601036255943,0.0023189452441619
2019-05-16,0.005667812001323553,0.004304684436730808,0.004775237026253576,-0.0006980178927784
2019-05-17,-0.002212374572595827,-0.001978801335447824,-0.002309699486599934,-0.0034249631778772
2019-05-20,-0.0029459710807122255,-0.00505363047250575,-0.002743172605901634,0.0022219156411042
2019-05-21,0.002854319765858001,0.005126539799284216,0.00284599778814207,-0.0011831263060524
2019-05-22,0.0008992334933410763,-0.00251175469919832,0.000432228310056731,5.117536385263068e-06
2019-05-23,-0.002995909208018859,-0.007051224036828066,-0.002731071561025839,0.0019224293498383
2019-05-24,0.0012246831939682627,0.0018933028127642998,0.0013107376871144016,-0.0033275818604471
2019-05-28,-0.005753055741944908,-0.005496125306531655,-0.005359133322507838,-0.0005006999297044
2019-05-29,-0.004863486837824634,-0.0046222679061552335,-0.004422146100558746,-8.690612008662173e-06
2019-05-30,0.0033590693912258474,0.0025651690367193445,0.0032710670628537213,-0.0021023365269451
2019-05-31,-0.006053193302960013,-0.008378831009100212,-0.004907501053622931,-0.0024989728201285
2019-06-03,0.0033035258795864482,-0.00017572776253417578,0.004001560353991049,-0.0034740504403378
2019-06-04,0.009559533212786294,0.015857764250754733,0.009161117752891362,0.0013695984802206
2019-06-05,0.006630115110481535,0.004793889806856213,0.005510940436119591,-0.0024564709571969
2019-06-06,0.006142659634650197,0.005681727188169223,0.005936083344042664,0.0002344031063225
2019-06-07,0.006302070943312161,0.007280591542536338,0.006113943503803396,-8.419801198710423e-05
2019-06-10,-0.0016355803283049652,0.0016106466502132095,-0.001729155372729579,-0.0005049531147884
2019-06-11,-2.0566758749801947e-05,-2.762934248082025e-07,-4.099078409068534e-06,0.0001787046351325
2019-06-12,0.0014785726868931928,-0.0012098273291275428,0.001264443469725542,-0.0013459998795702
2019-06-13,0.003792241232979699,0.004920872276153242,0.0038090183015498324,-0.0006766466728959
2019-06-14,0.0006895399680851567,-0.0013710539037683706,0.0005227276162517462,-0.0026999440728655
2019-06-17,-0.00019995894068093094,0.0008825979796741224,-7.847714720829067e-05,0.0009685545947142
2019-06-18,0.005846296274937313,0.010059701930577768,0.006347578918287838,-0.0051130762904604
2019-06-19,0.003807777827744712,0.004273455842545268,0.0036310257348158917,-0.0003298421950662
2019-06-20,0.00914844539310754,0.009275634344154852,0.009568238909563046,-0.0015511618943935
2019-06-21,-0.0013442988550499242,-0.0007297759914206947,-0.0012416849645325498,0.0016510142295509
2019-06-24,0.002399840480513538,0.00232042979389316,0.002664651498663062,-0.0011366228276064
2019-06-25,-0.004266743532777527,-0.004659048688203589,-0.004042749202705105,-0.0005128512130894
2019-06-26,-0.0041281926736101635,-0.0045237553123027565,-0.003715319151905043,0.0010184655647545
2019-06-27,0.003245318277695524,0.003658398204828156,0.0033110178535836546,0.0005553904126427
2019-06-28,0.0024179315441457743,0.002355254064587174,0.002708521557603934,-0.0014523893439336
2019-07-01,0.0009102989974596694,0.0006083978728808112,0.00014368387869523292,-0.0011241291282248
2019-07-02,0.00699867973412973,0.007502370321721692,0.0068604024547701675,-0.0017594037061284
2019-07-03,0.006349185906414089,0.006194833343512661,0.006008981059042362,-2.296737338229348e-05
2019-07-05,-0.004828410582366516,-0.004316391909102123,-0.005164563907444398,0.0011891123758015
2019-07-08,-0.0020564303997841083,-0.0021820651072278698,-0.002256733728873788,-0.0021848408545337
2019-07-09,-0.0007219112663790127,-0.0009262756626344725,-0.00044129615413061423,0.0003088265420195
2019-07-10,0.0053143279192030225,0.005827420505404591,0.005249644970542568,-0.000129838269069
2019-07-11,-0.0007760128046471945,-0.0003118714004683611,-0.001203673232704933,0.0025973727026204
2019-07-12,0.0024711866026166495,0.0024301922134222337,0.0027915941476145557,0.0021379242883457
2019-07-15,0.0015979434814150872,0.001654386488930795,0.0013946355958915433,-0.0019908740545531
2019-07-16,-0.0038028243097595754,-0.003957281073459599,-0.0039201110201596695,0.0023846391167432
2019-07-17,0.0005867198875027139,0.0007952052214507004,0.001071930267672021,-0.0022599920849514
2019-07-18,0.002774043289823568,0.0022281984428831063,0.003078077396628788,-0.0065856089350531
2019-07-19,-0.00687504844387587,-0.005284119802909052,-0.006588200257517339,0.0024998150345982
2019-07-22,0.0005699353147644869,0.000221785625316485,0.0006622087236414323,-0.0004906566160114
2019-07-23,0.0009144740970060531,0.003512586272942805,0.0013462478633581073,-0.0003713330744319
2019-07-24,0.001590650506346511,0.003821473095524305,0.0021687891528427592,-0.0018965532262613
2019-07-25,-0.0026287065055264217,-0.0013795193256773146,-0.0027244477903751495,0.0015627778594747
2019-07-26,0.005762097016893768,0.005644394887695371,0.005365440748834715,0.0005483581591621
2019-07-29,0.00047252254629691207,-0.0017109733227085677,0.00027313838689940176,-0.003249865293672
2019-07-30,-0.0030995182100547855,-0.004427051105013277,-0.00299154932596029,-0.0006381671448102
2019-07-31,-0.008398635685449898,-0.007820851715454259,-0.007739241591121793,0.0001442425856366
2019-08-01,0.0013211475090344625,-0.004987761940975612,0.0010530734465800109,0.0013326900241207
2019-08-02,0.00018687214042674086,-0.0019847870546250263,0.00013297043845767432,0.0008076250672602
2019-08-05,-0.012946382910989939,-0.017458204920146537,-0.012386128694684598,0.0049037715200223
2019-08-06,0.010391204598463074,0.00902406203098603,0.010150476659769939,-0.0014579208830384
2019-08-07,0.00200706243460974,-0.0015942862390339232,0.0017957065935774604,-0.0001537264596955
2019-08-08,0.009750981556889722,0.013314216036962503,0.009711203516148507,0.0007705151109029
2019-08-09,-0.0022239629751082944,-0.005352970239510269,-0.00253360282374121,0.0005381867596288
2019-08-12,-0.0037145068696339697,-0.0053997985183781355,-0.003215316956171986,0.0003897046350882
2019-08-13,0.006063047259504916,0.007894458680466624,0.005776903632057179,-0.0013781983322696
2019-08-14,-0.010635574783327944,-0.018001658285736865,-0.010383286437920393,0.0005923667131399
2019-08-15,0.007497500184001064,0.00394851289634651,0.007218341752135687,0.0051824393717337
2019-08-16,0.005318384265569466,0.008610317680635292,0.005190907945687924,-0.0002479530806676
2019-08-19,0.003434138514654804,0.009018245327602389,0.003360506996774889,-0.0020238476433925
2019-08-20,-0.0020621041393348526,-0.0056854534705651555,-0.0017466861320244527,0.0010615255733607
2019-08-21,0.004475215035690461,0.007338504539558568,0.004260881534153289,0.0007443441621028
2019-08-22,-0.0012423280871226906,-0.0007153696752968406,-0.0010714574021659646,-0.0018033540757007
2019-08-23,-0.009641148733614414,-0.01901392883007181,-0.009200732729111967,0.0010431858319755
2019-08-26,0.007578697288868766,0.00880598996390034,0.007179706719148455,0.0002089885939355
2019-08-27,0.001841446913170645,-0.003689192506246381,0.0018260647759418124,-0.0016777480879791
2019-08-28,0.0030564210253835643,0.005800866897610304,0.0032228402224702417,-0.0008234102305767
2019-08-29,0.0050324781104279775,0.010907342813629367,0.005070101066576456,3.290863239694872e-05
2019-08-30,-0.00031082782042816026,0.0012527317027589055,-0.00013944128985200857,0.0010533490060964
2019-09-03,0.0007147573251435224,-0.006955889351968336,0.0005234866275219573,0.0001085646545636
2019-09-04,0.005576948402300388,0.008516913922344077,0.005614500613688774,-0.00273669418533
2019-09-05,-0.0009090999612193516,0.01134179594258238,-0.0007925245875660678,0.0004004854584569
2019-09-06,0.0010672913913863965,0.0010947567894696846,0.0011195231212968023,0.0001446392446961
2019-09-09,-0.002663205935655457,0.0038765776793174603,-0.0021056298799483728,-0.000624290044316
2019-09-10,-0.0031517723120949187,0.004161590275212187,-0.002645775247813268,-0.0049820999492674
2019-09-11,0.005324812375163693,0.006626792263047304,0.005115931128254361,-0.0022551922502781
2019-09-12,0.0011065827583674407,-0.0005054930754946822,0.0009141951008272559,-0.0010179751311445
2019-09-13,-0.004976445865616837,0.0004023879278525599,-0.005104006993399947,0.0041243692290563
2019-09-16,-0.0016754642820015612,-0.0011782101354120553,-0.0008753746579203567,-0.0017919615856975
2019-09-17,0.00382862458879747,0.00018449603488648032,0.0034881350806366495,0.0025104648702217
2019-09-18,0.0002846701574665689,-0.00039626231846208904,0.00012730561097666122,0.0013726672643956
2019-09-19,0.0009639390263405722,0.0008965291649321994,0.0008858225543715606,0.0018516562289382
2019-09-20,0.002011845292206624,0.0020906822369952146,0.0019787893572538497,-0.0007624902157419
2019-09-23,0.0010924021986084733,0.0011986935924641051,0.0008062543710931341,0.0020712638193302
2019-09-24,0.00041715274188099474,0.0002846543500044426,5.538391773217123e-05,-0.0007330771173055
2019-09-25,-0.0015956729834198235,-0.0018518239287630908,-0.001314242017890509,-0.0008852168452135
2019-09-26,-0.00017846060848269806,-0.0001482009272517535,-0.00040975231725949265,0.0009523320514611
2019-09-27,-0.0016317043410453184,-0.0016301868494542802,-0.0016441808911152155,0.0003779740545123
2019-09-30,0.0019553255145204397,0.00182127645062841,0.0018275481922099715,-0.0001051154016228
2019-10-01,-0.005384979697235083,-0.005341769725655279,-0.005402091776333564,-0.0011368871623336
2019-10-02,-0.008646316150496368,-0.007807795448881226,-0.008887179818722932,-5.056688844824995e-05
2019-10-03,0.006308262169829049,0.006893431528397776,0.006213083693899757,0.0027465953461994
2019-10-04,0.010093493840697588,0.009719559892962765,0.010209882506867753,-0.0004549529127686
2019-10-07,-0.003762988197488595,-0.004071594643942279,-0.003802563213895517,-0.0022159913103247
2019-10-08,-0.00652435962526749,-0.005900384074142894,-0.006832220947854202,-7.99350810025204e-06
2019-10-09,0.004000154955966042,0.0037238727995873456,0.003919517819836259,0.00120920477837
2019-10-10,-0.00034071184963545124,-0.0010520128542452025,0.00010777989287868127,-0.0013450685299667
2019-10-11,0.0009473643481693815,0.0005400830212405656,0.0016836570526434272,-0.0004115393418619
2019-10-14,-0.0008767997657161661,-0.00022548310154304216,-0.0007696400971205829,0.0025699891632349
2019-10-15,0.0013410919102551707,0.0010073766026754665,0.0018520183589120093,-0.003069367113482
2019-10-16,0.0016222438358677138,0.00128658344679927,0.0013165264525792425,-0.0003034129461235
2019-10-17,0.0013449745622950322,0.0010301138801443333,0.001752943387487935,-0.0008868292967224
2019-10-18,-0.0021013126544028537,-0.0014698968061299283,-0.0031737732740785667,0.0023626096684468
2019-10-21,0.0015290827827733812,0.001439652457577813,0.0013383998356672297,0.0003764758087748
2019-10-22,-0.0009978568868454418,-0.0007870392640935547,-0.0004540782543631772,-0.0008105411979102
2019-10-23,0.002201245925964671,0.002520122400055082,0.0023237476538638894,-0.0011713768933579
2019-10-24,0.00026857043390729994,0.001162115911106263,-0.000366473868332434,-0.0009108685402412
2019-10-25,-0.00010703062478115751,-0.00046583473169666884,0.00045941786804067617,-0.0015939326262169
2019-10-28,-0.0012600514523791238,-0.0022241901583857078,-0.0008780599874414095,0.0003971803014001
2019-10-29,-0.0016383548398685981,-0.000988957900458379,-0.0013101783231236686,-0.0032483458089002
2019-10-30,0.006797128540049941,0.006241391137700944,0.0066218979736152,-0.0032118380344298
2019-10-31,0.0010349557178568132,0.001391603314960502,0.0009478227755690335,0.0022702095397371
2019-11-01,0.0018159630546109246,0.001847481976665912,0.002227991315992124,0.005570680380306
2019-11-04,-0.005107602424690494,-0.004707425119190268,-0.0037960429339673847,0.002650040134118
2019-11-05,-0.0025584827243935776,-0.0026685893009590913,-0.002926714435571789,-0.0019819536124443
2019-11-06,0.003206112751413281,0.0027160842891218112,0.0027278288886172872,0.002314533236941
2019-11-07,-0.0034772647438931895,-0.004058185650592247,-0.0031201104716768032,-0.0033078520389004
2019-11-08,-0.0010459241124155404,-0.001678793461947215,-0.0012327171647154359,-0.0023274664037857
2019-11-11,-0.0025667592761744796,-0.0022136493554877957,-0.002608140923936278,0.0001772778532722
2019-11-12,0.0014287992621995916,0.0013714105684168002,0.0011569932873148894,-0.0011048313258003
2019-11-13,0.005809020125037033,0.005369913265553291,0.0048383706599338236,0.0012381558811507
2019-11-14,0.0012698520880805766,0.001449478365528498,0.0015148605462662827,0.0029081184982753
2019-11-15,0.002773702160440319,0.004387873542426961,0.0032874157949708245,-0.0055229540926034
2019-11-18,0.002022151911744811,0.0013559923822829196,0.0016802933511798452,0.001622994849947
2019-11-19,-0.004108633051697555,-0.00259286700850816,-0.0031402760085907978,-0.0054909352162534
2019-11-20,-0.001299531673061248,-0.0008448776348106049,-0.0010630183626770219,-0.0011218363361967
2019-11-21,-0.0020336763239084308,-0.0010440473847246384,-0.0012108049361136805,0.0008858185831299
2019-11-22,0.0016884451501114777,0.00264521433390421,0.0020969058247064937,0.001329315302836
2019-11-25,0.002122084161873741,0.002369772837801196,0.0023259436241475787,-0.0015857417806576
2019-11-26,0.004573707458283993,0.0038859418008870142,0.004021782053814651,0.0014477252570613
2019-11-27,0.0013877809305151976,0.001530325943210394,0.0014605526091877833,-0.0006616414135568
2019-11-29,-0.001632446311390248,-0.001602187046149513,-0.0016495445913315833,-0.001019530729885
2019-12-02,-0.005506672875251394,-0.0047664802277206965,-0.0051345667865685994,0.0017126454544424
2019-12-03,6.655477534949717e-05,0.00015486387392756403,-0.00010562094776183792,0.0001216492783252
2019-12-04,0.003669844230203629,0.004224088151375886,0.004045745959195348,0.0022403919095639
2019-12-05,0.0006540497462645961,0.00033889046899942285,0.0006668000648560593,0.0005663283551067
2019-12-06,0.0032010969749316403,0.0029894515809950565,0.003503611652320071,0.0006261845391532
2019-12-09,-0.0013411941031525297,-0.0012468746437056884,-0.0013940069398748135,5.812753634278328e-05
2019-12-10,-0.000373328972708046,0.00014171353316915538,-0.0002233994371413376,0.0028145516045078
2019-12-11,0.0027905530379963824,0.0026476944915280907,0.0024974877473330896,0.0004248562294425
2019-12-12,0.002492302848129944,0.003046098031519811,0.002834462884494844,0.000391127613474
2019-12-13,0.0034914288362618263,0.0025843474140267017,0.003043684934658308,0.0004128037286947
2019-12-16,0.002883616855152826,0.0037109452308978315,0.0033230800268487146,0.0003751320868777
2019-12-17,0.0008310921450278419,0.0005506336407328505,0.0005742461972837641,0.0001901602760555
2019-12-18,-0.002059058116464001,-0.001754474104965434,-0.001961851094455811,-0.0005145793303562
2019-12-19,0.0034457776887026085,0.0037501394078003044,0.0028711979016450757,-0.0018414757258692
2019-12-20,0.003078684087524715,0.0025186202913706377,0.0034068274813295217,0.0011195543795758
2019-12-23,-0.0009704277775037674,0.0008756863863588857,-0.001229780618299846,0.0019866237239729
2019-12-24,0.0009218860063209642,0.00015464551602509475,0.0010736084496454801,-0.0012327514268563
2019-12-26,0.004024012416499705,0.0030848565285449335,0.0035464990596576072,0.0003275337136155
2019-12-27,0.00028586362663242604,9.498434027475475e-05,0.0008376810328957836,0.0012012058772141
2019-12-30,-0.004724728997615976,-0.005049446949874846,-0.003851747048569582,-0.0019651715127349
2019-12-31,0.0014592748446100193,0.0009898141848989157,0.0012851730800491473,-0.0011438045972382
2020-01-02,0.007236328420852487,0.007954443904743988,0.004700500804081429,0.0013068631631892
2020-01-03,-0.004123182374051926,-0.0025343775457775143,-0.0024512689884685,0.0006647743944455
2020-01-06,0.002385774579341864,0.002228227618310944,0.0022826736545262746,-0.0013609349224005
2020-01-07,-0.0025843437877073735,-0.0018383218639892735,-0.0028341062287933353,0.0001693292844862
2020-01-08,0.002955557654758104,0.0012273979288829654,0.0021182841184505725,0.0023310058632912
2020-01-09,0.0058344849357614146,0.0044385318724375076,0.004758144507166085,-0.003004507693866
2020-01-10,-0.0011561835806810658,-0.0012290348515066828,-0.00032094468487010305,-0.001181285735379
2020-01-13,0.004177999111178976,0.0030181632143985947,0.0032807077180961194,-0.0004786773202943
2020-01-14,-0.00018023857627553694,0.0010431929848138703,0.0007097728831978032,-0.000276841566932
2020-01-15,0.0019198120004087595,0.001914702234933562,0.003906074538080852,-0.0001012770929604
2020-01-16,0.0058151587059321755,0.00492532079471096,0.004665014924971565,-0.0001147744360708
2020-01-17,0.0023238341323074327,1.5163520514351161e-05,0.001903394788471688,-0.0018757029650906
2020-01-21,0.0008914345473654821,-0.0022509225770405957,0.0009822092720554452,-0.0001418516570844
2020-01-22,0.002600926775413331,0.001167320388761741,0.0016330339712203113,-0.0016798550560044
2020-01-23,0.001323309011461391,-0.00040771128227749755,0.0018797515197022498,-0.0008938222457676
2020-01-24,-0.002113155046876517,-0.004024114988619276,-0.002874073561296341,0.0006780490087129
2020-01-27,-0.007755628551220773,-0.009116470011408272,-0.005136728289146071,-0.0006340342917132
2020-01-28,0.006622647993326585,0.006654609690235439,0.003382017596217486,-0.0021754010145096
2020-01-29,-0.0009736262385316252,-0.005446748784820709,-0.0007114223650113063,-0.0001304963315227
2020-01-30,0.005162513615873855,0.003365935014227611,0.004621202698795322,0.0004856382658093
2020-01-31,-0.009756921221116438,-0.01083434709651852,-0.007258404813711007,0.0086651130136774
2020-02-03,0.002895679523590794,-0.001669877362356899,0.0013464618139889055,-0.0026716184959757
2020-02-04,0.00626149557505501,0.007723585789777213,0.0036887984115555592,0.0078408431157635
2020-02-05,0.006373291999933258,0.010601159476719201,0.006866144474585104,0.011865423139422
2020-02-06,0.002275324267227997,0.0019657756343615953,0.0016119202580175173,-0.0014155470955395
2020-02-07,-0.002270614998209316,-0.001923730199866019,-0.0012712376365032149,0.0006093811522509
2020-02-10,0.005175061738141003,0.0030190676856283838,0.0038638702242727516,-0.0051245909304999
2020-02-11,0.0005460557498280518,0.00017916843316581594,0.0004656796198649314,0.001045550502328
2020-02-12,0.0031484504097303366,0.003129569709580361,0.0022857682989325646,0.0017311548097354
2020-02-13,0.0028154114323031437,0.0018067821337881863,0.0029559966311881463,-0.0030653129783811
2020-02-14,0.0033853538186004247,0.00041097685178694227,0.0024164805847730723,-0.0061722610385726
2020-02-18,3.024384786746223e-05,-0.0005984086237232591,0.0006318328007010747,-0.0035814029855615
2020-02-19,0.001240195708384118,0.0031704507913034425,0.00019604418043110163,0.0015112584764545
2020-02-20,-0.0003885227628259567,-0.0018144482993117383,0.00038577065859991816,-0.0038417827993168
2020-02-21,-0.0033243148249825646,-0.004124595452623086,-0.0006123848730375468,-0.0009903760361856
2020-02-24,-0.018695616757375567,-0.023195708768892834,-0.015594714837130428,0.0066817685113672
2020-02-25,-0.016812097220803603,-0.020131300997284413,-0.01571694836874218,-0.0021992892136749
2020-02-26,-0.002503519473790768,-0.0023135512230956033,-0.0025326395770054596,0.0025358229509048
2020-02-27,-0.031698751629114556,-0.032046101643464685,-0.02826529877329019,-0.0068249669146862
2020-02-28,-0.008077223095417382,-0.008399970642429455,-0.010370803497138988,0.0123234097332763
2020-03-02,0.033016450712333244,0.032886005111067824,0.030895895967347722,0.0112152039359792
2020-03-03,-0.012802027570290916,-0.01819745779433797,-0.00997252686973499,0.0003868013168816
2020-03-04,0.032175998603404934,0.03500018157776067,0.03085166451688404,0.0251205816800328
2020-03-05,-0.01945225811576076,-0.024123925866136847,-0.01603752968876536,0.0023896332467615
2020-03-06,-0.006397059673421912,-0.008677904356067903,-0.004177196921633327,-0.0091860806534977
2020-03-09,-0.048974591793295774,-0.057895913160439245,-0.043700199174358176,-0.009948818862023
2020-03-10,0.022376301901767585,0.028446157067644424,0.01604729363595365,0.0019270867741764
2020-03-11,-0.04067845261504582,-0.04574921586737151,-0.03988581660037112,0.005864269064105
2020-03-12,-0.07795560558906806,-0.07677249878753237,-0.07337248460991555,-0.0020043803634469
2020-03-13,0.06682660370846809,0.07876771920413918,0.05796048183557479,-0.007607065820688
2020-03-16,-0.08008903119514388,-0.08187537735038516,-0.07110406074624792,-0.0120687473443397
2020-03-17,0.039595307536032395,0.03998784804067228,0.03701002954752611,0.0006001057750242
2020-03-18,-0.04203529360197514,-0.03802578872035679,-0.0413228859922131,0.0014610973777424
2020-03-19,-0.006367359287783507,-0.004063252055183864,-0.012190659250209894,0.0155930002125574
2020-03-20,-0.02849332951890213,-0.020321143675299986,-0.0223259736983441,-0.0063350218270066
2020-03-23,0.0027779824569215818,-2.2399263960572462e-05,0.0027491026715096697,-0.0223523222082645
2020-03-24,0.06813074328950776,0.07262024178215326,0.05490695640879837,0.0204123750558601
2020-03-25,0.005392055798884386,0.0170450986560885,0.00918687777150042,0.0236406140528564
2020-03-26,0.04452964152229745,0.04575874175011501,0.04104422792121343,0.0051891030411209
2020-03-27,-0.01934264271298953,-0.02346426318392,-0.015600901250904773,0.0014865760387022
2020-03-30,0.028105044057152254,0.022543611266362163,0.024065607196601627,0.0023170567022327
2020-03-31,-0.016128387946984655,-0.013540211644829457,-0.015043233707081907,0.00655316570303
2020-04-01,-0.0316589608311707,-0.03056936501385979,-0.02411021023474006,-0.0029804042073321
2020-04-02,0.02140645340984925,0.022505445112588365,0.02066540847737243,-0.0010411460501455
2020-04-03,-0.013415058385624398,-0.013035266670025688,-0.010225382194551895,1.8741312250635168e-05
2020-04-06,0.05309882051966062,0.05002553658477088,0.04363456597802322,0.000301530334722
2020-04-07,-0.006694672155786231,-0.002332906732548372,-0.005127225751725599,0.0020497289418259
2020-04-08,0.01986704330639897,0.02408382226697235,0.020091437867841157,0.0037555171924502
2020-04-09,0.021373588110937147,0.02417457517538217,0.02327390828543865,0.0069084597341027
2020-04-13,-0.002887923287116357,-0.007429517099160758,-0.005377035339367473,0.0029410824035114
2020-04-14,0.024585713048904004,0.016187451500769164,0.01922113954271281,-0.0112267963273692
2020-04-15,-0.010815893891889436,-0.011927138439730076,-0.009332830802055056,-0.0072126905819279
2020-04-16,0.00845444198852287,0.001134213499220781,0.00408324385757971,-0.0131861875565454
2020-04-17,0.008352252740039812,0.017129001832930816,0.010877013612614466,0.0112315748670652
2020-04-20,-0.009505392971234627,-0.014445097223712686,-0.008689112231675749,0.002252958980437
2020-04-21,-0.016497410290123523,-0.01789462900858795,-0.015194875220350852,0.0021981406694843
2020-04-22,0.011929635981602293,0.011197519995638845,0.010344871929307244,0.0007031213137465
2020-04-23,0.0014634858729981703,0.0038017786614894153,0.002554409481392269,-0.0039722525763726
2020-04-24,0.00512563296431832,0.002945028809618157,0.0038272180646455787,-0.0010891402668943
2020-04-27,0.0021167353011968494,0.0073132405139499585,0.00200783147959069,0.0021187116826179
2020-04-28,-0.0055472335063869345,0.002227556430407505,-0.004294605019462846,0.0059519514458433
2020-04-29,0.010167291231750841,0.016102405892878688,0.010789971126390515,0.0031252733506939
2020-04-30,-0.008114940391875675,-0.01415290595421926,-0.008495958409689823,-0.0046225992022395
2020-05-01,-0.01328742546627791,-0.017977929775427774,-0.013917713233486376,0.002174068887269
2020-05-04,0.0021064546879373904,-0.000876508023201816,0.001130836115495781,-0.0082140392906757
2020-05-05,0.004873259195893059,0.0016416076273287976,0.004488711430567949,-0.0024122230417421
2020-05-06,-0.009122435667198526,-0.013007506973239227,-0.009318610348748249,0.0018456425805743
2020-05-07,0.007602030537554039,0.011357639949540515,0.007386411517535331,0.0011625891595547
2020-05-08,0.00943253425243151,0.013437254555612574,0.009262762383928771,0.0033293398202184
2020-05-11,-0.0018553391723583363,-0.008743693654939214,-0.0028927360582142883,-0.0060072774109356
2020-05-12,-0.007778686469123541,-0.01085234709299739,-0.007357826284708773,-0.0047136770412378
2020-05-13,-0.005831966609277348,-0.010058827868473511,-0.00575702794701117,0.0033445385767813
2020-05-14,0.009137032298318682,0.01184871228962986,0.00823820269049987,0.003992811595586
2020-05-15,0.0045361166122735806,0.000762977015741345,0.004026102577650363,-0.0014093442855429
2020-05-18,0.01267483270284481,0.02610064726045778,0.01355281896090487,0.0050573962917922
2020-05-19,-0.005060663728842791,-0.0088332538884049,-0.005328558472045631,-0.00142603157024
2020-05-20,0.009566568184558262,0.01075938705853663,0.008969079276178427,-0.0008132338181785
2020-05-21,-0.0077082456716999715,-0.005632078213420507,-0.006617538559141388,0.0013338337318021
2020-05-22,0.0031058617079182966,0.0027348446331903796,0.002440958142959803,-0.000891090827531
2020-05-26,-0.0027721273867234216,0.0052788443704526455,-0.0009595871139890144,0.0035164088755519
2020-05-27,0.00648089052896833,0.011503536690733444,0.006661888068062199,0.0040926524249241
2020-05-28,0.0024059423334768797,0.0016352340552795576,0.0026397760655594935,0.011598811968215
2020-05-29,0.007638370369986774,0.004156667985820196,0.006687823532256857,0.0042692422469784
2020-06-01,-0.0011220705052515764,-0.0012287238361251048,-0.0018969551553946543,-0.0020022374694173
2020-06-02,0.0036858251617814617,0.004819999289454388,0.00405268816151985,-0.0007582538516478
2020-06-03,0.0008076552986359985,0.006918034380062102,0.0014697099324900628,-0.0032633171610237
2020-06-04,-0.0054437424995586094,-0.0020710880778234335,-0.004581147739873646,-0.0031841342888172
2020-06-05,0.009669962602111079,0.013158363612819449,0.008362585411536384,-0.0046239280973182
2020-06-08,0.007535316997395462,0.01246704109198728,0.008489373091458412,-0.0070247039856981
2020-06-09,0.0012232675195162585,-0.005633824276974051,-0.000960366407093369,0.0024049209950946
2020-06-10,0.005935781410507127,-0.0019689695080286514,0.0034838665462609375,0.0109760595609922
2020-06-11,-0.032397818341242605,-0.03650692348496598,-0.029746039828944887,0.0101848748680059
2020-06-12,0.004000992103899063,0.00641009211757911,0.0038384950225792943,-0.0084082708081162
2020-06-15,0.006871957254133638,0.005998196737345145,0.00637178423940305,0.0006158526303671
2020-06-16,0.008270853966499169,0.007367947545203412,0.0068372678272757195,-0.0046408032572658
2020-06-17,-0.00015545978194322988,-0.003764965849950299,-0.0011571328723030566,-0.0022040722248239
2020-06-18,0.003001049074516884,0.0029841764251888727,0.002999561017394622,-0.0034004124784432
2020-06-19,-0.00019330511811106865,-0.0026531255669589573,-0.0002546277096459186,-0.0002598014852162
2020-06-22,0.0077590655189439355,0.0019023727382152511,0.004875967436132576,-0.0086544313808764
2020-06-23,0.0016180734959986415,-0.0005719355534580828,0.0006028082785271726,-0.0025744690705394
2020-06-24,-0.012119535541656195,-0.014997846821573312,-0.010077427316165781,-0.0019952175512729
2020-06-25,0.005722911968853562,0.0046272592349017655,0.0042177534210495774,-0.0002258792275226
2020-06-26,-0.014920143629654038,-0.012887187346106851,-0.011154596753905698,0.0088039586147993
2020-06-29,0.008432706952823504,0.011662948644276916,0.007722673616760773,-0.0026868647335734
2020-06-30,0.010524936794777182,0.007405134652888217,0.00822918919287908,-0.0023972184702674
2020-07-01,0.008036012088292398,0.002386217110586208,0.006583024467193641,-0.0168154819932458
2020-07-02,0.0031526130856174422,0.004469871733428743,0.0031195900827065562,-0.0002967060000217
2020-07-06,0.012591079368415756,0.006707926498146734,0.009616057208518328,-0.0028886134121642
2020-07-07,-0.00010981525175292103,-0.0004193414798124658,0.0014127094554515053,0.000476762231471
2020-07-08,0.007166882743125781,0.001851648639107617,0.004535176114931696,-0.0026582384035668
2020-07-09,0.003630306762129119,-0.0032325086141409033,0.00289541802727236,-0.0036037779867778
2020-07-10,0.009080406485831659,0.009903740543744377,0.007903829738532521,0.0010568140599163
2020-07-13,-0.00902953698160239,0.0012450174510815657,-0.005667854934888051,0.0040647180741412
2020-07-14,0.008855961999512404,0.012198495727843976,0.00812422429089142,-0.0041034595959735
2020-07-15,-0.000823547765386688,0.002583956593137539,-0.00026794784322680646,0.0005233930771184
2020-07-16,-0.0008208917217384457,0.000624200831613191,0.0002976946753451862,0.0004722579274635
2020-07-17,-0.0003181392411339617,0.0023093741161943123,0.0005182876992948837,-0.0016423492145645
2020-07-20,0.011766885536645687,0.0121165001552226,0.0063504967871986775,-0.0025492208152421
2020-07-21,-0.0008476898170655117,0.0037019024506567974,0.0023998630510084344,0.0121182961289084
2020-07-22,0.005397036005634175,0.0016139808496838251,0.006439830080988968,-0.0071166579298126
2020-07-23,-0.008260623199931516,-0.009080355848559379,-0.003135039393309921,0.0008677961578165
2020-07-24,-0.0024114599459943015,-0.004049850822225715,-0.0022700457328407113,0.0016251449792738
2020-07-27,0.00742489713286917,0.007136789283868419,0.00433376800832082,0.0011575561648037
2020-07-28,-0.0021234168194086255,-0.005212366943819801,0.0011141953795852889,-0.0012849098151524
2020-07-29,0.006495523851434852,0.008325242247433449,0.004888465607795228,0.0029587394888628
2020-07-30,0.0032585152128168254,-0.0015108745046423671,0.0015231420107651068,-0.0030624947972492
2020-07-31,0.007295022801791155,0.005241041826110192,0.004122536470926455,0.0021950944355373
2020-08-03,0.004521101980916725,0.006448121828351354,0.0015135142685732748,0.0021446051354642
2020-08-04,0.00895105515043104,0.007752505369302396,0.008767844267593715,-0.001573676530518
2020-08-05,0.0020760410203742546,0.006049817373140786,0.0009185212975734527,0.0016048357781648
2020-08-06,0.007574093368446243,0.00753919020943901,0.00585006622716136,-0.0029012764390842
2020-08-07,-0.004383343814428719,-0.003985561569166632,-0.0023297198198426153,0.0029849251645017
2020-08-10,-0.0005621577171194677,0.0034808811093486993,-0.0005137291442756908,0.002613084015669
2020-08-11,-0.018419663250910368,-0.013478714156453016,-0.016593670108546173,0.0024909538782005
2020-08-12,0.011208242080737925,0.008723707108039304,0.006621049513664229,-0.0018123522637647
2020-08-13,0.00040695821652718124,-0.0024421909569722158,-0.0011513728272924172,-0.0006523517678282
2020-08-14,-0.0009642459267706807,0.0003399629878714654,-0.0016715812954807543,0.000403285454679
2020-08-17,0.009187112804851806,0.002841422317112969,0.006885132958687813,-0.0036575732006102
2020-08-18,0.006258322052618369,0.0036113887871046914,0.004401934949318407,0.000820018546515
2020-08-19,-0.006872051206173135,-0.005094905956058672,-0.006889777546856395,0.0005421633212045
2020-08-20,0.006176600689823494,0.003288826331510186,0.003920632138400667,-0.0018945620049896
2020-08-21,0.002858708800563086,0.0006790871045044014,0.001722413706844354,-0.0024113310159227
2020-08-24,0.0036786541390250184,0.005848878249744035,0.0036525929980420076,0.0006557317670969
2020-08-25,0.0006376554504646349,-0.001715440123559687,-0.0008672806705885629,-0.0020450417391202
2020-08-26,0.016129278700920298,0.008681620505149357,0.008029589342837441,0.0040951330638894
2020-08-27,-0.0036178183521401322,-0.0037927336244750792,-0.002893598336020287,-0.0004603895049696
2020-08-28,0.006692251129224606,0.005410871245887008,0.006224980505904451,0.0006742962043902
2020-08-31,0.0012954858911545558,-0.0012964045766623111,-9.992924316842855e-05,0.0020984518158852
2020-09-01,0.01192815493217381,0.005341850771672992,0.007426150808284823,-0.0017415575966852
2020-09-02,0.009805629979525447,0.010583043510025264,0.010151881442415925,-0.0009149856884272
2020-09-03,-0.026923235024782503,-0.018479483591444638,-0.0177512605679296,0.0034284029148041
2020-09-04,-0.010329525748045573,-0.00751919525674,-0.008588066164785822,-0.0040565891582388
2020-09-08,-0.018735412645067943,-0.012484826099490823,-0.012047286414245285,0.0028407864552905
2020-09-09,0.014993329192466057,0.00977254180808616,0.010925901329556733,0.0026585606116423
2020-09-10,-0.01217225598915179,-0.008621468529189784,-0.008793859014288941,-0.0013380435942609
2020-09-11,0.0001836290613452109,0.002481558311152153,0.001908637924545128,-0.0043022021176949
2020-09-14,0.008919109976094408,0.00843417740321732,0.007297910221818746,0.0014338131474504
2020-09-15,0.006402680967411657,0.0034845521656907824,0.0038596302255964506,0.0081807374934704
2020-09-16,-0.0074340828689783145,-0.0019306142605617675,-0.004330072843600266,-0.0085830675141886
2020-09-17,-0.005114464703923413,-0.005524050596599494,-0.0026632654556792107,-0.0073174352093659
2020-09-18,-0.006572373097292718,-0.006065800742899016,-0.004524597547955952,1.4994193944989354e-05
2020-09-21,-0.003909772641745364,-0.005766361802655819,-0.00968976479459224,-0.0018809533895635
2020-09-22,0.0061457932352196295,0.0053801865693797295,0.0019653356233634875,0.005730946307849
2020-09-23,-0.018674270814475084,-0.018554975832251526,-0.014290157447187982,-0.0017082535768162
2020-09-24,0.0035541958691423688,0.0031128766438911306,0.002819715874015466,3.386569304366868e-05
2020-09-25,0.009452011005891867,0.008319579566226382,0.00471963584629391,-0.0005308116760876
2020-09-28,0.00988667328435576,0.010927986083565036,0.008077075043957466,0.0043348176656141
2020-09-29,-0.00039408789797497053,-0.0016248891290419102,-0.0015530421085245439,-0.0003958479798821
2020-09-30,0.005432067649678801,0.005064658613249952,0.005420890214082441,-0.0022483117961881
2020-10-01,0.007230255199246236,0.005603020619997191,0.0028712806506376825,0.0012143728814514
2020-10-02,-0.010172600801603591,-0.009629108431903701,-0.0024335476803974,0.0042519219571647
2020-10-05,0.009954792455558059,0.009328893777749212,0.005704498535163585,6.313920135861025e-05
2020-10-06,-0.00846820023754471,-0.008917685902894145,-0.0054762460810181,0.0036712358477558
2020-10-07,0.011126485676817193,0.010470119991193728,0.006851977589789605,0.0019423141353337
2020-10-08,0.004124385892187036,0.005525336735285709,0.006822971648261625,0.0011334565184298
2020-10-09,0.008713050577143845,0.007993884055472238,0.0051330323441433085,0.0005010078339298
2020-10-12,0.011407545828006148,0.011546589065002163,0.006311660832759509,-0.0029132172481293
2020-10-13,-0.0027879459014459613,-0.0032418510225248882,-0.0045038772860509415,-0.0010043181589421
2020-10-14,-0.005096076651265587,-0.0054136356077830496,-0.0033061362835566026,-0.0034010052377597
2020-10-15,-0.0019131499361621264,-0.0018017189793163837,-0.0010249650849368725,-0.0005120674959098
2020-10-16,-0.0003439638341970017,0.0014428561992332225,0.001347493602305071,-0.0025593461718209
2020-10-19,-0.010037553138412513,-0.010462390733552446,-0.009091613551783562,-0.0042080940170607
2020-10-20,0.0023287533951012454,0.002096760324897029,0.0018329842580377407,0.0028485245617828
2020-10-21,-0.0032848614174497076,-0.004034717554488532,-0.002337350133754644,0.000780270044319
2020-10-22,-0.0018960689047432054,0.008556193080824686,0.004453660155910023,0.0007187416421886
2020-10-23,0.002957920612119451,0.0015165248115944381,0.0022643208931103064,0.0080567080683827
2020-10-26,-0.010570728407081733,-0.010363378265174574,-0.008725560626429317,0.001130450704598
2020-10-27,0.002576288173034427,-0.004269933536462131,-0.0021959244021175226,-0.0010684970805704
2020-10-28,-0.025941773030281803,-0.0230802392701194,-0.021167072489401053,0.0012954745159813
2020-10-29,0.0050414855725878635,0.003993903695820853,0.00228674392774503,0.0064946698558489
2020-10-30,-0.009281196144591882,-0.001403960222807041,-0.00217396022804574,-0.0038895411151872
2020-11-02,0.00853681433846853,0.014126565053191136,0.011266355044807604,-0.0048125538130299
2020-11-03,0.01119290699684539,0.008801828704869447,0.009288625157750221,0.0031860955642947
2020-11-04,0.015583925877661711,0.003880900136844469,0.00500631827358919,0.0122069832529972
2020-11-05,0.014710021129152531,0.01454381240253954,0.011269356809465678,0.0005568507488529
2020-11-06,0.0009487195175391718,-0.0008522678854253678,-0.001226159135437585,0.0020791399749458
2020-11-09,-0.010922209855897501,0.018411619336177156,0.008975469017120168,-0.009546385461824
2020-11-10,-0.0013787546174472776,0.008854075503710514,0.005926367922555091,0.0037550231104505
2020-11-11,0.008154087828343004,-0.00046129237773161105,0.0014247243065027223,0.0053056069755332
2020-11-12,-0.0033471833524484984,-0.006236399025139581,-0.00434978073633842,-0.0019810909034568
2020-11-13,0.007193345847430257,0.009763737002492676,0.008469848881296812,-0.0007644723900904
2020-11-16,0.0043786410447479475,0.004215962576809957,0.005165439947744143,0.0011607816725659
2020-11-17,-0.002355098065992836,-0.000849417459931634,-0.0028457581116171833,0.0059315627890584
2020-11-18,-0.005542709966929005,-0.00512294576321558,-0.00615420352980566,0.0026942878616989
2020-11-19,0.003370255403668048,0.003089293397506476,0.0021487926352024224,-0.0027811035569205
2020-11-20,-0.002947911745817154,-0.0024123330821855153,-0.0013372488920403596,0.0002449858043693
2020-11-23,-0.001115155493406585,-0.0008291276321895948,0.0009012402586856931,-0.0038705710137435
2020-11-24,0.0043296455305989155,0.0047521391183925595,0.004963063908875901,-0.005058183102844
2020-11-25,-4.0704867421821886e-05,-0.0006364075237762097,-0.0015382726837403751,0.0077403825158518
2020-11-27,0.002189295242826876,0.0024117447962559158,0.0009109516344747711,-0.0015327486789236
2020-11-30,-0.0007364720501093384,-0.0010319105735981735,-0.0028527537875019196,0.0024908563729064
2020-12-01,0.005675713159833237,0.005248544070665269,0.004865725667891843,-0.0039450387696334
2020-12-02,-0.00027073060815424734,-0.0007172599476715217,0.001683282260844844,-0.0088823782194402
2020-12-03,0.0007004860726952525,0.0016264167972525837,0.0017027332540790617,-0.0036556749832977
2020-12-04,0.0003106273946753317,6.897554499938274e-08,0.0008295100615953906,-0.0022676228685555
2020-12-07,0.003162235979561968,0.0035381005076507294,0.0013293698859232687,-0.0010399962447443
2020-12-08,0.0023192273969863727,0.0017333456922825855,0.0033815219868976116,-0.0015911588758736
2020-12-09,-0.007931095059641496,-0.008290544749482334,-0.0036811448580084728,0.0004082193986979
2020-12-10,-0.0009726046783183835,-6.331274503553863e-05,-0.0012822840461399732,-0.002784297192858
2020-12-11,0.0017999039061067214,0.0022553145919540028,0.001662046163633676,-0.0099785849991167
2020-12-14,-0.0010962021153979576,0.0006117351042886337,-0.004799098201330391,-0.000508369791244
2020-12-15,0.00630497470957425,0.006099077717082595,0.007084087580584362,0.0007846728085577
2020-12-16,0.0014377828340573378,-0.0002872271172873012,-0.0007388334804065794,0.0013432752646321
2020-12-17,0.00548456471041187,0.005075461907930956,0.004675735989787901,0.0030686426922452
2020-12-18,-0.002224925432186307,-0.002256718653721385,-0.0015166812098117042,-0.0011216674476003
2020-12-21,-0.0036585981250726683,-0.004535991108113467,-0.004327444644233383,0.0035320194846786
2020-12-22,-0.000494145662818375,-0.0022696192724464227,-0.001862079072131062,-0.0020530715512311
2020-12-23,-0.0017389141204281937,-0.0013395711288071576,0.00021584468911657002,0.002105127065059
2020-12-24,0.0025661685786643037,0.0027223600052182968,0.0028403774160399857,0.0006585029929323
2020-12-28,0.004118391448858151,0.003307601572809064,0.0033568652664705953,-0.0007040366222824
2020-12-29,-0.000469751958215066,-0.0009772624687551022,-0.0007639929013475975,-0.0008665019353884
2020-12-30,-0.0003023267493650358,-0.0004161333223492555,0.0005351567158495269,0.0007094184866388
2020-12-31,0.004052290857181068,0.0044279588576660095,0.0046516367003489306,2.4870176339491563e-05
2021-01-04,-0.006237733965345628,-0.0033538343652788493,-0.004664836565943322,0.0028623133625727
2021-01-05,0.001497287926582476,0.0003436662743548091,0.0010295313546610635,0.0002767917766099
2021-01-06,-0.005877252573849629,-0.0022361708187211586,-0.0013636410686025122,-0.0012826860806193
2021-01-07,0.003824299584970809,0.000306911843158485,0.0016566188979537618,-0.0060939104828345
2021-01-08,-0.0015526269932681568,-0.0022398834261623734,-0.0022740747841347225,0.0036347719764777
2021-01-11,-0.0049032715200525425,-0.003462605884729223,-0.00424656515940691,-0.0003907558702009
2021-01-12,0.0005051260327355252,0.0009746687295619577,0.0009541984842490131,-0.0014805219104292
2021-01-13,0.004176487225279636,0.0031933185213235448,0.0035436663907142175,-0.0004842229975747
2021-01-14,-0.0042062989568572035,-0.0032433305088646995,-0.0024604970292604732,0.0016512518527992
2021-01-15,-0.005141490243398667,-0.004729813813077074,-0.004145021790196394,0.0022516780805465
2021-01-19,0.003011171919326927,0.0030542422063430472,0.0021711491935373604,0.0009945464100736
2021-01-20,0.012524387679871168,0.011446918194163892,0.007413733768683504,-0.0006016991495557
2021-01-21,0.0004976463494800092,-0.001155672315925158,-0.0015470718822223138,-0.0010098943905571
2021-01-22,-0.0021548828368128567,-0.0021635770471374193,-0.0015994199795282453,-0.0007590016385707
2021-01-25,0.005395886340836641,0.0054157470172379474,0.0064702137286286165,0.0030019507128272
2021-01-26,-0.00019244810511613665,0.00036191457343191536,-0.00026047305595015895,-0.0003508886231549
2021-01-27,-0.017396390991817882,-0.015933154681110805,-0.015995261048873888,-0.001703408075605
2021-01-28,0.004444351458996421,0.004441423626880749,0.004162775587253111,-0.0024761539637577
2021-01-29,-0.0111558173063724,-0.010939379452557633,-0.010856838999380633,0.0001041783839861
2021-02-01,0.007966035823348894,0.007505645585717197,0.005670991559051272,-0.0044313365453783
2021-02-02,0.005212020015463769,0.0044843284494949795,0.0038964523878882405,0.0002169621570531
2021-02-03,-0.0010677777149626154,-0.000933833728254143,-0.00048745514299535127,-0.0068733961009403
2021-02-04,0.004677975443851936,0.0037058535986309402,0.004116018258349677,-0.0062332041768693
2021-02-05,0.0036471139241110837,0.0036270785468809725,0.0037937621915744625,0.0042600816891268
2021-02-08,0.004960034764200545,0.004433420280041003,0.0033274564439776323,0.0021182889011458
2021-02-09,0.00048757388553546076,0.00038113876676784913,0.00034316488117761413,-0.0006717268569501
2021-02-10,0.0004870913335045199,-3.5431893995157986e-05,-0.0003608766537323325,-0.00098841355675
2021-02-11,-0.0014990101549259935,-0.0018233644263777392,-0.002723498246420648,-8.015086534945222e-07
2021-02-12,-0.001401947504061485,-0.0016109250911411955,-0.0015783341003395737,0.0012935183096099
2021-02-16,-0.003344105572744132,-0.0032961695415554835,-0.004159039089437019,-0.0043515049183364
2021-02-17,0.0009399856603550297,0.0014671532417140697,0.003738965190946492,0.0009722627349009
2021-02-18,-0.004748445030105637,-0.002753518994727229,-0.0038405951747670984,0.0016556598845129
2021-02-19,-0.004699692783925942,-0.0066717900704635485,-0.0056615529526647355,0.0003665488630863
2021-02-22,-0.004501176482604731,-0.0032447700394693216,-0.002440287617211258,2.2142280382291256e-05
2021-02-23,-0.0007141294730545092,1.651362478375284e-05,-0.0001682560066557804,0.0016228715666886
2021-02-24,0.003162581112719984,0.000794799477183262,0.002188658835304837,-0.010338520240875
2021-02-25,-0.018423883548207877,-0.015154542822912915,-0.015077907832867143,0.005071326730084
2021-02-26,-0.002281071106725148,-0.0031064063743850797,-0.0042054347939467895,0.0049806484658575
2021-03-01,0.012321877265259202,0.009611638179657083,0.010911428687539172,0.0028474551545552
2021-03-02,-0.004639457736872633,-0.0023510455702683997,-0.0027924298444790907,0.0044985889559084
2021-03-03,-0.012183534904964191,-0.01036049457505043,-0.008507623571427439,0.0017170297267203
2021-03-04,-0.01053650958135774,-0.008757959996565163,-0.008387214017998993,9.634566976073608e-05
2021-03-05,0.01269421764868298,0.011319292322668654,0.013060255854168258,-0.0054173928904874
2021-03-08,-0.008206135587264,-0.004409157196032655,-0.0021452149059626702,0.0047283241500679
2021-03-09,0.01377802892905648,0.01189050800245378,0.009018805649158204,0.0047007718785797
2021-03-10,0.005867772398620367,0.0057931517885750905,0.007325356308830907,0.0012531241713178
2021-03-11,0.0044678915663455224,0.0008697682731378595,-1.852849679042938e-05,0.0014144708042051
2021-03-12,-0.0019730110616493868,-0.00222933021270069,-0.0008620078108364875,0.0007170637064954
2021-03-15,0.0035456291232794234,0.004341794256661569,0.004086475014244236,0.0074667783575324
2021-03-16,-0.00034164662256478675,0.00026481604238561663,-0.0006342264396101678,0.0007061470274342
2021-03-17,0.0006532221829474524,-0.0010476136831366872,-0.0002894917030639923,0.003293901975396
2021-03-18,-0.010525857698083533,-0.008233532955339377,-0.007530338043978266,-0.0053779315298894
2021-03-19,0.002503179667883234,0.0033344026922101687,0.0019587046037132924,-0.0067192463315006
2021-03-22,0.004866119276409247,0.007521398623310062,0.005815321081520388,0.0025604765790035
2021-03-23,-0.005312966315891407,0.0014782696850062487,0.0006721211136270329,-0.0034774990293531
2021-03-24,-0.0039905683508309866,-0.0025413857203906098,0.0007339541090845892,-0.0030046242867235
2021-03-25,0.0032242274691167594,0.0006013144076151513,0.0035411534897712518,0.002364434902635
2021-03-26,0.011809594719199781,0.009058057861339284,0.010094523411668742,0.0016940053117337
2021-03-29,-0.0010176689896708605,0.00044843349333325807,0.0020743230869976303,-0.0007658237037004
2021-03-30,-0.0008948306785522108,-0.003514909608269801,-0.0040779541575400495,0.002193460629889
2021-03-31,0.004654340445669353,0.003907483959109083,0.0010270138079084157,0.0023739310461815
2021-04-01,0.01065385415886396,0.0100509116198941,0.00587466329418694,0.004859332385879
2021-04-05,0.008052163903132495,0.007135024773322662,0.006585418470062706,-0.0052229031792072
2021-04-06,0.00019827437941199018,0.0025338696951007207,0.0021146302625383484,-0.0011170481269926
2021-04-07,0.001030656992679051,2.1027758700466642e-06,-0.0009315962303361162,0.0017355022453225
2021-04-08,0.005266297120763697,0.0048735252170932905,0.0024318677111452684,0.0017868103224089
2021-04-09,0.0057089235270220634,0.0024819004274982794,0.0024353134884008668,-2.4947894536445992e-05
2021-04-12,9.737912344463196e-05,-0.0007784362453333416,0.0003429412237487334,-0.0007456216447758
2021-04-13,0.003674516076583596,0.00430096595653275,0.0017517815002624558,0.002644579017713
2021-04-14,-0.003076530150369398,-0.0036061850613164285,-0.001108194336277487,0.0036569505099032
2021-04-15,0.010095996737187026,0.010856211082754077,0.009064857186843736,0.0024240446072992
2021-04-16,0.0005902501834134913,0.0006027685480638694,0.0033785521942156964,0.0006573679543161
2021-04-19,-0.0052044624650669875,-0.0035411844877463808,-0.0022930898074435936,-0.0008051434018121
2021-04-20,-0.008663439999049376,-0.004805939844254065,-0.00031397685896457063,0.0009888322141396
2021-04-21,0.0062560716033983315,0.004608613739796444,0.0029577191329032957,-0.0006919285981387
2021-04-22,-0.0070305668493826565,-0.005195491138647767,-0.005190602127073154,-0.0041913796575944
2021-04-23,0.00712812621889267,0.003369416275107858,0.002697790403197108,-4.1401452404554295e-05
2021-04-26,-0.00034509558719252064,-0.002230880320185436,-0.0036372111671276147,-0.0033365146379181
2021-04-27,0.004605158297050656,0.0007715155661345431,-0.0008822882795243552,0.0010283508862026
2021-04-28,0.001283550196078918,0.0008331441361978803,0.0004294641167730838,-0.0056275221809427
2021-04-29,0.006577189232067636,0.0062175704347593895,0.0057292086519945724,-0.0012270031366404
2021-04-30,-0.005788328716505279,-0.0041444342719916755,-0.0016593092290842406,0.0019197685627634
2021-05-03,0.006295825752077258,0.005391185388835441,0.006343906388898651,-0.0020587714242438
2021-05-04,-0.0011947634883834432,-0.0009941514003781035,-0.00014349089892090413,0.000652085999367
2021-05-05,0.003973942045677464,0.0021133702518392108,0.0010687145828213109,-0.0038901662057839
2021-05-06,0.00735755959432813,0.0067579282198750035,0.006680459877002724,0.0012933077811862
2021-05-07,0.006499050143243786,0.00423301334856522,0.0029919515121492107,-0.0006042507890208
2021-05-10,-0.004820930426840531,-0.00281767693110752,0.0005239987086866364,0.0002402406599771
2021-05-11,-0.009776006456130595,-0.008782860596071014,-0.008470475965751807,0.0034622345795049
2021-05-12,-0.016070533843848676,-0.013931744373935686,-0.012629297736325554,-0.0037910801019221
2021-05-13,0.010590991678458967,0.008918306266736543,0.009499047298146674,0.0046430166947809
2021-05-14,0.01166478849153815,0.00997397249519391,0.007073189712051582,-0.0013104108799067
2021-05-17,-0.0006841705282836758,-0.0014904147975253372,-0.00201735701841495,-0.0066424832850305
2021-05-18,-0.00844418418672952,-0.007707523597605453,-0.005878675255145874,0.00203409356624
2021-05-19,-0.0037018796931592092,-0.0029804105625569717,-0.003302758656471034,0.0032953725002806
2021-05-20,0.006398238679074772,0.009117573528564276,0.007077545116638069,0.0013867464351525
2021-05-21,0.002765342489731117,0.0016491917636414894,0.0014898524036459262,0.0016722937353221
2021-05-24,0.006473109608171591,0.005940125001241527,0.0039245697695908435,-0.0020170600164349
2021-05-25,-0.0019878197427961562,0.00012320219078433943,-0.00029491424839784837,0.0006792333808015
2021-05-26,0.002177703382935595,0.0010090558036324657,-0.00013896697097581272,-0.0005762594335813
2021-05-27,0.003608498301772169,-9.259790016294048e-05,-0.0007560664705463689,0.0036188580572799
2021-05-28,0.0012287376829643092,0.001561689555191851,0.0012473793560789223,-0.0049291302439176
2021-06-01,0.0022553531643818864,-0.00013962289688534003,-0.0012721665559515497,-0.001408877700076
2021-06-02,0.0008590690584670756,0.002280924992472882,0.002485294348120964,-0.0013735028841782
2021-06-03,-0.0021470590302244785,-0.0034340881128108267,-0.0019710004436492216,0.0009243647057485
2021-06-04,0.004941108244420781,0.007467130560270296,0.005851133629346933,-0.0030449991938906
2021-06-07,-0.001469562383066843,-0.001104152783326849,-0.0018603638535729912,0.0017030338568192
2021-06-08,0.000259632966365475,0.00042557754372434583,-0.0005018096086000297,0.0011185263047919
2021-06-09,-0.0052655204691994415,-0.00022505275956326748,0.0006181742752535887,-0.0021064562649756
2021-06-10,0.000507791002313555,0.00491992023268217,0.004286099696885752,-0.0022453035641359
2021-06-11,0.0016111270364582767,0.0016494587966632407,-0.0005341326696027665,0.0005949608551489
2021-06-14,-0.002062703663491852,8.049606621329016e-05,-0.0015708155463456978,-0.0045172138512381
2021-06-15,-0.00035886944425,-0.0017604260854892572,-0.0011987675237892421,-0.000703843302982
2021-06-16,-0.006646891571023369,-0.0054025570787340745,-0.006960094985604507,0.0006400609159219
2021-06-17,-0.005090827487064769,0.0022296158868859157,-0.00024096495800981647,3.2761707343543595e-05
2021-06-18,-0.010877075723052241,-0.010713431490395922,-0.008720803009709777,-0.0018479242444329
2021-06-21,0.013433321119780534,0.01175064038143706,0.008543398974987005,-0.0002443549574636
2021-06-22,0.0036176363525405953,0.0024065048711138255,0.0026039590932077725,0.0003197320475183
2021-06-23,-0.002487340418968046,-0.0030644239374479124,-0.0036029720518531076,5.140673726150249e-06
2021-06-24,0.007145117739016835,0.005946776756334773,0.004313541813849143,0.0001996649517655
2021-06-25,0.0004413230478819231,0.0016151280945495426,0.0013325014566545861,0.0016453067904568
2021-06-28,-0.0007324736996636098,-0.0008035480411870716,0.0014902877077343616,0.00423412348728
2021-06-29,-0.0005731679686234927,-0.0019058813979519122,-0.001734191749880087,0.0004863710769399
2021-06-30,0.004053319502850794,0.0042437000104653885,0.0031563391090756654,0.0026890601549978
2021-07-01,0.004083095459695613,0.003962485016677149,0.0037620087564019344,-5.513913150662509e-05
2021-07-02,0.004099782123797174,0.004319190222250138,0.005251461973644348,0.0020760119432669
2021-07-06,-0.004736654565304411,-0.003972608249716654,-0.0013090218358735002,-4.170939675743465e-05
2021-07-07,0.003219939883358208,0.0033475374810506453,0.003998882322112588,-0.0006046202749858
2021-07-08,-0.0059159016682494145,-0.004905982053462747,-0.003947149257274286,-0.001623743818643
2021-07-09,0.010056561546969956,0.008700233481881418,0.005619746453370491,0.0003282834314395
2021-07-12,0.0025948996776774943,0.0019664370943940014,0.001500556450380662,0.0008058621095205
2021-07-13,-0.004729095776429593,-0.003920189531729803,-0.0026662323617676256,0.0004261816818492
2021-07-14,0.000956038618011441,0.0025198211969303663,0.004421085742103072,-0.0026213633954123
2021-07-15,0.000304941121204074,0.0008321520327903918,0.0011579533071286543,0.0001381608256805
2021-07-16,-0.006944727547555538,-0.005717829190815872,-0.003974921133072756,-0.0001550637685405
2021-07-19,-0.010930520046758433,-0.010489793699771165,-0.007921706532603242,0.0040624531445321
2021-07-20,0.011547019663530248,0.011160262938002303,0.006984173652119152,-0.003999004834566
2021-07-21,0.007859180981454324,0.007290411841307711,0.0024165024858040485,-0.0003674312573709
2021-07-22,0.0007332244809368041,0.0005027366292167487,0.0027729239344166227,-0.0017203378338064
2021-07-23,0.0029920622129437674,0.0027601061110160297,0.0038676743680703817,-4.806755216514095e-05
2021-07-26,0.0021342286758639605,0.003005281020153776,0.0006500106725458353,0.0019493483219962
2021-07-27,-0.006644340158473948,-0.0033398094766983045,0.0003637991236372953,-0.0015499704226232
2021-07-28,0.001083028565350457,0.0006431392274356448,-0.0006634795098988164,-0.0043957021110337
2021-07-29,0.0034512610312968286,0.004221208450097525,0.002666985554752006,0.0010612779950186
2021-07-30,-0.00486212029418415,-0.004996264416417342,-0.0024665950999652312,-7.756421254695689e-07
2021-08-02,-0.0009560723018744413,-0.0016291752704881862,0.0005190624682483696,-0.0008195753353256
2021-08-03,0.007175295044924099,0.005619854106521554,0.005793466802066353,0.0009233851774638
2021-08-04,-0.005675244239686277,-0.005779745943100202,-0.003985947131314189,0.0008055193062432
2021-08-05,0.005582687399112863,0.005451149249014055,0.002954431604747153,0.0027766073361956
2021-08-06,0.0020190536247869694,0.0011033837197459398,-0.002815792864070862,-0.0027538414333498
2021-08-09,-0.002185689361676935,-0.0028135477638974024,-0.0022122599088602443,-0.0017114240017314
2021-08-10,0.0033863356311833186,0.003481123837642382,0.002759454484349812,-0.0005543687089149
2021-08-11,0.0044448082110010315,0.005265820235002787,0.002746624895185226,0.0006948658796659
2021-08-12,0.0024842377360432,0.0015489966854546073,0.002217922992343305,-0.001252836554218
2021-08-13,0.0020081487472905523,0.0019111037906034238,0.0053364424887484534,0.0019868479736047
2021-08-16,0.0010363342908051524,0.0002960487747816351,0.0031957424557579593,0.0015290382329031
2021-08-17,-0.005717827727808407,-0.005655986695161567,-0.0025179636826945235,0.0013735052387629
2021-08-18,-0.01067706848374744,-0.007927310134447179,-0.007159826373916052,-0.0017488153347072
2021-08-19,-0.0009131787731926387,-0.0010912408997084343,0.003038456479488593,-0.0003231220987497
2021-08-20,0.006558717364997723,0.005530461153966294,0.005040722844162461,-0.0028640845675261
2021-08-23,0.00942273970171804,0.00875372518368976,0.0030895058430415513,0.0019136583466156
2021-08-24,0.0019799540026810484,0.0012650667124193826,-0.0022757797442709195,-0.0008114870414152
2021-08-25,0.0023756825988167714,0.0008034216433992395,-0.0010440033224327957,-0.002801773092577
2021-08-26,-0.004396508471788451,-0.004335617213979668,-0.003587959553040733,-0.0024398193621086
2021-08-27,0.008477667040737777,0.008534101100144728,0.0051769122471906626,0.0004026249311327
2021-08-30,-4.434551699039243e-05,0.0006272133301778449,0.002382367208261315,0.0014295460401164
2021-08-31,-0.0009319951301513536,-0.000631819356110612,-0.0007018944727610879,0.0005691074991576
2021-09-01,0.0006618629291213006,7.16845155863554e-05,0.0020436419247316334,-0.0014884636232941
2021-09-02,0.0036296014408832115,0.004373611652637186,0.004205398447876201,0.0048125810263389
2021-09-03,-0.0009853331328810555,-0.0008387800588931128,-0.0009363193958631683,-3.0555599675263475e-05
2021-09-07,-0.004720834171793918,-0.00514890720862139,-0.006678725908182753,-0.00487503837737
2021-09-08,-0.002250457255655069,-0.0008336568630978403,0.0016790592790222759,0.0016593574168632
2021-09-09,-0.0024639979535051476,-0.0010167603506823812,-0.002147705735614625,-7.538262316541157e-05
2021-09-10,-0.00512129262638957,-0.004379297594220354,-0.005655881240437607,0.0002605530754978
2021-09-13,0.005254890981238279,0.005704071574518238,0.0036125705591787474,-0.0006843102447679
2021-09-14,-0.008011384298023472,-0.004952745607254158,-0.003025787545951433,-0.0003560184330734
2021-09-15,0.007526678010622949,0.005666545334903471,0.003879160616544657,0.0003775151801835
2021-09-16,-0.0024256957598977717,-0.0025918728458865113,-0.0026428093129215705,0.0008026868317924
2021-09-17,-0.006841007155288738,-0.005955964740055544,-0.005828887616607356,-0.0018321043806778
2021-09-20,-0.014164689362381192,-0.006206195794924353,-0.007887400131439947,0.0002818154628461
2021-09-21,-0.0010247795319340055,0.00016393654885199282,5.046089396598154e-05,0.0028211320220136
2021-09-22,0.0077692653111957844,0.0021351295322511754,0.0032436884635492656,0.0002691697027289
2021-09-23,0.01001826756640984,0.0029753369516676777,0.0033713494772748807,0.0010805257644529
2021-09-24,0.0004007315515301109,-0.0007660612049824857,-0.0007320149874361231,-0.0024554590150135
2021-09-27,0.0030057151772391205,-0.000748586895261701,-0.0017124403437309345,-0.0056441928576277
2021-09-28,-0.013623161671770277,-0.010766870473336927,-0.013023729525122695,-0.0022700061310565
2021-09-29,0.0007739640342957275,0.002286339738923074,0.002427684817238575,-8.758125960357205e-05
2021-09-30,-0.011890613039276044,-0.007943128998343988,-0.007831105802156622,0.0009291566305468
2021-10-01,0.010855816702923845,0.006535752178758088,0.007275808700332588,0.0045078815369932
2021-10-04,-0.007305758412969865,-0.003397315594864896,-0.005067278652218457,-0.0009798940935539
2021-10-05,0.008614847777633928,0.0038135805273201012,0.004601801343711174,-0.0010617873804061
2021-10-06,0.0016918530864803091,0.0029329003753800374,0.0037768904337531126,0.0017307383040432
2021-10-07,0.006661827901727762,0.0035544756478434764,0.004049175088991418,0.0002131399850976
2021-10-08,0.0007979808813590185,-0.001001874182405517,-0.0022907487301055732,0.0012576473935733
2021-10-11,-0.007004704632927187,-0.005809965351248396,-0.006014349975309776,-0.0022897140522119
2021-10-12,-0.0021213113660500525,-0.0006868342711979427,-0.0007506337139158012,0.0029461820581317
2021-10-13,0.0021859675582455622,0.004919043469805222,0.004720834672101091,0.0007816376948117
2021-10-14,0.013458840060952618,0.00977646487533832,0.011531934643370283,-1.0021549646790057e-05
2021-10-15,0.00646295512989501,0.0009325231288905488,0.0016583808649334277,-0.0008200139126638
2021-10-18,0.00040513238660039926,-0.0015400434320857904,-0.0008572437150111729,-0.0029261256730156
2021-10-19,0.005737463209759629,0.005380420142079852,0.004834433759619666,4.0088670745737896e-05
2021-10-20,0.0031385020135739805,0.004344482495078044,0.003730029589989672,-5.563748489121687e-05
2021-10-21,-0.0005081568338144609,-0.0004073807359667467,0.00013528942294957993,-0.00206792985992
2021-10-22,-0.00040567552889608766,0.0006175175196826349,0.0007320178847899739,-0.004983172118071
2021-10-25,0.0028744362703083193,0.0015069357189980593,0.0015553777137627402,-0.0009637190697584
2021-10-26,0.004228148533979958,0.003541790559545378,0.0038062772685773833,-0.0018554906806385
2021-10-27,-0.0037826522916591583,-0.0017772721691801763,-0.0006544673656558692,0.0046550679370868
2021-10-28,0.0064276156635096815,0.004502725823422736,0.004460498567680809,0.0016114183005432
2021-10-29,0.001465798757214089,0.0005196238847275194,0.000418642789756077,-0.0019792353933392
2021-11-01,0.0008342874269182207,0.0006321087140561603,-0.00014217622450206016,0.0022043435638367
2021-11-02,0.005009059794317082,0.004622255677289633,0.0037280707797425943,0.0019887423620478
2021-11-03,0.0017996194278410093,0.00020144432234395936,0.0015203050002532406,0.0008929254447482
2021-11-04,0.0025190457478176673,0.0009731676312428819,0.002148087394283324,-0.0019546791049655
2021-11-05,0.007405300698449542,0.01100371470346597,0.00567140270281883,0.0029314172864675
2021-11-08,0.002184748763741829,-0.0010567773043701223,-0.0008727629683931341,-0.0009662212785647
2021-11-09,-0.0009001772781055719,0.00019547713149399576,0.0014932154166668913,-0.0006167764378267
2021-11-10,-0.006767362386731534,-0.0018126610480627549,-0.004073358036154085,-0.0013497843454999
2021-11-11,-0.0008797788490906456,-0.0006513213996982402,-0.0020861462196691922,-0.0040732492181572
2021-11-12,0.0020443700315986983,0.0012278792753006623,0.002147690281441285,0.0022654542471888
2021-11-15,-0.00011067612053761663,-0.0008899735371005222,-0.0011405391508668295,0.0034906822115764
2021-11-16,0.001155317196288148,-0.0005572796263085069,-0.0007952660960322215,0.0017300228291231
2021-11-17,-0.003392220084691919,-0.0019402983863838258,-0.0005041805221744072,-0.002522790954182
2021-11-18,-0.0008675072300312145,-0.0010797071841145566,-0.00022313328459481834,-0.0003660780111902
2021-11-19,-0.005131719202894217,-0.002885658813200627,-0.0016803073125419535,0.0022613436335796
2021-11-22,8.585707622875318e-05,0.0007046346869112555,-0.0012276746060967093,0.0036337841789987
2021-11-23,0.002212712719369233,0.0004037867007926188,0.00037081705399615603,-0.0011738364529617
2021-11-24,0.001499454597919859,0.0010418536687334552,0.001024087122001159,0.0003660292585542
2021-11-26,-0.01708510637518282,-0.011646494487316498,-0.010952119443876715,-0.0050746560784343
2021-11-29,0.006918456553846414,0.003970413917717702,0.005664812772021355,-0.0005049853848778
2021-11-30,-0.014939272269507345,-0.014341892231202911,-0.013574016596848492,-0.0016462666428695
2021-12-01,-0.009390359312866981,-0.006606882799916676,-0.0045409584277322935,-0.0036463638456703
2021-12-02,0.014321178371696955,0.011836472879745336,0.00989609696773947,-0.0008865914431046
2021-12-03,-0.004741585576662858,0.001245492868443437,0.0023066502326540136,0.0009158398632292
2021-12-06,0.010259387421029735,0.008326692599938249,0.007934718708392394,0.0013918737748847
2021-12-07,0.013926226852966574,0.007885942466006487,0.008074216917169788,-0.001213197531065
2021-12-08,-0.0018618420328351312,-0.002774763188307534,-0.002561862425222795,0.0011335013187755
2021-12-09,-0.003521119399995861,-0.0012905597914735312,-0.0012625161675742487,-0.0023356401650581
2021-12-10,0.011711575113265683,0.009801344076800831,0.00908640335173428,0.0029270684627673
2021-12-13,-0.007466718595945952,-0.0022274996970121958,-0.00023597200674590777,0.0010682676804418
2021-12-14,-0.004439454600136339,-0.003071654096342191,-0.003791359000262634,-0.0028279990485767
2021-12-15,0.01100780633104747,0.008562573161627462,0.009003786292092896,0.0013399119736991
2021-12-16,-0.00684168439931597,-0.0008036894410595925,0.001376031966101422,-0.0051928908100853
2021-12-17,-0.010943621008416596,-0.0063919248518356135,-0.008401455542884037,0.0014871502889735
2021-12-20,-0.008238157656107603,-0.0074950599890104335,-0.005484723900465888,-0.0017353869818261
2021-12-21,0.012631225646625714,0.011674369317129727,0.007167945855030588,0.0003448549279208
2021-12-22,0.007019199600592539,0.0060587598176988855,0.00580010388090333,-0.0005011490474847
2021-12-23,0.003878397378819689,0.003627444851379477,0.002647022680463833,-0.0021229090550006
2021-12-27,0.009663792781109234,0.006747613027871611,0.00671131114954238,-0.0001852456885513
2021-12-28,-0.0011245695377532475,-0.0006680068238165093,0.0005871121101682872,0.0011625697693128
2021-12-29,-0.0006045968217011914,-0.0017839687651604059,-0.000587537713185857,-0.0012494319469344
2021-12-30,-0.00143511430069257,0.00011680842149414977,0.00048352172443702035,0.0008813239674381
2021-12-31,-0.0014991903479627997,-0.0012307522104104138,0.00022998365285119138,0.0001184669259749
2022-01-03,0.003316545446505203,0.003340805715936941,-0.0012393967740321372,0.0038900239647292
2022-01-04,0.0012374800041590542,0.004595451265227524,0.0022551715788440333,0.0047590679282686
2022-01-05,-0.014467655859564147,-0.010362199070169005,-0.006116949200751035,-0.0054810933001909
2022-01-06,-0.0015261165455464694,-0.0005531446284115704,-0.0034118207673800496,-0.000355437319237
2022-01-07,-0.0014800417131053331,0.001475198917425466,0.0012704856943102005,-0.0040291719386124
2022-01-10,-0.0008048431897686853,-0.0017013739949070957,-0.0018362775417112153,0.0011407865600296
2022-01-11,0.006397754024839348,0.006363422517584416,0.003833171396462994,-0.0008874282966081
2022-01-12,0.0012904382722238815,0.0008009085559669239,0.0008965617462048525,0.0014265218185779
2022-01-13,-0.009236328106522444,-0.005001031942258015,-0.003397295860379517,-0.0025146588520862
2022-01-14,-0.0029171451288981846,-0.003453015929926529,-0.0038696032014096057,-0.0056118247140234
2022-01-18,-0.014873482155617984,-0.013921890614535854,-0.012042206897594762,-0.0042450445583088
2022-01-19,-0.002644464599362841,-0.0016878280223916594,-4.602131094072529e-05,-0.0004623743023898
2022-01-20,-0.006611233525171633,-0.005939279445190146,-0.004918041516169167,0.0029195432671229
2022-01-21,-0.012271447121832596,-0.011897649946067228,-0.006949493019196542,0.004498954749341
2022-01-24,0.0006135401250113475,0.0004202538367075921,-0.0006138861395459779,0.0038160999854779
2022-01-25,-0.00823790135205102,-0.008571347135409137,-0.005797234092179385,0.0036017468041655
2022-01-26,-0.005036159307662775,-0.0065783909761311914,-0.00835195538894434,0.007290224667498
2022-01-27,-0.0002055256291435453,0.00030469770585442497,-0.0004732740153901607,0.0027996176031098
2022-01-28,0.013144841429323168,0.012456051022847126,0.010396424735568543,0.0017763304902597
2022-01-31,0.011687073415702317,0.012138347800978926,0.009403202706838516,0.0035003420070153
2022-02-01,0.0072826950454504035,0.006736518886127166,0.00383910159681284,6.173120835715448e-05
2022-02-02,0.006790433605100904,0.005464373909000373,0.0063035973379274,0.0030482064183322
2022-02-03,-0.01491552980644295,-0.014455169785857367,-0.010820595554967557,-0.0002064054357632
2022-02-04,-0.0008291858617410607,-0.001887953055692024,-0.0037993880918971573,0.0060650311175042
2022-02-07,-0.0019438739505681498,-0.0014435239284804014,-0.00028600600849913006,0.0010166289910971
2022-02-08,0.002538041567416254,0.002390649289549292,0.001981623179558576,-0.0021390658741539
2022-02-09,0.008346260284540203,0.007827966031415433,0.006401588198783858,0.0010071531385898
2022-02-10,-0.015439473238671867,-0.014683629843719268,-0.01350519799707495,-0.0021175084853684
2022-02-11,-0.010915033690155321,-0.009442852140544682,-0.005817863068625714,0.004106113139294
2022-02-14,-0.00383409164701682,-0.0036905471888532787,-0.003852915782582855,-0.0040778992341264
2022-02-15,0.007320186879204921,0.00633188293414237,0.004042103619958391,0.0009321258392732
2022-02-16,0.0010045134494370482,0.0009229088780410977,0.0015677449627732824,-0.0001602958698869
2022-02-17,-0.007015680037499672,-0.0031153253446278488,-0.002744694490693349,0.0039410754344293
2022-02-18,-0.002146381933759724,-0.0009839597488760473,-0.0009178081928968992,0.0007375117188659
2022-02-22,-0.008509726633291283,-0.0068431156370867535,-0.006256550212438607,-0.0012049520698225
2022-02-23,-0.010647991657350885,-0.01087252747771857,-0.009674368402552546,-0.0003593240374302
2022-02-24,0.0003378914484027923,0.0008632675311294651,-0.00047965909575523985,0.0037458626855651
2022-02-25,0.02086781321195449,0.019298090267498444,0.018604978613447707,0.001559188602075
2022-02-28,-0.0014214266537152704,-0.0001456362335560659,6.940308151705366e-05,0.0038046845379146
2022-03-01,-0.0063276957313645596,-0.005215863282452574,-0.00432327912135131,-0.0024854650722779
2022-03-02,0.00985453108231892,0.005546870012815619,0.00516189982644354,0.0007803875736951
2022-03-03,0.0012466683670581814,0.0031118507857775413,0.0025724297281142995,0.0016073329521023
2022-03-04,0.00224135591685981,0.0037720468451899773,0.003816088441528811,-0.0050727824441613
2022-03-07,-0.013350686662870091,-0.011611103561835777,-0.010448234349733911,-0.0060810662256276
2022-03-08,-0.00776298470476694,-0.009947304260454636,-0.007449861813596135,-0.0038402330003281
2022-03-09,0.010042517618253602,0.0075436176548056445,0.004803684116888673,0.0062294015565063
2022-03-10,-0.0030046350417147656,-0.0036947960446453436,-0.003561796101261314,-0.0055971847075233
2022-03-11,-0.004081821066940983,-0.004389993066758755,-0.004599146062425831,-0.000927161658933
2022-03-14,-0.0029584643167729317,-0.0039261522408944646,-0.005262508900636134,-0.0053257968596314
2022-03-15,0.012285452718507903,0.012721950404951105,0.010405334049520334,-0.0022030892034742
2022-03-16,0.010067751894199112,0.009134030011936746,0.009063479802853902,0.0031092079280857
2022-03-17,0.01009120956032639,0.007579144360508316,0.007724237227413788,0.000279603904569
2022-03-18,0.0018786161649403553,-0.001119969243609597,-0.001192744160397734,-0.0008285038345022
2022-03-21,-0.0022335638661077043,-0.002737902469813507,-0.002394590300486421,-0.0073071214521801
2022-03-22,0.0011646273019671985,0.0012431660380365483,0.0007855920750533027,0.0068923528771355
2022-03-23,-0.004303302617110551,-0.00023203560927215924,-0.0017535907545664505,-0.0014271004732747
2022-03-24,0.0075556301107067275,0.005312753676098146,0.005957421307089516,-0.0080992496800791
2022-03-25,0.0016580319422756693,0.0018525395534117939,0.002269691115794353,0.0030213681946152
2022-03-28,0.003927871363792064,0.0017790721562759744,0.002782002619121229,0.005976659875997
2022-03-29,0.006994158181334025,0.007765765860476976,0.007130859641611497,0.0077319394548008
2022-03-30,0.0014826153219619693,0.002748507435740377,0.002928305612955645,0.0035262768446312
2022-03-31,-0.008139668964835598,-0.006729428014631475,-0.006716254583076641,-0.0020253404759834
2022-04-01,0.004234559627020233,0.005770548801975218,0.005175418045609868,-0.0021468473438306
2022-04-04,0.0015959898344428008,0.0017852051365862607,0.000640065514320688,0.0045884296081131
2022-04-05,-0.006490065353264505,-0.007286695170035287,-0.005691938814266727,-0.0037577036779722
2022-04-06,0.0029412971163971587,0.00221434758229968,0.004503770007971091,-0.0011589924968368
2022-04-07,0.0034368790841721353,0.0006541355671171724,0.0016753466623222006,-0.0027568498667481
2022-04-08,0.0007480314074973225,0.0012761776632380236,0.0013914188334971612,-0.0029648186800715
2022-04-11,-0.011710470384911553,-0.004925277718184384,-0.00708022908132426,0.0011701152460572
2022-04-12,0.0006307603310292795,0.001752127509590514,0.0014243824804889272,-0.0014063564976736
2022-04-13,0.006857729934677062,0.005854746235894546,0.005797136777313659,-0.0001313192100767
2022-04-14,-0.006708428844734723,-0.00662431952027575,-0.005394173776679915,-0.0014451364477593
2022-04-18,-0.0036399682209323336,-0.0034782715217378983,-0.004162311662430999,-0.0013725820309664
2022-04-19,0.0022844987665005703,0.009473009181404687,0.0035395433436811686,0.0041612116664399
2022-04-20,0.007345431241887434,-0.003911681313745271,0.007179329916226525,-0.00426010119149
2022-04-21,-0.010250096729609054,-0.013275811131115615,-0.007220564029882751,-0.0065773143118863
2022-04-22,-0.017576743711691784,-0.018508419743723335,-0.017012889293091527,0.0025807912918994
2022-04-25,0.002634309173257137,0.008276158719606613,0.0030499877025986764,-0.0034205917107607
2022-04-26,-0.010046411831197775,-0.01706652013051735,-0.009430095066882185,-0.0003069218279895
2022-04-27,-0.003444578130906336,-0.0046093278544316486,-0.005631054153196733,-0.001775317516729
2022-04-28,0.013569878340518551,0.017379033967061724,0.011657379747729388,-0.002334437771556
2022-04-29,-0.02190690472285624,-0.028122849183415434,-0.020807901159893973,-0.005515096618426
2022-05-02,-0.0038694824535847124,0.0019141054314350985,-0.005144783736017722,-0.0019230049378558
2022-05-03,0.0048801962478592035,0.003989733451167194,0.00429961653295932,0.0004902656211072
2022-05-04,0.019611357525585734,0.022793092066038086,0.019190471478223916,-0.000893913631843
2022-05-05,-0.0197826183317769,-0.028777395034673428,-0.018746264196844886,-0.0002378323096416
2022-05-06,-0.0005641872246657379,-0.006056309076509837,-0.00200590398488433,-0.0022823914583955
2022-05-09,-0.013831939342558644,-0.014712195401917086,-0.009120491929527248,0.0049066428499721
2022-05-10,0.0003665794120365392,0.0042403796048477126,-0.001091643054637106,-0.0032277312270341
2022-05-11,-0.001815777667156791,-0.009665900715052881,-0.001664579738268493,0.0024468276118446
2022-05-12,-0.001527541317149398,-0.0013843770225483447,-0.0017060143369626263,-0.0010334032463797
2022-05-13,0.006169497233270502,0.012017593556184203,0.004783433962014941,-0.0042624499400859
2022-05-16,0.004520277847753148,-0.002566700531091395,0.003267005445187711,-0.0001617029730068
2022-05-17,-0.0004475371373279661,0.009551854374652577,-0.0012923108728923388,0.006608681556177
2022-05-18,-0.021329446999945326,-0.023587137277375554,-0.019941955778462136,0.0064922238742041
2022-05-19,-0.0018711283478577612,-0.00365609657721375,-0.0025989219695458643,0.0024184550020628
2022-05-20,0.005915650716518521,0.0051035440047776616,0.0061123280464814396,0.002189287015971
2022-05-23,0.011990738796717165,0.010419946019120245,0.010098606267219298,0.0023595389353138
2022-05-24,0.009781644437357635,0.008512444696435272,0.010986384352374652,0.0005409590594965
2022-05-25,0.004185857576450661,0.003798098644520194,0.0033883259622699124,0.0005777252715177
2022-05-26,0.00713010964756015,0.009135922688447385,0.006948693189246029,0.0028315763221819
2022-05-27,0.010628072802115517,0.012300689303323916,0.010100794910726962,-0.0010471351346124
2022-05-31,-0.011157406378943193,-0.009229342160637496,-0.010174846990669907,0.0006576031984432
2022-06-01,-0.0031110076696768676,-0.005125137918465001,-0.0048293812000540885,-8.008131697766538e-06
2022-06-02,0.007229540393804417,0.010003931980557384,0.007334396112343797,-0.0015679437525236
2022-06-03,-0.0060693490879326455,-0.009180377647637282,-0.006954229440685781,-0.0007581475436413
2022-06-06,-0.0010658536271616018,-0.0023810588716907362,-0.0017160860497376386,0.0031526111624162
2022-06-07,0.008374876831472627,0.004833664441376585,0.006230518753824375,-0.0021929718248671
2022-06-08,-0.007116358795083436,-0.008778551562979464,-0.008591543761555074,-0.0023922764064169
2022-06-09,-0.014954766109907888,-0.012678059519338205,-0.013190035483855968,0.0010547331296208
2022-06-10,-0.011013987132379515,-0.011580979438745176,-0.010348414272161854,0.0050780891168744
2022-06-13,-0.030291730567309043,-0.027825395957050567,-0.02743128903040616,0.0063590700987583
2022-06-14,-0.007193025668991852,-0.0054654237136084315,-0.007218740569767807,0.010924550969666
2022-06-15,0.007851121220032639,0.011854972793314853,0.010019381540563702,-0.0005226411235188
2022-06-16,-0.012693718969082125,-0.007935485846965584,-0.008769621605062745,-0.0047632534178423
2022-06-17,-0.0067668650232454225,-0.004918226976535635,-0.003948884400468839,-0.0005986794356445
2022-06-21,0.016078842410365748,0.017908735808258212,0.012438964924723855,0.0052515338474247
2022-06-22,0.0025107743309007984,0.0035667232471438856,0.005751792905423596,-0.0034628568906193
2022-06-23,0.007490073073481301,0.01031342398017316,0.009979093323361266,-0.0014384410479091
2022-06-24,0.011328387484865176,0.014148998203471761,0.009784486756988005,-0.0002321771425985
2022-06-27,0.0001444253101378761,-0.0006694747678361163,-0.0017286058746250627,0.0015905179028693
2022-06-28,-0.007713075401088592,-0.010392309819918432,-0.008790960441281652,0.0009378454798994
2022-06-29,0.0018061733347010122,0.0027493970750529536,0.0036205660009066554,5.233646467311197e-05
2022-06-30,-0.0004462183221383431,-6.731165760885541e-06,0.000649119272535731,0.0002260977223296
2022-07-01,0.01166854552795807,0.013243171481058027,0.011982448462497247,-0.004747299573244
2022-07-05,-0.01072289247814475,-0.009097478701290898,-0.008696199250724198,0.0009197891783052
2022-07-06,-0.0003552052464860848,0.0018597783032463953,-0.0006550554446073108,0.002535398168384
2022-07-07,0.004991178111661334,0.005656530659637755,0.003489845770123587,0.004326932441469
2022-07-08,-0.001416303502547017,-0.0017631202291323938,-0.00168953967191976,-0.0005158726134356
2022-07-11,-0.0015213750507079764,-0.0016841766805448023,-0.0004996153790799248,0.0005261000457857
2022-07-12,-0.004999623768081535,-0.00507660004251754,-0.003796566272545357,-0.0022145092215738
2022-07-13,-0.0011228490175549612,-0.002166943704672246,-0.00023028803977168935,-0.0009875576808561
2022-07-14,-0.004913302125212852,-0.003920794374651698,-0.004283061709425856,0.0015987694504543
2022-07-15,0.010607887021560701,0.012765965630944807,0.010038630369649745,-0.0001192666609236
2022-07-18,-0.008404526963455056,-0.009616705157103092,-0.009291980821492752,0.000383601812502
2022-07-19,0.01175341161100922,0.013426145022763663,0.009871468643305263,-0.0030174133639188
2022-07-20,-0.004993090906791497,-0.006366949983403001,-0.005655820123512409,-0.0064855179259974
2022-07-21,0.002895253980416661,0.0035574212080930682,0.004429514763534049,-0.0024797704444716
2022-07-22,-0.0016803136478179383,-7.473778368698952e-05,0.00012487619515426918,-0.0025149404540704
2022-07-25,0.004111069868074468,0.00209851314118492,0.0008420647795379192,-0.0001586211231423
2022-07-26,-0.003085291375986953,-0.001714700331254305,-0.002574705883722026,0.0002498518720179
2022-07-27,0.00899974543406915,0.007042490257711356,0.007369745970165854,0.0031884443407609
2022-07-28,0.013345259339387761,0.013594202834248498,0.013646951434707443,-0.001448681082839
2022-07-29,0.009399181416764825,0.005123322168275492,0.003819544078283377,0.0009396862462155
2022-08-01,0.0003846398912324871,0.0027945703930162017,0.0036011742899084397,0.0015547455372429
2022-08-02,-0.010289034701684605,-0.009956024768436586,-0.010029545793827905,-0.0030807809201315
2022-08-03,0.004681626180532769,0.006892625002312604,0.0077819939384698895,1.821944039183504e-05
2022-08-04,-0.0041701957804983125,-0.0025518900574119227,-0.0020091666169178113,0.0028656662616334
2022-08-05,-0.002392539933240354,-0.004641966671972599,-0.005074511243363433,0.0003533863478244
2022-08-08,0.0009330026515799858,0.0008117999695540719,0.0014543435453692273,-0.0019669359102329
2022-08-09,0.0024247218225113385,0.0016058107639385837,0.0010696280843877051,-0.0031622715057428
2022-08-10,0.00801310534937413,0.00690432933079589,0.007186731580116871,0.0007635629856513
2022-08-11,-0.002185186007279997,-0.0059127936796440385,-0.005665127553619963,-0.0039374081638487
2022-08-12,0.011705032880824324,0.0111251852474769,0.011610448801398353,0.0026556446862901
2022-08-15,-0.00016103255383785549,0.0012111850457426077,0.0014389575103090234,0.0008010223211069
2022-08-16,0.003856988449400484,0.0040664017811532895,0.004198134898062139,-0.0058284523151411
2022-08-17,-0.004648268358885926,-0.005366763655193496,-0.005756679100364405,-0.0004303030825062
2022-08-18,0.0015189876997918324,-0.0002579083349066013,0.0009830235658678165,-0.0011767397031954
2022-08-19,-0.004953256725146849,-0.0061692548300606815,-0.005756534542152991,0.0033947496062124
2022-08-22,-0.011172213279094607,-0.011134456604952292,-0.011194447996129132,-0.0004647967546034
2022-08-23,-0.0008960760550674264,-0.00307128523860939,-0.00341321561163207,-0.0012195722578658
2022-08-24,0.00018914256960362035,-0.0009006967057459304,-0.00044603195054762965,-0.0033948376123153
2022-08-25,0.007946302036267854,0.009033382617735284,0.007903215055005536,-0.0053513571229943
2022-08-26,-0.018862903244648413,-0.016709557651561485,-0.018184593793319936,-0.0007744615062259
2022-08-29,-0.001957152057974339,-0.004718887086851867,-0.003517165078363487,-0.0026879915855215
2022-08-30,-0.009761613769963382,-0.007042082112317329,-0.007434521348995228,0.0004863745043284
2022-08-31,-0.008640484589749396,-0.00899771649722553,-0.008290749935962658,-0.002231975603877
2022-09-01,0.0021744383450846894,0.001229909647669214,0.003024901185445513,-0.0005172568361639
2022-09-02,-0.005455320469396585,-0.005596825413820478,-0.006024605085268852,-0.0018028070697051
2022-09-06,-0.005627266655087816,-0.007779895476230935,-0.006270803429636672,-0.0018691945324655
2022-09-07,0.012006029555608555,0.013138509958080243,0.014371038175037251,-0.001215697338386
2022-09-08,0.002015515373561969,0.0010385979988216361,0.0009576994822470925,-0.0012199129998109
2022-09-09,0.009315038269618697,0.008219728816730647,0.007415587749829484,0.0044739708495936
2022-09-12,0.007204676607668815,0.00431786088570629,0.005213997073186948,0.0039234574854949
2022-09-13,-0.02562085889843549,-0.02381738394439388,-0.024379260748485284,-0.0035268924523346
2022-09-14,0.0020236269826888744,0.0025730374341852527,0.0011711925707436673,0.0037062456490564
2022-09-15,-0.01031096986629508,-0.00882896389859163,-0.00995271470665262,-0.0039243695462697
2022-09-16,-0.0035798761542688773,-0.0015862076028578535,-0.0011444593161019027,0.0008624799576457
2022-09-19,0.004366930671417686,0.005381371050245205,0.004027299166523747,-0.0019847453185085
2022-09-20,-0.009124673989580279,-0.010625449338744269,-0.008981899706923492,-0.0013947001893474
2022-09-21,-0.009734425562895024,-0.0087491411519423,-0.007434085899590618,0.0024026841752961
2022-09-22,-0.0031969430432845446,-0.0074791753996676065,-0.0041113982891033025,0.0002135055962503
2022-09-23,-0.015109208151111258,-0.01500201397690149,-0.009887935207442314,-0.0018121959232532
2022-09-26,-0.012824757993591049,-0.014023654676110978,-0.012121711497890547,-0.0045427688165585
2022-09-27,-0.005837874733754341,-0.0054388639244805515,-0.008432611164959138,-0.0017797448834009
2022-09-28,0.017612974678491843,0.019662573122268188,0.0169185755717357,0.0075068360825873
2022-09-29,-0.01260837708162359,-0.013538417557999416,-0.01262792979594741,-0.000521251373766
2022-09-30,-0.01109931400960574,-0.01189196194504511,-0.010683611179092391,-0.0049761636700922
2022-10-03,0.023775079840165084,0.02463265447187285,0.02055168354725062,0.0028821620161735
2022-10-04,0.019454818896460255,0.021700358180234757,0.015905203544911404,0.0010013356655903
2022-10-05,-0.004830425051939457,-0.004922975308656954,-0.006484925599479816,0.0001495543053255
2022-10-06,-0.010745294527873048,-0.009265960737806,-0.012393855323065198,-0.0041053724909014
2022-10-07,-0.01630771218141598,-0.018672647115698524,-0.015759511736346862,0.0018460232541566
2022-10-10,-0.006700918283623264,-0.00756639554969301,-0.0063098427202719805,0.0059460232163355
2022-10-11,-0.0006460658395490612,-0.0018363921488960089,0.00013875463757313103,-0.0002205086528187
2022-10-12,0.0008206540125594097,0.0007652096558909999,0.001172267071191595,-0.0034449722926668
2022-10-13,0.01892436320799005,0.016061886325139246,0.015122971315300486,-0.0032654043380282
2022-10-14,-0.013250629309101614,-0.014292312460176496,-0.011716277021636733,0.0025891720754256
2022-10-17,0.01506229879285994,0.015323293733007415,0.013969572832331485,0.0030849622406645
2022-10-18,0.00851176779790655,0.008336275326944668,0.007964940313380041,0.0019211308252682
2022-10-19,-0.006701392838412866,-0.009503999262478184,-0.0096614112946037,-0.0026739092602485
2022-10-20,-0.003631806601123824,-0.006097711887856593,-0.004739141272957479,-0.0025593920004207
2022-10-21,0.017164738113908253,0.012236390913459691,0.014330851887869306,-0.0008091979900824
2022-10-24,0.008536244336734581,0.006929166272972394,0.00781471504231626,0.0008105972909802
2022-10-25,0.009925350563280269,0.01407717246602769,0.011104512420041604,0.0036137826754202
2022-10-26,0.006237007822417726,0.0012669721396095835,0.005796290329848522,-0.010057660424003
2022-10-27,0.002863824771301264,0.00113206842509841,0.0025040199437799068,-0.0089843725202872
2022-10-28,0.017025606296455317,0.015590301004280391,0.015495524777329486,-0.0010081076082262
2022-10-31,-0.0066150398544228915,-0.008643093845870755,-0.0075375103475603875,0.0009491507649664
2022-11-01,0.0032556181624688006,0.0023289719034651967,0.0032629191483522714,0.0003993048295703
2022-11-02,-0.011149659327889356,-0.011352748916059465,-0.010268881675549109,0.0036897133949818
2022-11-03,-0.001460534396131241,-0.004631386643117164,-0.003232812366611257,0.0004116746138372
2022-11-04,0.01077249829885169,0.00883852784780504,0.009379341448847315,-0.0065300039735605
2022-11-07,0.003023811198440319,0.001244674731120661,0.0018117289410766746,0.0008556550516351
2022-11-08,0.007082598417273477,0.008187103671106848,0.007289204482550861,0.000758045156406
2022-11-09,-0.012347781307805705,-0.010461074848880574,-0.009245428247430753,0.0040914860145998
2022-11-10,0.03036413007565382,0.03977375989043863,0.03166490292467557,0.0045304623175075
2022-11-11,0.0008501671750192183,0.0022458623815554994,-0.0013795093857314816,-0.0077137146508999
2022-11-14,-0.0021760179021644423,-0.004815495779023755,-0.002401829943161875,-0.0067116613710739
2022-11-15,0.005436116334576396,0.009351574238574032,0.005911152990307033,0.0006661335902836
2022-11-16,0.0006591892185391584,0.0011978723297875373,0.0039154738982389034,0.0063385910660785
2022-11-17,-0.0006397903154140408,0.00177241596113523,-0.0018564213946773475,-0.002377887586824
2022-11-18,0.004457341856523269,0.007935257683881383,0.004654436390789602,0.0047454850981226
2022-11-21,-0.0011083483044567995,-4.199477422905281e-05,0.0006106145353179695,0.0051292165918758
2022-11-22,0.010879040923792452,0.009652421586054744,0.008964066185624802,-0.0071438803124121
2022-11-23,0.0034487340036178406,0.0044068807380810045,0.005404724399827845,-0.0032356757351704
2022-11-25,0.0018657816678021826,0.002730564038070137,0.002089613863435025,0.0026533001261554
2022-11-28,-0.010958125490842574,-0.010599380959003913,-0.00800113891052382,0.0042519830618691
2022-11-29,0.00010803983125759784,-0.0026022189805853515,-0.0022180336681959447,-0.0003735946998723
2022-11-30,0.01601502513121156,0.02297130709047975,0.016206301652680173,-0.0013506817209134
2022-12-01,0.0024564060032314324,-0.0026908110752670625,0.005572267363764571,-0.0171594841980126
2022-12-02,-0.0008965022110992407,-0.0006922835037536271,0.000713405596043896,-0.0019824571296734
2022-12-05,-0.014143928455016365,-0.013468524494370153,-0.01220017082056646,-0.0058630700634702
2022-12-06,-0.0063151332955459945,-0.007920625429972341,-0.0026886444866848105,-0.0009018988549665
2022-12-07,0.0033505078115239734,0.0012983813558191967,0.0051796198944079625,-0.0009184400966916
2022-12-08,0.00450897719612802,0.006515336866403576,0.0038359272929885655,-0.0018163870794355
2022-12-09,-0.007680646764335882,-0.006060969862710666,-0.007140039348708977,3.808299372040641e-05
2022-12-12,0.010923553080120697,0.013234675705843874,0.008623267574930456,0.0009497850283231
2022-12-13,0.005835973863959938,0.0019355333876347235,0.0057874659576201415,-0.0045097254377817
2022-12-14,-0.0017907301553380121,-0.0017509109504524809,-0.0007251783752639718,-0.0054276354617737
2022-12-15,-0.012903734225138703,-0.017860471438705217,-0.011430528219763723,-0.0004413223449053
2022-12-16,-0.008122663957483485,-0.007923829911588878,-0.008380637789643736,0.0040566244575364
2022-12-19,-0.002650393887226407,-0.0054775020524373014,-0.003862874843551321,0.0013488717853197
2022-12-20,0.00410239156698413,0.0036155900148158336,0.0008600270720019624,0.0021063939231078
2022-12-21,0.01089935374821921,0.013027319845715852,0.009259484687837952,0.0007140506155569
2022-12-22,-0.008477943855646918,-0.01029185158966238,-0.005927555371874423,-0.0002796683701134
2022-12-23,0.0080636988800119,0.0074118714168294585,0.0038450921713661,-0.001694066683593
2022-12-27,0.002748413732678089,0.00038011368325461907,-0.0002285562251258942,-0.0005080104891698
2022-12-28,-0.010129058634703854,-0.012147298268638177,-0.008377037503192545,0.0008847694738036
2022-12-29,0.008205304518362695,0.013172173267194283,0.008017377728427534,-0.0018541778943746
2022-12-30,-0.0011891676214414596,-0.0005919358406701274,-0.0032752172779111697,8.74539430185195e-05
2023-01-03,-0.001821120385467845,0.0005352046381080268,0.003228321045154066,-5.706689850276645e-05
2023-01-04,0.004398741814944278,0.00696694401362427,0.0051491789735998205,-0.0060679306134787
2023-01-05,-0.004397471482368195,-0.006412963278776479,-0.007994959349009035,-0.0014584151386047
2023-01-06,0.018611947134772603,0.021149686769095833,0.018465917075478743,0.0044721845538821
2023-01-09,-0.005094053262665369,0.0005763007106278322,-0.004533620463721637,-0.0007507804809839
2023-01-10,0.002596564907166177,0.006050526237804366,0.00016933424780696526,0.0004558798577888
2023-01-11,0.003887657290597692,0.007456560153378848,0.0042040028141115465,-0.0007999077627982
2023-01-12,0.005401100646170008,0.006174593795588575,0.003148873507181531,0.0004832156022359
2023-01-13,0.0029639893677309787,0.004371730971321916,0.0020804352163991706,7.671601193056792e-06
2023-01-17,-0.0052151188529232315,-0.008197592457984314,-0.00578972717694937,0.000823392022467
2023-01-18,-0.015228174791548827,-0.018084140705177845,-0.012895056514641937,-0.0024809063720356
2023-01-19,-0.0028714914230356455,-0.005773659888058716,-0.004156418549483861,0.0025519047458366
2023-01-20,0.005085263907246403,0.005155680527931941,0.002691783077495126,0.000480103986525
2023-01-23,0.001291700720706841,0.0015311924659385555,0.0008115361594382114,0.0018207076972703
2023-01-24,0.004960249245061347,0.004695704946788287,0.005070474886460675,0.0021941219092617
2023-01-25,0.001346919570857621,0.002186544207944572,0.0023331643608712005,-0.0037210788086055
2023-01-26,0.004591875145360903,0.0003312580432841461,-3.1809355813239596e-05,0.001949158026014
2023-01-27,-0.005127095538094568,-0.00311739046752736,-0.002756566578704005,0.0046078614621422
2023-01-30,-0.008992372359971438,-0.008094332820178407,-0.0070980445436818135,-0.0046262371041289
2023-01-31,0.00898778468279852,0.01005842166245172,0.009085495069153193,0.0048093689452787
2023-02-01,0.0014217548858764706,0.0023323478586054743,0.004267777279232242,0.0014109392199801
2023-02-02,-0.00599266295863322,-0.003142534377789983,-0.0027134360111177305,0.0001653198703936
2023-02-03,-0.007429557344547076,-0.007639402083087983,-0.009324606378610047,0.0106982194498065
2023-02-06,-0.0006321226079946396,-0.0004591206181202838,-0.0014946133407710504,0.0008905070870666
2023-02-07,0.0036463242802625556,0.0006939907062189778,4.172238823112022e-05,-0.001736467854694
2023-02-08,-0.0050924995255210055,-0.005052322836876345,-0.00393476603913744,0.0033548627341344
2023-02-09,-0.00702039668345326,-0.007118184658937412,-0.007842045870626065,-0.0027056278454723
2023-02-10,0.009692591998405328,0.008784973126949073,0.005534649636118832,0.0055558775231213
2023-02-13,0.005983913266014132,0.008547401568288784,0.006895333239060463,1.3845165617203993e-05
2023-02-14,-0.003895941327470266,-0.004676680343853554,-0.0036817035364820243,-0.000210125585129
2023-02-15,-0.0022668930820600027,-0.0013674877537776825,-0.0022433137237815566,0.0039660371153696
2023-02-16,-0.007369869989881373,-0.00705794033138853,-0.007223844209878694,0.0004326726206421
2023-02-17,0.0036639132164393057,0.006507186563112837,0.006861992539219791,9.85071572407508e-05
2023-02-21,-0.012530791955335878,-0.014313270152869761,-0.013940417596695181,-0.0049273097619901
2023-02-22,-0.002401556135921842,0.00012978205288934256,-0.0009362115712132145,0.000910691027388
2023-02-23,0.0019943262412185935,0.0017073229132186277,0.0016808059814389304,0.0020979672784402
2023-02-24,-0.005065172453256953,-0.006281709393980773,-0.005659874266898706,-0.0024081369101877
2023-02-27,-0.00016888260198114427,-0.0002923116665565084,-0.00028698831469562086,0.0009934878996991
2023-02-28,-0.0051174219658088665,-0.003680673635309461,-0.004607346168041535,-0.0002255750248456
2023-03-01,-0.002609351355424841,-0.004931944985116232,-0.0050908888912663975,0.0016854170832647
2023-03-02,0.007218665514469737,0.005608434684779279,0.006353695446174053,-0.0029358055837539
2023-03-03,0.010699290080388614,0.011491333037018981,0.01053301507970409,0.0016240378724519
2023-03-06,0.001659448374094801,4.422863166724427e-05,0.0010229689687666793,-0.0012458161791929
2023-03-07,-0.013650813774291295,-0.011390051294118422,-0.012350373945881152,0.0011382663455869
2023-03-08,-0.0019458379103992627,-0.0011951060901927448,-0.00125994813399484,-0.0017279849157437
2023-03-09,-0.010654386682104482,-0.008648848549870757,-0.009604935090618839,-0.0011362810762332
2023-03-10,-0.00291741012099028,0.0025357337276248277,0.00022392949660338135,0.0003465256479109
2023-03-13,0.00210732789529463,0.004092793223006455,0.0031349438141692627,0.0023417419312553
2023-03-14,0.005343964893837516,0.003438931138783157,0.004423410668019286,-0.0023807736163655
2023-03-15,-0.004559786151812057,0.0025542186582959868,0.00123673389640897,-0.0029975145267163
2023-03-16,0.00567686504993489,0.004246541956426345,0.00485189840904613,-0.0022974655855927
2023-03-17,-0.004024403916227024,-0.0008165784421769588,-0.002449662731971669,-0.0024513192345865
2023-03-20,0.010721888073438175,0.006835338000592226,0.00824943262756436,0.0052221442269385
2023-03-21,0.005853371634619537,0.011161795920130979,0.0006773086502353298,-0.0027135980831173
2023-03-22,-0.010792413004208893,-0.013111281306050188,-0.007258982471733346,-0.00027452148381
2023-03-23,-0.001322901472662555,-0.0012937655913708257,-0.0002687322957765087,0.000820992548249
2023-03-24,0.00653746017702265,0.003486071317143404,0.007438103705278752,-0.0044106060767668
2023-03-27,0.0061765700951125066,0.007839385371864436,0.0016978043540953858,0.0041318647787275
2023-03-28,0.001099916432006856,0.0006815805932047973,-0.0006204637779110159,-0.0004819213404388
2023-03-29,0.008041299268785204,0.009609747366165905,0.007102496996297644,0.0004275955723285
2023-03-30,0.0035680847600853393,0.003360941630676713,0.0033800153527357613,0.0009244332382547
2023-03-31,0.008939753401290012,0.010646932837136878,0.00904436376404251,0.0015828286606821
2023-04-03,0.011348501444492648,0.010706748017135816,0.006711398903892067,-0.0040517939546427
2023-04-04,-0.0033894931064831152,-0.006135090292690603,-8.932659463567615e-05,-0.0029756051241623
2023-04-05,0.007920673481883894,0.004788844678721257,0.009105378762665704,-2.43788259969714e-05
2023-04-06,-0.00016233962481446596,-0.00071730208119099,0.0015738015649696213,-0.003559143126066
2023-04-10,-0.0003529134745361796,0.0014514018771832973,-0.0022784754841887103,0.0018804978426778
2023-04-11,0.003449180386677345,0.004772613067824497,0.0020758649584715085,0.0012801466138488
2023-04-12,-0.00037208153526583563,-0.0012656288419157762,-0.0009731068179186951,0.001948845695003
2023-04-13,0.008018472664041395,0.008198542323612201,0.006830956915801189,-0.0027942423048674
2023-04-14,-0.0026479809595213485,0.0010094444967359093,-0.00414982072038026,0.0018497323153802
2023-04-17,0.00036574091028723245,0.0012826922708611185,0.00036985595443214046,0.0015635712953252
2023-04-18,-2.423837872742214e-05,-0.000152921079356477,-0.0016116284335417341,0.0004863775535424
2023-04-19,-0.0021498686130812417,-0.0021648552854710923,-0.001903037219814308,-0.0002811256398883
2023-04-20,-0.003039270478964509,-0.005997200448537674,-0.0043831677738037506,0.0001467169165103
2023-04-21,0.0015974968162138458,0.0025499812232068265,0.003035659311114758,-0.0052040279432755
2023-04-24,0.0038011933757319183,0.0016345186063394287,0.0019801815954124434,-0.0047079087133507
2023-04-25,-0.005980675169618676,-0.002204557877817861,-0.0019297339510390978,0.0012486380716616
2023-04-26,-0.008512500524519562,-0.008808800282409657,-0.009853804778857344,-0.0057302726635217
2023-04-27,0.008614023375638461,0.00857502468149547,0.00908507977766586,0.0016398286605211
2023-04-28,0.006273038683034326,0.006571282407838569,0.005460951662163098,0.0035183643634304
2023-05-01,-0.0029892038125212354,-0.004982468661969049,-0.003552674187408599,-0.0011829041010472
2023-05-02,-0.004402817103897243,-0.001203015934756998,-0.0016895222941840557,-0.004825958593483
2023-05-03,-0.0048599323041611815,-0.0018760192115499699,-0.002761929406407017,0.0004477626231309
2023-05-04,-0.004285186611484253,-0.0038477492742872506,-0.0040485929424484285,-0.0026420943004916
2023-05-05,0.008361134045482433,0.00489272106707843,0.0056419253173648235,0.000336794855725
2023-05-08,-0.0017405634063029556,-0.0015352500080562334,-0.002359178325743359,-0.005465551071438
2023-05-09,-0.0016566378519143347,-0.0021431885557453615,-0.002330286593976612,-0.0010451767570561
2023-05-10,0.00196996687575719,0.0036022885978737066,0.0028869228601963465,0.0007243161630556
2023-05-11,-0.0033257964606539904,-0.002271452018227094,-0.0020879644670488352,0.0182324870563855
2023-05-12,0.00010021258553812306,-0.0007263596147837672,6.62170190124129e-05,-0.0042845087607795
2023-05-15,-0.001233194767237794,-0.003054823741236536,-0.003720930328541164,-0.0007273547500026
2023-05-16,-0.00873217187029226,-0.007969020978479222,-0.009103074628270548,-0.005551426471111
2023-05-17,0.0064186924646643774,0.0032907124626745912,0.002923655977572469,0.0023054261614324
2023-05-18,0.0019248504348338296,0.0007371274560142512,-0.0014218134385149375,-0.0016153532021556
2023-05-19,-0.0009346745984535123,9.729812863485911e-05,0.00025613784238070716,-0.0052067767313884
2023-05-22,-0.0049537408619165085,-0.004922981433179336,-0.005113967829277061,0.0022552328561149
2023-05-23,-0.0069683183559072605,-0.0026951836382728095,-0.0036089979373190896,0.0027824350303274
2023-05-24,-0.005023273107098625,-0.006215109134997512,-0.006169175210525907,-0.0002034361042203
2023-05-25,0.004472531180308378,-0.007107298137077307,-0.004392263020816377,0.0012991840632321
2023-05-26,0.00860181272114955,0.004335932711580782,0.004590816977455641,-0.0013502472445864
2023-05-30,0.0029102049128510586,-0.0009104077877050033,-0.0005345495210220891,0.0020949904777657
2023-05-31,-0.002750953999696374,0.0021637849983438323,0.0015402812493468675,0.0001146955222115
2023-06-01,0.00750752439817987,0.004807325152549625,0.004960987757844965,0.0104535753079843
2023-06-02,0.010570976706157956,0.005995582742354491,0.0067829054561227954,0.003482347013189
2023-06-05,-0.0024027478462519216,-0.0007742991305460578,-0.0006811015353799825,0.0031460973775805
2023-06-06,-0.0010849608552411403,-0.0015550119321717235,-0.002020594869763795,0.0017175857733877
2023-06-07,-0.00017479612402947962,0.00012085345589967598,-0.001274075560106562,-0.0012138541023424
2023-06-08,0.009726994921943276,0.007867360848497781,0.00819066745965407,0.0040649187581494
2023-06-09,0.002179399559485116,-0.0007215955500993313,-8.210517085245321e-05,0.0026717584893597
2023-06-12,0.007198747302356872,0.0019100374549573594,0.0031800881702521502,-0.0069514968388586
2023-06-13,0.004534436991379334,0.0004674899983898205,0.0008636605898085576,-0.005312370586888
2023-06-14,0.0017498884554416685,-0.0009201952105140935,0.00020095463066223482,-0.0029765214018384
2023-06-15,0.011634876913227439,0.010922969861003926,0.011234620557770764,0.0014399241237897
2023-06-16,-0.003971787695552147,-0.0005944250556964521,-0.0010215851025017898,-0.0008927567971354
2023-06-20,-0.007567027997978631,-0.005868792946480703,-0.00550287161409247,0.004633026591356
2023-06-21,-0.0033817224424727847,0.00010962541809861388,0.0007872053808486657,0.0051951661796263
2023-06-22,2.012306799106373e-05,-0.003112098241160938,-0.0009491611280819929,0.001738676634607
2023-06-23,-0.005232584467397825,-0.005097234655501548,-0.0045322300756998075,-0.0010177868118664
2023-06-26,-0.0022831074149275887,0.0031993251416471444,0.0003531131110294199,0.0016723424533421
2023-06-27,0.006251700017531568,0.003574957316188165,0.0024614906890087487,-0.0050316448258508
2023-06-28,0.0004981599084181553,-0.00021237735724116713,-0.0018504830257458711,0.0021496910342555
2023-06-29,0.0010188315099090796,0.0032518637732337533,-0.00043119276895342324,-0.00128040019348
2023-06-30,0.010057638607496361,0.007572373236908266,0.008818437848378968,-0.0024183124107658
2023-07-03,-0.0004468795339842807,0.001055101028508735,-0.0002645362900392514,0.0001613315095163
2023-07-05,-0.0020129666652635167,-0.00356860216003663,-0.00167691012577966,0.0081385431212452
2023-07-06,-0.008471581359247323,-0.011510746878507463,-0.008959572637679231,-0.001094124796013
2023-07-07,-0.004133795439187914,-0.0016738957953926483,-0.006573984766937569,-0.0011406706648117
2023-07-10,0.00344250193657462,0.002749317196543714,0.0026735773936497754,0.0015282991984565
2023-07-11,0.006154403480683009,0.007369238891278921,0.004585979513140508,0.0021567594371954
2023-07-12,0.0066081908940761,0.004732455926044643,0.005415650970532703,0.0005204183269218
2023-07-13,0.006638803120165584,0.0008936434719007378,0.004504105094518375,0.0015131853243376
2023-07-14,-0.0019002525482581438,-0.0035275560052318543,-0.00022316475249281045,-0.0018520585374896
2023-07-17,0.0013802038518551957,-0.003864742877284572,-0.0024459953317475646,-0.0048347213365386
2023-07-18,0.007276458620109121,0.007256764824716886,0.0029675107021793633,0.004146010642944
2023-07-19,0.002993533656607497,0.007239354549607974,0.005533461164695732,0.0033621090500001
2023-07-20,-0.0016536577957273599,0.004711996258212251,0.008139220889518078,0.0036864170844433
2023-07-21,0.0005361434063654081,0.002535113124733174,0.0038136204672216917,0.0001235899261314
2023-07-24,0.0028434986329677657,0.0018426827315530005,0.002362046128249141,-0.0009441939832089
2023-07-25,0.0013360704312905059,0.0003809194050709203,0.0004278937790042549,-0.0014951140162858
2023-07-26,0.002252416856083509,0.003485516859493768,0.0036290707101278965,0.0002498880006572
2023-07-27,-0.007521675951358978,-0.00943790949026227,-0.00934900376165979,-6.3801725239641665e-06
2023-07-28,0.007798591699820824,0.008399116178440797,0.004421416950271344,-0.0003224692864352
2023-07-31,0.003522624691046334,0.005349089819733807,0.0003425931402835067,0.0040909650812204
2023-08-01,-0.0027879841179408735,-0.006880914564258858,-0.005261428743738648,0.0002219494023201
2023-08-02,-0.010320263245781641,-0.01106289629238279,-0.004970831117746694,-0.0008267634156556
2023-08-03,-0.003461538784634211,-0.004927601192372866,-0.004775806370323682,-0.0034537160389769
2023-08-04,-0.0018518612301396957,0.0011666325276827808,-0.0028574896351329206,-0.0054334869058003
2023-08-07,0.007728607195734757,0.004661807266877207,0.0060667165009129585,-0.001373419900947
2023-08-08,-0.002822600203447128,0.00017829546477121958,-0.0007235358301006274,0.0011214524899409
2023-08-09,-0.005257184554785426,-0.0033156726949260112,-0.0006408724575537328,-0.000528398846862
2023-08-10,-0.0002145442326605434,0.0014947443018792567,-0.0018191599072204564,-0.0013919713053989
2023-08-11,-0.000722241692676609,-0.0002459696255196586,0.0026761741933740454,-0.0035831881632726
2023-08-14,0.003213284635945457,0.0027192995462276045,-0.00179271933551923,0.0026803263734607
2023-08-15,-0.007974778554830374,-0.008669393581293898,-0.008445349207828662,0.0004428629302349
2023-08-16,-0.006805536349604077,-0.006693483380349272,-0.004148920065253802,0.0017506097672679
2023-08-17,-0.005496101710160012,-0.00398764319014074,-0.0035892810716744287,-0.0015188072897103
2023-08-18,0.001945703932976974,0.002447444081493485,0.002391337416428696,-0.000205604593607
2023-08-21,0.0016034673824877243,-0.0010687464093944365,-0.0036967317687402004,0.0039362982889649
2023-08-22,-0.002183228876895381,-0.0020240606892138638,-0.0017062282955447132,0.000117720912509
2023-08-23,0.010271016781566644,0.009497036375599214,0.007379245994482453,0.0008796733023604
2023-08-24,-0.010252002887541481,-0.00843513831588079,-0.005987650791878174,0.0002190655594134
2023-08-25,0.006702410654628656,0.006021314156636244,0.005612683940322063,0.0009483125492547
2023-08-28,0.0046864421289303515,0.004245064596162221,0.0030241225174538534,0.0001919827451758
2023-08-29,0.010559503839730516,0.008736201439074257,0.006794931040402043,-0.0017445816220167
2023-08-30,0.002760895258254288,0.0018398385244209493,0.0006180819634531341,-7.206973210374785e-05
2023-08-31,-0.001568990828487545,-0.00223058007543988,-0.003327418346580917,0.0020572178200304
2023-09-01,0.0007272494891937961,-0.0003614434013217595,-0.0010823094222933833,-0.0001255134910262
2023-09-05,-0.005309148618299653,-0.007351112690897123,-0.008125349020417746,-0.0011232837500592
2023-09-06,-0.004281272243020169,-0.003660440724164019,-0.003453463159361353,-0.0020575587148895
2023-09-07,0.001432575950238435,0.0028777158348678167,0.0033954746600495037,-0.0064112286452068
2023-09-08,0.0009639765291714115,0.0010274395164593772,0.0016977188819885707,-0.0035759427995268
2023-09-11,0.0034838240491854335,0.004222908836948575,0.003465559067472947,0.0029629020088843
2023-09-12,-0.007285151887329112,-0.002736455734447698,-0.0006628976117500347,0.0109299930067257
2023-09-13,0.0004860748369297365,0.0012375762658820954,0.0023884035931392416,-0.001623967976164
2023-09-14,0.0057452170710743525,0.006250225532831807,0.006571657069738552,0.0022919699282478
2023-09-15,-0.008514132182660745,-0.007690174345294018,-0.006254557812954658,0.0015833467244567
2023-09-18,0.0001345271599172829,3.8821108730616355e-05,0.000403596048781838,-0.0020933430399858
2023-09-19,-0.00206411607293752,-0.003098929829083957,-0.002564743726734098,0.002357524456164
2023-09-20,-0.0056433770698295785,-0.003561654736620189,-0.0015948145875897466,0.0011443004646511
2023-09-21,-0.012947255085806233,-0.011666856944558423,-0.011767848917142994,0.0014883851391505
2023-09-22,8.236725708999658e-05,0.0002722673560362396,0.0008046487750488328,-0.0018661269874874
2023-09-25,0.0002239321867278304,-0.0015598039005250313,-0.0019462930837816704,-0.0011036372215666
2023-09-26,-0.011083172359652836,-0.010441920325838822,-0.009996145423308303,-0.0017143408189871
2023-09-27,-0.0021351201202430624,-0.003979608126403246,-0.006536061924449788,0.0067379934487093
2023-09-28,0.003910961009983959,0.0035396946208297486,0.0004391920548376718,0.0018527308163074
2023-09-29,-0.003194501456930649,-0.001546524979230502,-0.003988035229844145,0.0040738654168675
2023-10-02,-0.0031147835543232695,-0.0037836849394429647,-0.009668990857424134,0.0003639724664796
2023-10-03,-0.01082541999004333,-0.011566650269255555,-0.007991871556821973,-0.0017928691574181
2023-10-04,0.00501583679464825,0.0042782858394274466,0.002372259979618086,0.003130402694096
2023-10-05,-0.006300213146213359,-0.00534051962541266,-0.008620411896796985,0.0023394058388491
2023-10-06,0.005831573938276727,0.003848212034014532,0.003238961422073367,-0.0033420420160776
2023-10-09,0.006212294888432776,0.006705191141482702,0.007557057950887065,0.0043258396005401
2023-10-10,0.004577257284312204,0.004468359981749346,0.006028034275115778,-6.213032812911381e-06
2023-10-11,0.0018710376898960965,0.0023271087409727827,0.0009785276228336194,-0.0007670921833397
2023-10-12,-0.007042307541774311,-0.008602377994133532,-0.00889263986787706,-0.000428703733333
2023-10-13,-6.196581702423414e-05,-0.00041254237908689063,0.0063223140004006724,0.0018068823310712
2023-10-16,0.005645862156692319,0.0054433281701839085,0.004194861566015722,-0.0009948947284569
2023-10-17,-0.0014020964903092082,-0.0021568096686214577,-0.0007171130127090614,-0.0015771715419263
2023-10-18,-0.007175876147127929,-0.007324483929862301,-0.00451436912661941,-0.0020307880882204
2023-10-19,-0.0011148720636830387,-0.0006882664135473616,-0.0030526766493803362,-0.0002800760404902
2023-10-20,-0.007905088805915797,-0.0041447500110326115,-0.0035327400381892013,-0.0024287467499655
2023-10-23,-0.00030075003625623566,-0.001951577639640055,-0.0027757141136915634,0.0021461455444811
2023-10-24,0.008056190245391021,0.01104061874742187,0.00912025422044578,-0.0023739082478416
2023-10-25,-0.011201159039947398,-0.009265587839505308,-0.005427171879770469,-0.0042516387182658
2023-10-26,-0.007475159511042192,-0.0027500394344428135,-0.0023462277671694332,0.0030976595074579
2023-10-27,-0.0022485176309128647,-0.008563162204229209,-0.007884969317149704,0.0044887543126997
2023-10-30,0.011782830501049772,0.012717517712144778,0.009628247817628272,-0.0027158446158532
2023-10-31,0.0044627961351801,0.004192693643019673,0.004592929003043882,-0.0007890922618593
2023-11-01,0.010330027726195923,0.00978725476937614,0.006353367828505564,-0.0001235221682195
2023-11-02,0.014143361199806697,0.014241921356869771,0.01378123474606263,-0.0005363747476116
2023-11-03,0.006983404108055968,0.008477609296057174,0.0051242326987865575,-0.0025408157550315
2023-11-06,2.1419227931750195e-05,-0.0030932234230754163,-0.002226989851196993,0.0008428164620163
2023-11-07,0.0022359432121957373,0.001242970886025041,0.0008599030082781076,-0.0002645171338826
2023-11-08,0.0007911400688023599,-0.0005430280704770335,-0.0015222840614045586,0.0027970064672626
2023-11-09,-0.006184395739241088,-0.009856430255350681,-0.006417957696682242,-0.001341544245194
2023-11-10,0.011325547184788853,0.00871614748503521,0.006381217252497469,-0.0020058738113943
2023-11-13,0.0007558115183616606,-0.0005330816039531422,0.001099670185909153,0.003565438183796
2023-11-14,0.015326467217511493,0.01687434811409724,0.013193783618637133,-0.0010086129005602
2023-11-15,0.0008222812796334159,0.003826973196684082,0.0007412504658097543,-0.0050527872393244
2023-11-16,-0.0016690993335356503,-0.0006991103960361351,-0.002528146758207625,-0.0032794811351743
2023-11-17,6.317391515551409e-05,0.002171739191516071,0.000781564099517933,0.000829824392166
2023-11-20,0.0056772788706516576,0.002671871530133865,0.002628918168844347,-0.0005034971196189
2023-11-21,0.0001869098696498656,0.0022920112019321026,0.0024904451079896593,-0.0021966481471327
2023-11-22,0.002967368683036283,0.0017834201348457062,0.002989574251903396,-0.002248463029292
2023-11-24,0.001147547060265119,0.0038300623861525387,0.002520489551585544,-9.375761482752487e-05
2023-11-27,-0.00019440799286363363,-0.0018964936051620667,-0.000354525088010481,0.0008140051530088
2023-11-28,0.0030685215796716564,0.002868480257313903,0.0034321856620234507,0.000216599673203
2023-11-29,0.0002339852542538609,-0.0008814099927267035,0.00031264134475442336,-0.0040217935199262
2023-11-30,0.005023279729672186,0.006660828625954456,0.006511813850715914,-0.0024431748149205
2023-12-01,0.007148252305648139,0.004113793663827484,0.008176859994962994,0.0003795482814944
2023-12-04,-0.006862478299812253,-0.0028329951725015235,-0.0034514713248099973,-0.0010409695141789
2023-12-05,-0.00045418005831884264,-0.003263650089475075,-0.00278285416042305,-0.0031346203117759
2023-12-06,-0.0028212914825337066,-0.002723092858357966,-0.0005110492338495762,-0.0041761697290327
2023-12-07,0.004409286824248427,8.896441586047691e-05,0.0005311659268509689,0.0015678109607391
2023-12-08,0.00013266447337323048,-0.0009575003548979512,-0.002443260566506524,0.0029891342421628
2023-12-11,0.002250452076694419,0.0023337660843036527,0.0020974649033538096,0.0052370574360593
2023-12-12,0.0021964165464771184,-1.5271813118656794e-05,0.002767521548122671,-0.0010354028574429
2023-12-13,0.011989426976581459,0.010025494343481005,0.013738516252322478,-0.0024310880059204
2023-12-14,0.00016700638274889495,0.002767998653581962,0.0021293956650577693,-0.0030997179040926
2023-12-15,0.0001034811186552499,-0.002168276401357931,-0.004080448495934121,0.0030490575214569
2023-12-18,0.0045618963641080095,0.0044697590296010085,0.002758859419353123,0.0030033429134732
2023-12-19,0.004445694460458066,0.0050659529111815186,0.003959150074753484,8.217277629880664e-05
2023-12-20,-0.012471685203513197,-0.012721348123515242,-0.011300917869585043,-0.0003539615643282
2023-12-21,0.007944613225865066,0.007842626202883448,0.006323063151305841,-0.0005230321193009
2023-12-22,0.0012916625696043486,0.002248393594553624,0.0019505565654080537,-0.0023719986874788
2023-12-26,0.004172363680862557,0.0026692635392643743,0.00393545724212935,-0.0038312611124041
2023-12-27,0.0024097169065805456,0.0025835385291063102,0.003245988770136844,-0.0028245374666013
2023-12-28,-0.0008827255659714377,0.00033908271879730997,-0.0009055373556644003,0.0032321135431812
2023-12-29,-0.0020405615589435947,5.726801061386453e-06,-0.0011085793975441273,0.0009835050781371
2024-01-02,-0.005585202257168317,0.007754849953380674,0.0028035374586184857,0.0041898745964062
2024-01-03,-0.005550799396575411,-0.0012330264688353927,-0.00336275415280868,0.0065689840736496
2024-01-04,-0.003950840895573081,-0.003531340948912031,-0.0031478337747470725,-0.0001894377067376
2024-01-05,3.930089237625547e-05,-0.0007756860151245673,-0.0010376925994090098,0.00293842633659
2024-01-08,0.01024140201668224,0.003959005704238463,0.004220071809863969,-0.0010986739584945
2024-01-09,-0.0009310384590290341,-0.002609898399410244,-0.0025927492377475526,-0.0006416810243393
2024-01-10,0.004234635074101097,0.0010879049756728613,0.002393590979506876,-0.0011945726200843
2024-01-11,0.002287177845629869,-0.002941600977096252,-0.0008790531733867823,1.2219156732174452e-05
2024-01-12,0.0012220350976693364,0.0019821977774271784,0.0011443173266181875,0.0002416831981544
2024-01-16,-0.0052595384217733075,-0.005614861612024293,-0.00753500932492891,0.0042099580679129
2024-01-17,-0.004382924242354053,-0.003167971240560989,-0.0036756394089522406,0.0022969595905556
2024-01-18,0.0077455166577469915,0.002953024181285165,0.004195482187335958,0.0009256369978
2024-01-19,0.008539758246506228,0.001992281351425488,0.004036139398109582,-0.0023914495520491
2024-01-22,0.0014231984672842552,0.0015895512310362585,0.0013128956881640831,-0.0016839808644567
2024-01-23,0.0025023105756620326,0.003449646760689356,0.002734195000498712,-0.0118473966854642
2024-01-24,0.0012302196282831432,-0.004998646388933872,-0.004589329131939889,-0.000277625459217
2024-01-25,0.007746249851146504,0.006767794988198583,0.007556882665021111,-0.0030182223140813
2024-01-26,-0.0023175582858476393,0.002072984358293089,0.0007613092310120302,-0.0023634662667391
2024-01-29,0.006153512745532771,0.0033799561012502538,0.003931100282496914,0.0019917795158171
2024-01-30,-0.0016315255716891177,0.0015903694201729133,0.002035993192358413,0.0030687817509506
2024-01-31,-0.010857124929459798,-0.003616673913278909,-0.00610887611860345,0.0049720709533221
2024-02-01,0.010083662604550922,0.007471972743620793,0.008530480647723038,-0.000832511819537
2024-02-02,0.00256462183260346,-0.004854657238433724,-0.0033673468975496607,-0.0021918403886088
2024-02-05,-0.005006239566428312,-0.008954305780230492,-0.008396520900256346,0.0006684636255517
2024-02-06,0.0033613882369552322,0.006981261347177905,0.0055066812466152545,0.0007711325478462
2024-02-07,0.0053682934779423555,0.001886514866939168,0.00245188704138847,0.0012271732193598
2024-02-08,0.0007868696391391354,-0.0017650831420824257,-0.0002892995556891643,0.000535813683335
2024-02-09,0.0034290828015494604,-0.0026958850196004817,-0.0018952418196250859,0.0016789891025574
2024-02-12,-0.0004822069140298698,0.004641540974298906,0.003334004219994413,0.0003581349522732
2024-02-13,-0.01257969015319252,-0.012330702966104641,-0.011543985142276699,0.0003277341413849
2024-02-14,0.006876325258178286,0.00205708615543765,0.0026526336065154795,0.0009097561518067
2024-02-15,0.004558565881599997,0.011918740349212762,0.009474271762788459,-0.0013382721938139
2024-02-16,-0.004923989681001844,-0.0011703354388137948,-0.0019832262541650916,-0.0001040844434044
2024-02-20,-0.0008747295670660039,0.002466353584177265,0.0031725363510701336,-0.0011447725180173
2024-02-21,-0.0004014634206188145,-0.00041197265229371875,0.0024979980286769722,0.0009297367793966
2024-02-22,0.013180783077709032,0.009499430634686145,0.00609120230481831,-0.0011903887767716
2024-02-23,0.002057085826244483,0.00285030402320788,0.0027692113697021193,0.0004876879802228
2024-02-26,-0.003163637682979774,-0.004875696096136111,-0.004358070082932373,-0.0026949042733936
2024-02-27,-7.466310765439333e-05,0.0008822757962745675,-0.00042906449626764097,0.004537697803264
2024-02-28,-0.000769190200643473,-0.00025937152109748704,0.00046822039181191775,-0.0009314911284507
2024-02-29,0.0050232289860396235,0.004795453802767133,0.001598719943462973,-0.0002218512569044
2024-03-01,0.006906772238434232,0.006925754227413184,0.003658592749095587,-0.0012670305430095
2024-03-04,0.0017742445062424272,0.0010168436423166254,0.0014912710059257846,0.0004091267560023
2024-03-05,-0.008512287287242043,-0.008114548097450295,-0.0011258133811262545,0.000346815298616
2024-03-06,0.004806514688114268,0.004579016068621201,0.004137451524814871,-0.0003013196075349
2024-03-07,0.007354500252086807,0.007036270908069187,0.002962939758094837,0.0013889244112832
2024-03-08,-0.0037583791846029528,-0.002515949554385917,0.0008360949736848743,-0.0011505740077859
2024-03-11,0.003172367970493457,0.0035093163898687984,0.004525937478902617,0.0010880735028187
2024-03-12,0.008590602629662698,0.009102686995306482,0.00114333555063878,0.0032802395669043
2024-03-13,-0.002345507595560079,-0.002932323905485159,0.0010811960615247068,7.664192012458705e-05
2024-03-14,-0.0030468814068364733,-0.0030046055051604677,-0.0044797816172768455,-0.0029980039266837
2024-03-15,-0.008428125721833152,-0.008869241290054952,-0.003461463371936059,-0.0004428490641022
2024-03-18,0.005578032600893932,0.006318103900921819,0.0026545124942005402,-0.0009224800891553
2024-03-19,0.004642657981610659,0.004484811647199684,0.004468042885159714,-0.0019072593130674
2024-03-20,0.007598964076530541,0.007328480048968369,0.006227002661471521,0.0007305714986898
2024-03-21,0.0026259336456172567,-0.0005557902228535526,0.0027667763877113716,0.0001933862994961
2024-03-22,-0.0014496517789737496,-0.0016120030544422496,-0.0027826403353456886,-0.0010544216964499
2024-03-25,-0.0029145503542392175,-0.002281870380826702,-0.002364877635295992,-0.002567381153071
2024-03-26,-0.0003648790228141105,0.00020430945229184228,-7.024473648767652e-05,0.0011730772557943
2024-03-27,0.006924744832949875,0.009673441903999987,0.01052360024025585,0.0003025340159769
2024-03-28,0.000855784632129401,0.0013698985500863337,0.0017590694532554666,-0.0018288540697046
2024-04-01,-0.0032166794705812763,-0.004532963441143969,-0.005354669083576879,-0.005404837940827
2024-04-02,-0.004972428776985394,-0.0055499679280426595,-0.004051632274912824,-0.005179819489486
2024-04-03,-0.0007256805165493523,-0.0051075288386631095,-0.0013636869874023429,-0.0002913274628409
2024-04-04,-0.009912570135868019,-0.007813491435873844,-0.0061999642649377806,-0.0008932519769302
2024-04-05,0.007076707195408384,0.001035144298311574,0.003729875099663055,-0.0008116502531898
2024-04-08,-0.0006506233530008576,-0.0011748111323893267,0.0004793594709081171,0.000255303687444
2024-04-09,0.001972965050966556,0.0038807512482811916,0.003459405133789683,0.0004397663041929
2024-04-10,-0.009211184634138102,-0.011559550847489742,-0.010852078494042785,-0.0012153838759581
2024-04-11,0.003934680466261248,-0.00022335113683913453,-1.4347604807535038e-05,-0.0027607203571017
2024-04-12,-0.011555046706578184,-0.008424729571127802,-0.009014667981876367,0.0018966668636385
2024-04-15,-0.008081512377793525,-0.003916991467810424,-0.0036424947682111696,0.0009360229070901
2024-04-16,-0.001045630062263523,-0.0019136897714737045,-0.004072095190411239,0.0005317445037
2024-04-17,-0.0015913564766377928,0.0023649936540685885,0.0025491211563301234,0.0001568524084713
2024-04-18,-0.00022755990060173377,0.0025033604490514692,0.002706473182554421,-0.0010539440445567
2024-04-19,-0.003435898826754657,0.004664265319996733,0.006532409356436454,0.0082879593999418
2024-04-22,0.004727326417491799,0.005596723004034617,0.0035157001753702696,-0.0021787304357379
2024-04-23,0.0064140230759027585,0.006973521980566399,0.003271906274637378,-1.7637262181856853e-05
2024-04-24,-0.0013417163404585441,-0.0020927966276970047,0.0004472576920096339,0.0012880516966999
2024-04-25,-0.0035136550788274026,-0.00410781195872783,-0.0030813987211562354,-0.0027432153176609
2024-04-26,0.004919982928652926,0.004823636082391914,0.0007100037120659467,0.0010770852967894
2024-04-29,0.0023509048723244965,0.00318230992180099,0.004251466260417225,0.0020766461978541
2024-04-30,-0.014255377400961052,-0.01468631611136736,-0.010865175952727601,-0.0026672658112738
2024-05-01,0.0015718447750929791,0.0023016873197530883,0.004260449028083122,0.0027017573649138
2024-05-02,0.006181544941498251,0.007309274986076086,0.003085000396454795,-0.0053595476570202
2024-05-03,0.008764210352903198,0.010127162333787907,0.005413789980209708,-0.0034365074217045
2024-05-06,0.006986331212020897,0.0066263750442292005,0.00424847712916506,0.0017487743146433
2024-05-07,8.370108394793529e-05,-0.0008002705688604589,0.0021353045592382765,0.0043259000863527
2024-05-08,-0.00024180590415521724,0.0001360986024923003,0.0005088861814539383,-0.0009728494407429
2024-05-09,0.005299634548232787,0.004759613008106031,0.00726815780894636,-0.0009845787754164
2024-05-10,0.0022864786978286193,0.0014287200019123998,0.0023699071587808683,0.0014683065765703
2024-05-13,0.0004373477855274544,0.0014598473409295411,-0.00021866197022615345,-0.0043403995328139
2024-05-14,0.0021715878637090956,0.0020830443976226445,0.0013576961263361974,0.0008578485391243
2024-05-15,0.00870705186932915,0.00867145212820435,0.007887755669650321,-0.0034864816067425
2024-05-16,0.0013909969308473955,0.0017333053113532404,0.0028831595891479155,0.0046803845671683
2024-05-17,0.0031122240665228808,0.0023249710863455803,0.002893065397216189,0.0017216326818792
2024-05-20,-0.000531344692682454,-0.00024504559046812583,-0.003967253116038866,0.0019757828123339
2024-05-21,0.0013116141843492073,-0.00025276415245211565,0.0013884498344951801,-0.0020571161677588
2024-05-22,-0.004130188159895353,-0.0018068460385222097,-0.0032799614013257483,0.0035729997611491
2024-05-23,-0.008654650259867972,-0.01395094032821895,-0.012324192201242142,-0.0036006978628133
2024-05-24,0.0034635511021574145,0.0016162389184254846,0.002239799498910207,-0.002843423361815
2024-05-28,-0.00015057087699625043,-0.00511806921879574,-0.0049870102129391915,-0.0054376658726472
2024-05-29,-0.0071795268988567645,-0.009995227616998406,-0.008740246668721256,0.0001929718652859
2024-05-30,-0.004451428224734831,0.006064669576355922,0.0051280282794740305,0.000298263708474
2024-05-31,0.008727514487010066,0.014560011189418028,0.012444696488498264,0.0016792675864313
2024-06-03,-0.00030949147268087465,-0.002863868794680502,-0.0010242773386823453,0.0008676857865008
2024-06-04,0.0019879862414895356,0.002985428681261416,0.0037039220336324108,-0.0045882871953727
2024-06-05,0.0067306132787792895,-0.0011953808262862207,0.00138263224557721,-0.0010992064761705
2024-06-06,0.0012906532227525008,0.0008439117700425328,0.0008061765552035639,0.0014725341472851
2024-06-07,-0.004887445850879567,-0.0047789739214041185,-0.006919168960792907,0.003003099790467
2024-06-10,0.002110306505703341,0.0014954576552023628,0.0010758120472946083,-0.0040141299925545
2024-06-11,0.00027428711370623487,-0.0024035656587880474,-0.0012405129979841032,0.0038020482201977
2024-06-12,0.0048621537837589875,-0.003056547326508873,-0.001740601941000245,0.0013753590743017
2024-06-13,0.000742108052752896,0.0003246310738135189,0.0010777048174190407,0.0004210957658412
2024-06-14,0.0026764600655726787,-0.0008004241689015138,2.691533995669628e-06,0.0025252094832538
2024-06-17,0.003987461563991107,0.003135782906341355,0.0016307857488183715,0.0006061812555464
2024-06-18,0.0044805168827556675,0.001380065102789044,0.002925946891626487,0.0014107784491058
2024-06-20,0.0020912624148792143,0.006379301541767625,0.004171677191738614,0.0043039920461711
2024-06-21,-0.00019015381490077322,0.0011704336806857727,0.001281019337425136,-0.0030365775899878
2024-06-24,0.001179658960176599,0.008093797967333685,0.005817383031157009,-0.000556071491307
2024-06-25,-0.0007257854694902704,-0.00565857738157632,-0.00500012568747503,-0.0035832809213624
2024-06-26,0.0021936878591223554,0.00020735085514667388,0.0008399580026409383,0.0004802617609675
2024-06-27,0.002386418188799423,0.002016649244233095,0.0013848328056621335,0.0016503256533048
2024-06-28,-0.0012197064231931419,-0.0003597116485443038,-0.0012046974805799099,0.0018519052013988
2024-07-01,-0.00045093897996533307,-0.004085460735352852,-0.004110955168130164,0.002333682947183
2024-07-02,0.0040096731986008875,0.0016399655206200516,0.0028413444943232824,0.0009590464556764
2024-07-03,0.003501399286909847,0.001672217078060019,0.002031513252231072,0.0004802550770237
2024-07-05,0.0036699049905411286,0.0029028351112035853,0.0037193659306134813,0.000905111035229
2024-07-08,-0.0005833222106731506,-0.0015073857514823097,-0.0012753737976567367,0.0018364932375088
2024-07-09,-0.0012562576436772504,-0.0015771812544867836,-0.0017375318562247923,-0.0013066331186209
2024-07-10,0.00802456938776872,0.008957416252958981,0.00891393083615938,-0.0006012688412242
2024-07-11,-0.0015635336463506128,0.0064348331039135445,0.004539839871992638,0.0049283007956836
2024-07-12,0.0041659541361813174,0.005505814215102861,0.004762641869343095,0.0016203993871598
2024-07-15,0.0030299076231200084,-0.0013359724023030396,-5.3968731418017755e-05,-0.0014624472019706
2024-07-16,0.011107353347979604,0.01573303083262602,0.013662111230993979,-0.0074489171022317
2024-07-17,-0.002516027461056128,0.007276239297778685,0.005290660509323294,-0.0069195024621991
2024-07-18,-0.007944705184305244,-0.006804243972801877,-0.007277082035175503,0.0055171485414687
2024-07-19,-0.006763292018574961,-0.005063778814612691,-0.005384676223278304,0.0026540567166832
2024-07-22,0.00337327263461345,-0.0017332451858318937,-0.000262301173825668,-9.420543714983992e-05
2024-07-23,-0.0022487432695673195,-0.00304530363124478,-0.004045233487256931,0.0110418172276625
2024-07-24,-0.01094689754695525,-0.009793559803298104,-0.0021744193979036297,-0.001440459318765
2024-07-25,-0.002897966726142291,-0.0022353039650193653,-0.0009882269825112967,-0.0061611914163195
2024-07-26,0.008575074746895457,0.007634463690005426,0.008808237070653499,-0.0033281703119673
2024-07-29,-0.0016505450894167154,-0.0004470748619201752,-0.0010813663438093398,0.0008376454894965
2024-07-30,-0.0007231357457124488,-0.00012212096790944642,0.0036913613977692097,-0.0041710132839357
2024-07-31,0.009590902052394892,0.01062262121901403,0.0033126562085856967,0.0036332291563784
2024-08-01,-0.007998611281505008,-0.00905369186596238,-0.0017742514268744695,0.0048723120793358
2024-08-02,-0.013872221933338213,-0.01803025758320309,-0.004693581635183085,0.0020865506521835
2024-08-05,-0.022759043269311618,-0.02411107501998344,-0.01971754396702966,0.0026559302113168
2024-08-06,0.005672782962544744,0.005890512565249451,0.003043044695777264,0.0040171697529683
2024-08-07,-0.003664693956597165,-0.0043766378002087995,-0.001712003388391477,-0.0025199145394324
2024-08-08,0.01503225166228082,0.014839487157889658,0.01024085247960691,0.0017730423993121
2024-08-09,0.0030158839819745494,0.0033496068867129073,0.001397188963069127,0.0010269776898444
2024-08-12,7.80573950272525e-05,-0.0007570412288625116,-0.0015390429016056385,0.0036850571890475
2024-08-13,0.010003019537713657,0.010276712575970522,0.0061031973211731734,-0.0007225739025947
2024-08-14,0.004179309224268847,0.0034396953582539113,0.0038137471807476054,-0.0014735128232966
2024-08-15,0.011127974934926713,0.011468074723483438,0.007266670465657281,0.0065518883191289
2024-08-16,0.005288393249672595,0.006333650544245325,0.005343975241909244,0.0002867747319072
2024-08-19,0.007303002952882664,0.007658027296168321,0.005062270129968245,-0.000229280725656
2024-08-20,-0.0007295061594453612,-0.001292781957403546,-0.0002259960018867386,0.0006788274118104
2024-08-21,0.002597951784773111,0.0026796597026531527,0.0027407168833491536,0.0001758986024917
2024-08-22,-0.005452447131226904,-0.0030172863097704013,-0.0036680616416206973,-0.0023779905760543
2024-08-23,0.008918101875030855,0.00996507636134179,0.00806110328462433,0.0005235464665272
2024-08-26,0.0012291808674197143,0.0031426423323421392,0.002265016468735701,-0.0007219121968576
2024-08-27,-0.0004653351905314659,-0.0024950544107651385,-0.0008676698649860113,-0.0029160535067852
2024-08-28,-0.00418452607370611,-0.0036326870790660193,-0.0028328373206494106,0.0001676697014891
2024-08-29,0.002659657425863856,0.004448376334625543,0.002555631622847284,0.0041433929442584
2024-08-30,0.005549668603228927,0.006144629535469744,0.004186980114051062,0.000425280678693
2024-09-03,-0.010214143539527654,-0.011708623399584683,-0.004910740811615453,0.0016630075076525
2024-09-04,0.0004218033256890003,-0.0014729988390449417,0.0013936878821493035,-3.5727377353620145e-05
2024-09-05,-0.0013577886951792837,-0.0038198264669645856,-0.0023302173776216526,-0.0001550555205144
2024-09-06,-0.009551518645362491,-0.008762831829410466,-0.006715529431023157,-0.0026731380028267
2024-09-09,0.00848632952451957,0.01087004384259984,0.008608859442294326,0.0007946531534609
2024-09-10,0.002983601784616483,-0.0031178693766406164,0.0009238036867683093,-0.0008880076629796
2024-09-11,0.0034130172266843744,-5.4336788198278987e-05,-0.0001232475387188376,0.0041404758253689
2024-09-12,0.0054403495411008244,0.004073380304892972,0.003716292163638555,-0.0001885553289493
2024-09-13,0.004479659083251406,0.0044878171477017266,0.005274215774683129,-0.0071065070202008
2024-09-16,0.006234551107238177,0.008928803682361219,0.006657776615414771,-0.0047221732267509
2024-09-17,-0.000370353243668613,0.0017927484251728104,-0.001383763103676091,0.0012988909561291
2024-09-18,-0.0041651876187756235,-0.002679115171213423,-0.003802749518707357,-0.0007899870378583
2024-09-19,0.009058678617592452,0.006988277653551417,0.004735142781152187,0.0020896566115474
2024-09-20,0.00022084947515077779,0.001388236110351705,0.001783988306147672,-0.0019504520906297
2024-09-23,0.001934607080454381,0.0027876648844793197,0.002361408183715816,-0.0001566632025797
2024-09-24,0.00312491026535202,0.00016951182881224527,0.0014703247391553227,-0.0010671030973322
2024-09-25,-0.002933076414050961,-0.0036828969971590725,-0.0034910678068196276,-0.0021613165307572
2024-09-26,0.001576038831709284,0.00043683503770119617,0.0009226310258126666,0.0001516742006204
2024-09-27,0.002428414106261682,0.004129625194851874,0.00385335861073236,0.0017132335627987
2024-09-30,0.0012811733306816284,0.00016700485522901768,0.0008414023760220715,-0.0004500482789228
2024-10-01,-0.0019322150415665201,0.0006501957691797478,0.0004916823958475855,0.0028764149180728
2024-10-02,9.293612706115766e-05,-0.000977691466813582,-0.0004917781478691228,0.0006421723575312
2024-10-03,-0.003835757153824074,-0.004764232862732921,-0.004201632083078822,0.0011046626122706
2024-10-04,0.0025684953998474447,0.00012481711874109857,0.0004652590770149251,0.0007009426149599
2024-10-07,-0.009179655726767195,-0.009219256819518148,-0.00876008036540226,-0.000167646389135
2024-10-08,0.00564209508898487,0.0038337445335224337,0.0036676163306517805,0.0006846359175462
2024-10-09,0.004421902816786326,0.004485156163850605,0.0043743147741842885,-0.0017676297058884
2024-10-10,-0.0009565298223279058,-0.0007081687402313434,-0.0011007567501791543,0.0003722536933518
2024-10-11,0.005731296438690102,0.006029035082656503,0.0063514448071663905,0.0013358634830485
2024-10-14,0.00436837463740245,0.004753044647229406,0.004386698784607068,0.0003973646662238
2024-10-15,-0.0016568171153930626,-0.0008003059278694284,-9.521182137700178e-05,0.0051046818535729
2024-10-16,0.005232558463839578,0.005337702152668055,0.006011931220973077,-0.0015578544813974
2024-10-17,-0.0018774417701542152,-0.0020265575940398577,-0.001831005159376428,-0.0031432774623529
2024-10-18,0.005356412801260474,0.0031799843772874277,0.003353163134692008,-0.0002762213839239
2024-10-21,-0.005123720478920997,-0.005849505480707487,-0.006456601482225805,0.0030660622727471
2024-10-22,-0.0005344171483222687,-0.0009323096107194024,-0.0004925697349239173,0.0014758009587424
2024-10-23,-0.005483401776497229,-0.004700747723777884,-0.004846895213438775,-0.0018576046597665
2024-10-24,-0.0008873712917074206,-0.0008548056609983629,-0.0017888032587560078,0.0023355117853349
2024-10-25,-0.003762335903535873,-0.003035866594661112,-0.005021135660824728,0.0007750270832731
2024-10-28,0.0025228767460520095,0.001537254158067247,0.0024015014939462445,-0.0020382886225778
2024-10-29,-0.0019288033941090002,-0.0033101066592941993,-0.003997584173641513,0.0009581628043782
2024-10-30,-0.002252926759554149,-0.0013056756891878822,-0.001978218469941632,0.0019256064105683
2024-10-31,-0.007742971199200425,-0.006469548550672817,-0.005581712649095351,0.0002297960471879
2024-11-01,-3.392771687492954e-05,-0.0004394504796845995,-0.0013429171495937143,-0.0033260320400724
2024-11-04,7.38183736341692e-05,0.0012177852388648093,0.00043653521037892245,0.006540356235648
2024-11-05,0.007380975815651144,0.007009674376565698,0.006554698861369537,0.0005569180859597
2024-11-06,0.009979119099019294,0.007810141727128971,0.004834566943722019,-0.0025122211860937
2024-11-07,0.0058025677268089175,0.005985075270034173,0.004433434129646644,0.0018173137836714
2024-11-08,0.0037798452350957866,0.00474340606731989,0.0043769876000225956,-0.0017637982288818
2024-11-11,0.00038809442714312026,7.170889559296752e-05,-0.0005299826946370915,-0.0048703550579886
2024-11-12,-0.002833748316975744,-0.004061369221751884,-0.004245858291261314,0.0013651952242308
2024-11-13,0.0006858939968772379,0.0007513175115832314,0.0005396247376058696,0.0044555422629361
2024-11-14,-0.0025782769348831757,-0.0032229775411980843,-0.0025787367778321835,0.0006023687930743
2024-11-15,-0.004050818879300632,-0.005652599153589393,-0.0026299953231327766,-0.0094515591428651
2024-11-18,0.00391593285404442,0.003436763517435608,0.003614536517318482,-0.0023301576542077
2024-11-19,0.00157393868456353,0.0015575164788482316,0.0006569991817729429,-0.0002140264183894
2024-11-20,0.0013598378856532064,0.0017796184858266096,0.0015448099683490993,-0.0003651611349472
2024-11-21,0.006019413032142227,0.004985341553357656,0.00575008925257093,-0.0015498855911211
2024-11-22,0.005148833896807612,0.005498179853337215,0.005556827111593187,-0.0036023311787728
2024-11-25,0.00411131238632634,0.005969319008284112,0.0056839090025897964,0.0065123878940926
2024-11-26,0.0027257037344942804,0.0014695720787788304,0.002027546694501885,-0.0012622834510731
2024-11-27,-0.00026440238065722607,0.0003431585576136254,0.0006920581772775125,0.0006961578532448
2024-11-29,0.0045855264738633335,0.005182990209090186,0.00428709063597643,-0.000983127402345
2024-12-02,-0.002765126822560037,-0.002174160298136399,-0.002951375421141554,-0.0006766114669666
2024-12-03,-0.0025129750179480504,-0.0031987574324005208,-0.003379997353639944,-0.0020727762025555
2024-12-04,0.003069477094552252,0.002660106324711171,0.001412774076627209,0.0017805491507627
2024-12-05,-0.0014472627008007713,-0.0011245794134118491,-0.0009782709339200765,-0.0019224128842544
2024-12-06,-0.0007640200876409172,-0.0007762914106805984,-0.001431038493884981,0.0025205068027538
2024-12-09,-0.004614139148080977,-0.0021923306113359464,-0.003367894946503998,0.0010356674922893
2024-12-10,-0.0016158158612250616,-0.00033384817408558604,-0.000627840730451615,-0.0046664340182351
2024-12-11,0.00012413301562100824,-0.001983840759635796,-0.0021889501975123323,-0.0008445190610616
2024-12-12,-0.005373694947678623,-0.004300509921745709,-0.004549327084508912,0.0078899482945418
2024-12-13,-0.0032931743021708424,-0.003542031664274427,-0.0032292924435601967,-0.0012368404148734
2024-12-16,-0.001821104563398296,-0.001625647795030192,-0.002680241399898631,-0.0017119923793523
2024-12-17,-0.0024481199206346934,0.00031688649783790003,-0.0009197246618674554,-0.003925668494157
2024-12-18,-0.02044450652167313,-0.018239686072862454,-0.018860762652437014,0.0052076431355707
2024-12-19,-0.0016518790579934746,-0.003311468002380776,-0.0032848022062966047,-0.004718379689248
2024-12-20,0.008999358553509444,0.009736322849161995,0.008433311831057166,-0.0010053670376379
2024-12-23,6.306370449937797e-05,8.769311223523664e-05,-0.0007441763142393558,0.0036344406382913
2024-12-24,0.008031506685145622,0.006785003720577126,0.006855285696374882,-0.0011890276381232
2024-12-26,0.0008523775313594491,0.00123134566667662,0.0008944807150230189,0.0012095102113672
2024-12-27,-0.006622328733982906,-0.005090096401195165,-0.0053266151308413385,-0.0003247898826867
2024-12-30,-0.006000312269186906,-0.005399585834128689,-0.00546890466856679,-3.62398062297539e-05
2024-12-31,-0.00024008224397636225,0.0011894984015537557,0.0005293783189448754,0.0001761681891258
2025-01-02,-0.0006909660013779669,-0.0006484029240082254,-0.0013126417597137641,0.0020000666569052
2025-01-03,0.004184032774560733,0.003497784519173018,0.002492792798284565,0.0015795786728684
2025-01-06,-0.0009741605575152322,-0.0028383596371824855,-0.0029791853150194993,-0.0006293718285868
2025-01-07,-0.004821931753882201,-0.00268200609402289,-0.00334989120602452,-0.0027967768097241
2025-01-08,0.0015751213684496361,0.0012263322438232102,0.0015301328801411722,0.0021001013358594
2025-01-10,-0.012165454794652232,-0.011965306799669922,-0.01094265634939551,0.0048005372822638
2025-01-13,0.0020332846265630924,0.0045982658511056285,0.0024700225803121686,-0.0010846091279574
2025-01-14,0.0037606986672054335,0.005269241018856835,0.0035113608778925454,0.0007178276218692
2025-01-15,0.012426146036899276,0.011629723392218579,0.010362946014422818,0.0015442085367319
2025-01-16,0.0019069099601649456,0.00334092068863176,0.0035212885541793643,-0.0028941336723173
2025-01-17,0.006735416938480817,0.00574122394367624,0.005011394191298232,0.0034568762661638
2025-01-21,0.008963004684475747,0.008688055178765664,0.0075784976138558455,-0.000271620468939
2025-01-22,0.0021942261641972665,-0.002716984658923305,-0.0020176062583566984,0.0070178646625495
2025-01-23,0.005229397717356384,0.005197893660130413,0.004493861149262286,-0.0008564690704578
2025-01-24,0.00040317972430653796,0.0019013538444534652,0.001223716564071718,0.0022526177917009
2025-01-27,0.0002701100851476106,0.012807380674681887,0.007703542373342644,-0.0007161530960747
2025-01-28,0.0007491869870040122,-0.00452086364630219,-0.0034030091390588133,-0.0018998940121989
2025-01-29,-0.0018826857128023018,-0.0015090819262026422,-0.001370541437787234,0.0011646920968908
2025-01-30,0.003841447506322927,0.0030067251700480056,0.0033815242400397592,0.0039772411079345
2025-01-31,-0.005770811313753553,-0.006955238028914465,-0.006237120212336757,-0.0025854506159179
2025-02-03,-0.000228730708648151,-0.001451296180437285,0.00029664334642348536,-0.0052050289158907
2025-02-04,0.004583139012153409,0.0016994591769421013,0.002830665903487755,0.001065935124028
2025-02-05,0.00529616678404404,0.005024206650860431,0.005483555266245063,-0.0005218240691357
2025-02-06,0.0004955215856498096,-0.0005379375329208074,-3.786840594331359e-05,-0.0017389285792352
2025-02-07,-0.006133073311891768,-0.005613363076498029,-0.005436280846945958,7.577023980813089e-06
2025-02-10,0.00807791561252624,0.007698042729099197,0.007819209499899326,6.089924261023998e-05
2025-02-11,0.0019273544417354508,0.004614494807920869,0.003728004947335766,-0.0030510872103605
2025-02-12,-0.002545591416774961,-0.0023048267978724563,-0.00297747285173652,-0.0026604441768165
2025-02-13,0.008833786793659483,0.007465611822132177,0.008215452831248441,-0.0012087036180903
2025-02-14,-0.0012823461788885107,-0.002587410266697557,-0.002643178764194379,0.0013066373775413
2025-02-18,0.0028549144318446005,0.0017800065858859415,0.002732827446846829,-0.0039732904622151
2025-02-19,0.0024814988670281758,0.0038461047891319277,0.0027057848872872716,0.0012874365266382
2025-02-20,-0.005630135914257289,-0.00045597104175604914,-0.0017138048803491306,0.0028204706990597
2025-02-21,-0.008306837584476603,-0.002432405992010191,-0.0034762661045998197,-0.0041785392367457
2025-02-24,-0.001361287588344644,-0.0021935586032696937,0.00030812961159213347,-0.0021434694031774
2025-02-25,0.001518536656435769,0.0021834341633968184,0.003627530311718968,0.0002061326624459
2025-02-26,-0.0014787213685771021,-0.0020081871438381704,-0.0033197737849320545,0.00134013490234
2025-02-27,-0.008069246704494012,-0.007303342166639178,-0.004622852070890258,-0.0050322712121551
2025-02-28,0.011295744533789426,0.012442289423407596,0.010378448312036388,6.754062015246368e-05
2025-03-03,-0.009029312879151203,-0.012388341413298282,-0.005402960720932494,0.0013931918173169
2025-03-04,-0.011952924085192284,-0.013008962464079059,-0.01271783927095028,-0.0006928241028789
2025-03-05,0.005176816239606712,0.007822050499534251,0.003016237121147528,-0.0009166175064684
2025-03-06,-0.009588475693817579,-0.010895972052457776,-0.005581633451977612,0.0019115527163977
2025-03-07,0.005190613049543289,0.003322463466034282,0.00607603673267067,-0.0002742671196742
2025-03-10,-0.013524848395071861,-0.018506125366746885,-0.008302098571826644,-0.0006666076594815
2025-03-11,-0.010536855487095756,-0.009071362094945034,-0.012806243722517178,0.0044258883255439
2025-03-12,-0.00016414417405291262,0.0012391442002838862,-0.0037269744430199737,0.0034339387381166
2025-03-13,-0.006204665972181691,-0.011804828047031018,-0.0036016985703057635,0.0001981940234267
2025-03-14,0.013186893567004854,0.015377237443500724,0.010459035854315315,-0.0023227838039302
2025-03-17,0.0077178109428109685,0.008296906421328847,0.007322948378045296,0.0016037002618344
2025-03-18,-0.004822867267268001,-0.00551332934864616,-0.002991116051947589,-0.0017366741157894
2025-03-19,0.007633451573907066,0.008535379226373083,0.0061788018550469675,-0.0079187729391967
2025-03-20,-0.0009944434763782066,-0.0007446716407771342,-0.0007284360076946234,-0.0013533889933883
2025-03-21,-0.0007455353580586048,-9.308918041017102e-05,-0.0015878839255708817,-0.0033939211965498
2025-03-24,0.00746604500626981,0.01125296415124895,0.005069144688993628,0.0015110745701076
2025-03-25,-0.00034934097788784867,-0.0027493013621392444,-0.0014368189879197172,-0.0035385173548626
2025-03-26,-0.002799756392251268,-4.2278814625895526e-05,-0.0004426592685173727,0.0040887696935514
2025-03-27,0.00017671751074919883,0.0011167158628079456,0.0006456144607488674,0.0021965489306779
2025-03-28,-0.008701671937952188,-0.006514382116939286,-0.006165061947421316,-0.0032459141224236
2025-03-31,0.007168324609318332,0.00762208866136618,0.007761778997094445,0.0014532532540383
2025-04-01,0.0007897821161017702,-0.0005845779977106711,-0.0004938843624764289,0.0005899918652661
2025-04-02,0.003307517757554207,0.002417422054004597,0.0025968089870724255,0.0022554104295015
2025-04-03,-0.025403781915917786,-0.018533880653259206,-0.02030220093940495,0.0121306336421079
2025-04-04,-0.0415961083597477,-0.03763395053257855,-0.038987156245543976,-0.0182660032569231
2025-04-07,-0.010241310011891769,-0.013758945362533928,-0.01320432668982243,0.0019380839876113
2025-04-08,-0.011976462421561,-0.013136857114376678,-0.012168449587035186,-0.002089854785389
2025-04-09,0.05627398044067957,0.04878124999266616,0.04949480505114783,0.0103255500929051
2025-04-10,-0.019655655169401667,-0.01827513296193563,-0.01892055262292887,-0.0040563847204505
2025-04-11,0.011735199042881015,0.010707331686927753,0.011473682980946724,-0.0016931703514898
2025-04-14,0.008260924727469653,0.009114221835422605,0.008031086723833075,0.0009527019311387
2025-04-15,0.0009066184138086531,-0.0005714235855607225,4.9481728001488367e-05,-0.0026261263358389
2025-04-16,-0.00935992798609293,-0.009456704833747083,-0.0070404881287943885,-0.0016298984097804
2025-04-17,0.0034034620128945607,0.005515015508270419,0.0030882069210628263,0.000296315949091
2025-04-21,-0.013528339900258403,-0.013763362319324426,-0.013082800210816724,-0.0069734000143928
2025-04-22,0.016491906968206377,0.015044247005811274,0.014660640745729253,-0.000724051085381
2025-04-23,0.00562602671086687,0.003653136664819594,0.0029932286994065827,0.0046320733802372
2025-04-24,0.011568392596860882,0.010129578112355512,0.006904311179552355,-0.0007531502749658
2025-04-25,0.0001665777311238338,-8.849829296115965e-05,-0.0005301155999656063,-0.0003591972988365
2025-04-28,0.003410382384404564,0.0031477874036549146,0.0036935886475124003,-0.0021463018484589
2025-04-29,0.004801156741539669,0.004749607895011775,0.0049733350558590515,-0.0012015166578071
2025-04-30,0.0005225175660849235,-0.0008217830893854237,-0.00022217684212983655,0.0006722701106531
2025-05-01,-0.0011736966867977579,-0.002183673619734311,-0.004333994799977519,-0.001405457941717
2025-05-02,0.007701989437934477,0.007432932403696785,0.006018863734396609,0.0019773895135678
2025-05-05,-0.002859716132264512,-0.0045545059369020355,-0.0030049102761108447,-0.0026365126395172
2025-05-06,0.00021603502333658917,-0.0027367935382504502,0.0003388083008045599,0.0006690761578206
2025-05-07,0.0034091705368825584,0.004054435471262664,0.0034971036860698486,-0.0017885227333345
2025-05-08,-0.002140727150722215,0.0004181430764729695,-0.002794328802271733,0.0003254634638292
2025-05-09,0.00010069740803149817,-0.0005410967334125869,-0.00015528140073441845,-0.0015877161994879
2025-05-12,0.008504477531056022,0.013690326329725036,0.0070884692247830715,0.0050456283534284
2025-05-13,-0.0001349824842880781,-0.005556084117085099,-0.003179558014130052,-0.0006617109750719
2025-05-14,-0.0016175142069739707,-0.004392209345478773,-0.0049729727657375445,0.0028027802538679
2025-05-15,0.010362385762850668,0.007427260233033013,0.012689709766023101,0.0027144182273899
2025-05-16,0.005788422858551403,0.006045797581653803,0.005238662158950141,0.0008200971431918
2025-05-19,0.0016410546761547566,0.0017856751996702858,0.0014427320986272777,-0.0021300766709215
2025-05-20,-0.0010058557218024634,-0.001548555877597831,-0.0005112287027895167,-0.000903551052964
2025-05-21,-0.011862435260101677,-0.014126166751989482,-0.011359601834875855,0.0034567537393641
2025-05-22,-0.0016418275159741811,-0.0006043322696128345,-0.001984575984973273,0.0012512994266501
2025-05-23,0.0019424637258415721,0.0008900999702436138,0.0009540158728759058,-0.0025684151740965
2025-05-27,0.008851341043658777,0.009652022827399555,0.009976271275396643,-0.0018213574343828
2025-05-28,-0.004615949024609944,-0.005338761369402353,-0.005465810348202985,0.0003614902786365
2025-05-29,0.0026268334665210955,0.004943940804694159,0.004634817465704199,-0.0043677548358972
2025-05-30,0.005073684333182977,0.0032417318333522235,0.0034055771053000897,-0.0027596913475993
2025-06-02,0.0022303187302577148,0.00044376907621317314,5.486069772798968e-05,0.0040423177855914
2025-06-03,0.000834835685773197,0.0015949314869752515,0.0016712642582617017,0.0003698576795117
2025-06-04,-0.00010473935845625695,-0.00015374686150095344,0.00010429989412281905,-0.0010274700275799
2025-06-05,-0.0019861168902882637,-0.002498871164755604,-0.002599585016367238,-0.0001834082039874
2025-06-06,0.0012394958748891103,0.00226622739496009,0.002264935864071599,-0.0012309027963581
2025-06-09,-0.00017043201917450648,0.0014195211331560402,0.0010855308029973725,-0.0004300445523398
2025-06-10,0.003174924367839847,0.006128676725393836,0.005139854154070453,0.0045487042459597
2025-06-11,-0.0009209768929491712,-0.001119341318419014,-0.0014754928701056346,-0.0018145079868436
2025-06-12,0.004466779816177562,0.0062409740244282206,0.005982165275748211,-0.0116530670316131
2025-06-13,-0.004861097437452256,-0.005506611328527248,-0.006173562883632068,-0.0105422352444607
2025-06-16,-0.0016864145168796426,-0.002288502438962857,-0.0015469125431865325,0.0008379279197885
2025-06-17,-0.004386166188337081,-0.0037399692525258758,-0.004858839301120997,-0.0021222547310948
2025-06-18,-0.000215536066357481,-0.0006921289921259122,-0.000846960414378092,0.0007348287359227
2025-06-20,0.0013336645473541972,0.0007904427630072701,0.0007114099315843143,0.0002609124438612
2025-06-23,0.007748216598486527,0.00503489512374207,0.005987019491504553,0.0043284638605713
2025-06-24,0.005006104437788408,0.005008233574347025,0.005150987188020207,7.006776040270526e-05
2025-06-25,-0.0035337535403626775,-0.0047750231581475625,-0.004196482970418811,0.0021318510684978
2025-06-26,0.005363772368064672,0.0031312479607574087,0.0045153462691951965,-0.0037028649957181
2025-06-27,0.003362308704578955,0.004249463660988743,0.0031695312072074016,0.0036921909322791
2025-06-30,0.006775813663371956,0.005226351358699309,0.00566987734914135,-0.0009944947616088
2025-07-01,0.0043899857782043195,0.009981653332008428,0.008208280003309882,0.0013946523398422
2025-07-02,-0.0012352443023754625,-0.0020379953620298288,-0.0009918177601513029,-0.0047548198510036
2025-07-03,0.003070959675945282,0.000791320072574936,0.0015110399924744616,0.0015437758806712
2025-07-07,-0.00479969037454706,-0.005094628925651979,-0.005908457987712075,0.0040990184676661
2025-07-08,-0.004166121886131788,-0.0017005078569785638,-0.0016732598784393441,-0.0001862389880778
2025-07-09,0.00345065976762762,0.0018814562385366202,0.0027353584225652257,-0.0023234016617716
2025-07-10,0.0008166922779790237,0.0033202131587274524,0.002910443106053414,-0.0042446197603181
2025-07-11,-0.004321323800217685,-0.003816012065241788,-0.0048686131303226484,0.0007061440187603
2025-07-14,0.0015186002072606099,-0.00016750679849949276,-0.00018827285590417193,0.002435280419606
2025-07-15,-0.005926189873513326,-0.007395443322919817,-0.007261328473879475,-0.0017316778120257
2025-07-16,0.002655501384658013,0.004576915683198387,0.0037659014168420065,-0.0018069426457072
2025-07-17,0.00469536246057315,0.0051049099613739496,0.005587444804728162,0.0025748118480449
2025-07-18,-0.0020108624973551497,-0.001093452312441975,-0.0011570087734400045,-3.812663517768808e-05
2025-07-21,0.005643679189711716,0.004922259190472515,0.0043280987071825944,0.0005853192448567
2025-07-22,0.0036175224786007525,0.008680245957013355,0.007250078903473748,-0.0010945114660689
2025-07-23,0.0008199347718246815,-0.00017946381112380217,0.0006477230311488495,4.6682664030011896e-05
2025-07-24,-0.0011908724221811288,-0.002476131146263968,-0.0020059389257617902,0.0019547095155538
2025-07-25,0.0020354620568065656,0.001084313823479767,0.0018748921381366596,-0.0010501048772987
2025-07-28,-0.0033728532548117727,-0.004109835066228866,-0.0038890419496260425,-0.0014211539607067
2025-07-29,0.002412562986262805,0.0016028642974609145,0.0026846457742876703,0.0004489680585303
2025-07-30,-0.002963853659161997,-0.004266446448356664,-0.00446901817657144,-0.0039787662182152
2025-07-31,-0.003169875318596361,-0.005709863882574659,-0.004288381964720266,-0.0049108704456626
2025-08-01,-0.0025180426211751012,-0.00029402891691383647,-0.001371128431447067,-0.0015036420527048
2025-08-04,0.008400422781914135,0.006338552198012113,0.007449786923813771,-0.0025851960433853
2025-08-05,-0.0017029977362741009,0.0006341657909426865,-0.00012895248484918459,0.0057932387414262
2025-08-06,0.003968886647895011,0.002766651207829942,0.002903763716601704,-0.0011195536486535
2025-08-07,0.0005711542074324594,0.0010940938192042827,0.0006286712026898678,-0.0036470812612115
2025-08-08,0.003483004795855786,0.0027155903146887962,0.003004863911269352,0.000583141241531
2025-08-11,-0.00187870855144548,-0.0013365641269708981,-0.0017224713796258255,0.0037984603887129
2025-08-12,0.0049492940281925125,0.0041225148923149865,0.00486787974321777,0.0056591131391213
2025-08-13,0.0022930386039897903,0.005971134567382077,0.005261686465911865,0.0011458033831762
2025-08-14,-0.0011000326423835434,-0.0017789332422397644,-0.0021837350810743152,0.004759125247433
2025-08-15,-0.0005786386544885016,0.0036485723773926984,-0.000319093728999513,-0.0029414608512751
2025-08-18,-0.00027281951682566206,-0.000941616229358384,-0.0009792495801734472,0.0023045433484234
2025-08-19,-0.0003043915649435196,0.0033094164905357014,0.003073131385204298,0.0007096746070246
2025-08-20,0.001692080994082749,0.0006828198716709615,0.0008704003852272858,0.0049012443710521
2025-08-21,-0.004072123888206588,-0.0029899800758072695,-0.003526590889624593,-0.0003022256716781
2025-08-22,0.008854079243023444,0.008523430552239622,0.00993740701410996,0.002111796820107
2025-08-25,-0.004203910266956779,-0.004496168403758346,-0.0050613643775103126,0.0030057302349315
2025-08-26,0.0022564724166614252,0.0016379618305219096,0.001192605098265593,0.004792972866573
2025-08-27,0.0028377413596231914,0.0025618041096649993,0.0025870267345850777,-0.000455361001946
2025-08-28,0.0019365288707928418,0.0021182863022913613,0.0007726187906384696,0.0020499868592178
2025-08-29,-0.002623588103089287,-0.002988853988307776,-0.0008035636056765769,-0.0014380693731261
2025-09-02,-0.002199921002725201,-0.002334894268066905,-0.0021304900419528566,0.0026449648668839
2025-09-03,0.0020786524581347453,0.003873940011916953,0.002006480726160801,0.0003355721627495
2025-09-04,0.005567066032278974,0.004693078853707824,0.004604201213987573,0.0008190982301115
2025-09-05,-0.000892601444580085,0.0007365818998750914,-1.9829908426170783e-05,0.0071867570311701
2025-09-08,0.001616679113093355,0.0026351092022381863,0.0008765546114909268,-0.0016685040857738
2025-09-09,0.002879746717027892,0.002127230754517581,0.0017139231982336077,0.002555865378723
2025-09-10,0.008129676076165271,0.009329569009492604,0.0019180062904088997,0.0057929914541052
2025-09-11,0.003221861624710458,0.002908404092507384,0.0063708785299626805,0.0001315381047114
2025-09-12,-0.004141238817035152,-0.0036059497710007227,-0.0033780092746418227,0.001340096134204
2025-09-15,0.003985015957186531,0.0040846925961732766,0.0021956628786517288,-0.0019958889661883
2025-09-16,-0.0009748970841294308,-0.0014701926479095734,-0.001148686030112227,-0.0019614535908571
2025-09-17,0.002472038695710923,0.0020641859282620537,0.002811132851761188,0.0024887390684239
2025-09-18,0.0001834733137330016,-0.0007815804123232416,-0.0005973191850860972,0.0051152235384073
2025-09-19,0.0023543478927455846,0.003025530320102272,0.0011957451353816631,-0.0015621787916916
2025-09-22,0.0022872728479657834,0.003284118992213353,0.00048748817871342097,-0.0079488124955263
2025-09-23,-0.0007699376269726481,-0.001771893917961097,0.0011770216595746183,0.0004192344736928
2025-09-24,-0.0025717982152499794,-0.0018353682144918407,-0.002072248273417568,0.0023283019975424
2025-09-25,-0.0017243121361066656,-0.0025316149061733136,-0.0018186540006558825,0.0011358683318155
2025-09-26,0.004525391411030898,0.004676834982955843,0.0045985254731217545,0.0017139419763606
2025-09-29,0.001687484879127225,0.001239558627632032,0.001743475686378094,0.0030423757228021
2025-09-30,0.0009753465563220704,0.0023768464079307297,0.0015926435122683396,0.0059134912898055
2025-10-01,-1.9002416908739592e-05,0.0007646189370915623,0.0008037840549024225,-0.005759057742885
2025-10-02,-0.0006453475927491577,-0.0015228700430804432,-0.0005199667647533963,-0.0006188815945775
2025-10-03,0.002120747567465361,0.002542804945606937,0.0027285269241811754,-0.0014450373071881
2025-10-06,0.0008008644014174821,-0.00434660260090898,-0.001042804743144824,-0.0045643590079285
2025-10-07,0.000934808863730391,0.0021459946504732105,0.0010928890982668837,0.0032321068635173
2025-10-08,0.0025377952955653654,-0.0009568025168301255,0.0007772037939524447,-0.0019525471527913
2025-10-09,-0.004045434118909867,-0.003620004435852967,-0.004321042287575696,-0.0007333013872798
2025-10-10,-0.009728533459215425,-0.005720997647051563,-0.007281045681231266,-0.0003617512109868
2025-10-13,0.009311967928863928,0.005185163027538724,0.007711606573030781,0.0023807063706926
2025-10-14,0.0047449516824258214,0.006598183290111178,0.005889417899350686,-0.0023447526948486
2025-10-15,0.0037557744069858096,0.0004579477098018123,0.002548997829441386,-0.0030241050030027
2025-10-16,-0.002695991764558536,-0.001381736931363641,-0.0020027494457408256,-0.0004461042618445
2025-10-17,0.0019837564671107643,0.004273169452048422,0.002717915195171784,-0.0011481516745992
2025-10-20,0.00789902601045803,0.005840078376978078,0.007136174064197148,-0.0007622084119696
2025-10-21,-0.0037708046057245205,0.0003750801224300382,-0.002623766125286105,-0.0077755356576433
2025-10-22,-0.005794994270141675,-0.003631249747042345,-0.003417652109380535,0.0043983740950016
2025-10-23,0.0005119681206176164,0.0010492661599695715,-0.0007964864455551531,0.0033255759160002
2025-10-24,0.004400811128384832,0.00513726936710042,0.0031575579481567377,0.0017390646902303
2025-10-27,0.004825830951218127,0.005356959814131823,0.004443116293349989,-0.0039013075867775
2025-10-28,-0.0003396003112195567,0.0008084144437797851,-0.0015829631317903154,0.0014658348013548
2025-10-29,-0.004351152782434325,-0.0036684610222964113,-0.0062582479313823295,0.0075703578713425
2025-10-30,-0.004370745672220144,-0.006355916185591832,-0.00305906527824768,-0.0014971655902267
2025-10-31,0.0007581718784517584,0.002690548161445271,-0.0005970221246420801,0.0003686094938644
2025-11-03,-0.0030343441124723617,-0.0037622764522780567,-0.004339880369278386,0.0018596439482194
2025-11-04,-0.005797895925140315,-0.006150466288249144,-0.0030158766525269624,0.0073627309136077
2025-11-05,0.0015466563016284472,0.0018955671455072674,0.0006187289666112987,0.0014403661924158
2025-11-06,-0.00315269061410247,-0.0030857146638518375,-0.0021192189465260866,0.0017882765308571
2025-11-07,0.002388912480757923,0.0029069243505768596,0.0035005873832107486,-0.0016299280462034
2025-11-10,0.006558111306581261,0.00688530024764938,0.003448794945678206,-0.0002295661397319
2025-11-11,0.006424781029496033,0.006580491957961621,0.008956159430569587,0.0007815824414813
2025-11-12,0.002386352241172165,0.00370765625129468,0.001957682022794266,0.0035651645746036
2025-11-13,-0.009452458192683784,-0.011122871888168713,-0.007415797941715464,-0.0087423943607721
2025-11-14,-0.0028084986080060604,-0.004510462894019272,-0.002230030378822228,-0.0025347947637654
2025-11-17,-0.0038838288723183553,-0.006037277012943348,-0.003191826222739993,0.0045614640097941
2025-11-18,-0.0024990831485968952,-0.0017511510623023944,-0.0028897959339931724,-0.0045981388824274
2025-11-19,-0.0013119681938663001,-0.002275156722338815,-0.002331420810276673,0.0018157680165117
2025-11-20,-0.007239536686309607,-0.010333318567364011,-0.004119823074965815,0.0095032092626048
2025-11-21,0.005502882736927735,0.007227888825539695,0.007289742162305897,0.0027496124209795
2025-11-24,0.004753478743905839,0.003863944561856576,0.00093611878838423,0.0023355933429868
2025-11-25,0.0054664998105402336,0.0069716636877246285,0.006427452191439216,0.0050694637832343
2025-11-26,0.007041864002034888,0.006324970251685267,0.005954013159259128,0.000824289268506
2025-11-28,0.005828502988637274,0.006352491275272718,0.004403332412356398,-0.0028016532462581
2025-12-01,-0.006416703617855027,-0.004633472778723507,-0.006517739525457033,-0.0002686558143341
2025-12-02,0.0032508188957662055,0.0041980217775563385,-0.0002484622063988624,0.0022435388901183
2025-12-03,0.0034484462431429884,0.004603908652924213,0.004510923720687923,-0.0057089996560285
2025-12-04,-0.0017760709245098047,-0.001131179613148561,-0.0019793747317133005,-0.0008838212116399
2025-12-05,-0.0003854098560652973,0.0016381012108632944,-0.0007337925656292065,-0.0023357956255826
2025-12-08,-0.0044812192725084835,-0.003398400765297883,-0.005131609531811283,0.0019433199754927
2025-12-09,-0.0018250339459382394,-0.0021496409367989687,-0.0015764152150928431,-0.0044942631841879
2025-12-10,0.0053422135465098775,0.006719186329540695,0.006042095000576514,0.0014793960366788
2025-12-11,0.0017861584686164785,0.0034120725781306887,0.0031485001984603678,-0.0043514529663939
2025-12-12,-0.00240955346448225,-0.0038714246691603188,7.237983889063855e-05,-0.0061897975119832
2025-12-15,0.00023142219071649035,-0.0018224010766737543,0.0009007640175681165,0.0017909692836641
2025-12-16,-0.003244765615979083,-0.0025219443746871983,-0.003971423835519176,0.0032648282380693
2025-12-17,-0.002661893064865728,-0.0027858023306784815,0.00027638792647180597,-0.0041583779335157
2025-12-18,0.0022847705309195034,0.0026791019430944473,0.0010352840479976695,0.0028802170627716
2025-12-19,0.002007418685856701,0.0034760500304840372,-0.0008469965804276957,-0.000768015892525
2025-12-22,0.004134234516551163,0.0038897140059657195,0.0028564262238536496,0.001561740622233
2025-12-23,0.0014434965300052557,-0.00032521820682212437,0.0003015979355384867,0.0036107912889302
2025-12-24,0.0036078021251873898,0.004411739353488368,0.0041996247391998705,-0.0014258727554815
2025-12-26,-1.768774707709408e-05,-0.00026979502507884436,-0.0004394177036049827,-0.0003571664532472
2025-12-29,-0.0026480298545087646,5.974823406199046e-05,-0.0011687760990767046,0.0072605004168266
2025-12-30,-0.00012096716251779,3.813956675393298e-05,-0.0002106351515591413,0.0032080521387047
2025-12-31,-0.004787384793835172,-0.004313617901807638,-0.004690090771389808,-0.000439986105766
2026-01-02,0.003850488005626518,0.001510119614719143,0.002096290564876991,0.0077625995393318
2026-01-05,0.00581563265412065,0.0024101816097638106,0.004550231959733267,-0.0056777264284076
2026-01-06,0.002171135111475658,0.0008661215235103028,0.002079737663146955,-0.0026342159800813
2026-01-07,-0.004649998556460282,-0.0046134559377197515,-0.005019579034687672,0.0029373032494869
2026-01-08,0.0033002182554803267,0.005263959583882871,0.005293169248668156,0.0006005524654837
2026-01-09,0.006505014075411186,0.005862748793312811,0.0057515951054038835,-0.0003490913969519
2026-01-12,0.002267508326075384,0.001715036235895966,0.001402580434407355,0.0025830544890191
2026-01-13,0.0018926537051108397,0.00243467921874232,0.001143134816430915,-0.0024496659649303
2026-01-14,0.0021677326268562383,0.003943641344416324,0.0029361520266350627,-0.009669960312476
2026-01-15,0.0011684695046689818,0.000331871675575323,0.0007542145486790308,0.0010650335552234
2026-01-16,-0.002142252431134329,-0.0024483143900057205,-0.0021518303095442934,-0.0017828726120941
2026-01-20,-0.007459861321407537,-0.006257009347091059,-0.007194316980920668,-0.0060583123026207
2026-01-21,0.00889546537713519,0.007353290965028251,0.007917959532351219,-0.0076935865694315
2026-01-22,0.0039632557727668485,0.0026344564818699756,0.003537061480346961,-0.0023455295857584
2026-01-23,-0.002613023160710938,-0.0004872674983579542,-0.0006303876645888323,-0.0039833621698069
2026-01-26,0.004507847368044725,0.004861935778468093,0.004151055156659835,-0.0006616719498514
2026-01-27,0.002861586044005171,0.0005768990530683228,0.000832833437431421,-0.0015090253536895
2026-01-28,0.0030160345545575513,0.0009146452952641304,0.0011095133651533049,0.0013393573615755
2026-01-29,0.001613260535664085,-0.000954250834949373,0.0022822868413251533,-0.0020800206327747
2026-01-30,-0.0027443296653269973,0.001392128534232832,0.0020118697446188383,0.0084687274636329
2026-02-02,0.002048778615844251,0.0026000047228219004,0.001952060525925893,-0.0094413638965422
2026-02-03,0.0067214129097547684,0.00034152277447647983,0.006303164854339506,0.0029376273023134
2026-02-04,0.0014858900072062223,0.0016281034575258229,0.004138671703043239,0.0045526396642318
2026-02-05,-0.005368788479166659,-0.007230879967448571,-0.004373330555424192,0.0015110285692783
2026-02-06,0.012953461356585861,0.013217027942842938,0.00995075275264084,0.0051350684282093
2026-02-09,0.003549464499446697,0.0032791221085136033,0.0018114066634846262,-0.0019908676280065
2026-02-10,0.00024346101734850189,0.0005917862031765186,0.002161696127431603,0.0137868737983039
2026-02-11,0.0021134270432683,-0.0019183097195907902,0.0026964477169252456,-0.0070626869805919
2026-02-12,-0.0084971309555669,-0.010454297017516772,-0.004820626517223481,0.0024633298222508
2026-02-13,0.005440428764139273,0.004692397624303198,0.0047420277231148625,0.0009146472339489
2026-02-17,-0.0036868552240253896,-0.0016748700392263335,-0.0030433531655804226,-0.0007233688266872
2026-02-18,0.0017785410213720055,0.002154280408249311,0.0007085748966552308,0.0063483392354743
2026-02-19,-0.0005385030201586858,-0.001807967958173824,-0.00036912521767770636,-0.0027678547835001
2026-02-20,0.002911586342740236,0.0031928883246258115,0.0026355110408914197,-0.0052652159881234
2026-02-23,-0.001664046182673646,-0.007718762723344614,-0.0009468166532519194,0.0034118770207931
2026-02-24,0.00473730353862151,0.006143285331959181,0.0045626621307422646,0.0004695126251603
2026-02-25,0.003337896349006428,0.006878356672002534,0.002730875497158439,0.0019242331156274
2026-02-26,-0.0024404891084466042,-7.551968804062756e-05,-0.001417625457699543,0.0022705691096881
2026-02-27,0.002279521191018845,0.00019123717668408834,0.004296910485281258,0.000417518024829
2026-03-02,-0.0011255165724680916,-0.0007913720131185491,-0.002403009113364295,0.0008619618009856
2026-03-03,-0.006894546772384497,-0.0043179430396401925,-0.005388043788207211,-0.0055814992793955
2026-03-04,0.0036971805124896002,0.004690678643575197,0.0024858591106439567,-0.0040644285058792
2026-03-05,-0.007930059340957198,-0.005808870276339848,-0.007889451076587848,-0.0067490199486981
2026-03-06,-0.006717058564262879,-0.007456881191786875,-0.005931254354652074,0.0025644962962427
2026-03-09,0.004194595373293224,0.0024489106199131003,0.003168982787537948,0.0113513374836243
2026-03-10,-0.001976854426808698,-0.0028377801478181803,-0.002861992294013333,0.0014711615345576
2026-03-11,-0.0015768096603500962,-0.001906769552588491,-0.0026155926264706223,-0.0026013116215522
2026-03-12,-0.009160758364933472,-0.011407019228960345,-0.007762397957924932,-0.0052980565027792
2026-03-13,-0.0018792578323303024,-0.0040819560339061525,-0.001461748873847023,-0.0028548968117802
2026-03-16,0.005847456010869609,0.006796718590685273,0.005555676621321004,0.0021043277246739
2026-03-17,0.0015734853550671492,0.0025030280005461964,0.001444924476840343,-0.0007419751717957
2026-03-18,-0.010686274309604326,-0.010715109665514873,-0.0110245568030792,-0.0017899434619917
2026-03-19,2.0833162087490967e-05,-0.00035056869215113724,5.926621013789671e-05,-0.0071975039535819
2026-03-20,-0.013468064813047898,-0.011331782170312554,-0.01246081369415148,-0.0027986300700795
2026-03-23,0.007498568673973357,0.008060325734104729,0.007157014867132435,-0.0019456279394783
2026-03-24,-0.0018116076163473692,-0.004411793239267954,-0.001923488699627075,-0.0071781005331616
2026-03-25,0.006721601241903185,0.005778475972895325,0.00618539791095188,0.0064246568699374
2026-03-26,-0.009293881190963213,-0.0084104325692732,-0.007335033279456981,-0.0077575395520737
2026-03-27,-0.0064463415073211456,-0.008025266972286171,-0.006599134581457665,0.0068012591139339
2026-03-30,0.0018632945612278933,0.005096241817470823,0.004318268693242664,-0.0029177785136541
2026-03-31,0.015620277737652882,0.014411155614238398,0.012475878701516258,0.0079806821714842
2026-04-01,0.0033427235468067055,0.002694602344395832,0.0013647918691520407,0.0044725242002503
2026-04-02,0.003131488243392569,0.003725758239142403,0.0035754227183949277,-0.004838894115997
2026-04-06,0.0017037256062963594,0.001334899332401393,0.0012721638691358325,0.0031199733841473
2026-04-07,-0.001587707327930156,-0.001836538409028132,-0.002660567117382465,-0.0134924169399664
2026-04-08,0.016177012359435014,0.013668064070896874,0.01351700040091796,-0.0039601343459407
2026-04-09,0.004733221835610146,0.0037329408751133005,0.004057366423578641,-0.0039573980169385
2026-04-10,-0.004096088317116992,-0.004855153515245265,-0.004739991390684563,-0.0014663522621501
2026-04-13,0.0035820285685547906,0.006197999436436425,0.0035133333680369082,-0.0044703975186221
2026-04-14,0.004188580351667173,0.005167693192561213,0.003346331148043371,0.0103404209203126
2026-04-15,-0.00021754280671784884,0.002479768800677121,0.00025603492402379865,0.0020967761249395
2026-04-16,0.0034358400921624095,0.00293879606109159,0.002831385203233604,-0.009324030181304
2026-04-17,0.007504521571054293,0.006486544332304561,0.006573541694850432,0.0012262936789505
2026-04-20,-0.0014297235332584035,-0.0016736806921277666,-0.0014750891217035255,0.0055242378907165
2026-04-21,-0.006468862070959389,-0.006142513625682762,-0.006756356411801451,-0.0121900212265484
2026-04-22,0.003821091041558002,0.005116011620025366,0.003226664169049745,0.0027258709973449
2026-04-23,0.003600695313756986,-0.0004621229358134612,0.003279851055409478,0.0047830492974572
2026-04-24,0.004336567518779193,0.0038621853406576524,0.0023119642869146766,0.00382299480013
2026-04-27,-0.0014144170475528714,-0.0040289210638801585,-0.0027903123339957374,0.0039433975174057
2026-04-28,0.00047903718626431785,0.0028993237950099265,0.0016462709390311948,0.0004778381575503
2026-04-29,-0.0014469666123393691,-0.00305865661775712,-0.0038949383246512813,-0.0014560486287113
2026-04-30,0.012568900151511693,0.010688516554874902,0.011331632017872928,-0.0061420776398623
2026-05-01,-0.00029543604915041653,-0.0027260904008277144,-0.0012097300293363784,3.106052021157468e-05
2026-05-04,-0.009402556079659766,-0.008038659294081426,-0.009787626967918713,-0.0019506845245467
2026-05-05,0.008261630588343385,0.004262269973842297,0.0060454040283868,-0.002171034163404
2026-05-06,0.0058314834754405395,0.002258697855646966,0.005216946975536826,0.0065664264379522
2026-05-07,-0.006451101665575172,-0.005540339679706059,-0.0059415041768835445,-0.0005334666880743
2026-05-08,0.004386892228468255,-0.0013972443621198395,0.0009720949232235541,-0.0031523526924796
2026-05-11,0.0024847343411034625,0.0008471758881807927,0.00028827800778163807,0.0034348570997384
2026-05-12,-0.0009728937406750083,0.0014745672766240411,0.0004536297823471385,-0.0014040437455122
2026-05-13,0.0019068006894291294,8.994906627220732e-05,0.0006532552097629492,-0.0062696731544172
2026-05-14,0.005299765436996186,0.0024463156680088814,0.0029111871923338133,-0.0001661686513405
2026-05-15,-0.009311759189125858,-0.0069363058377942335,-0.009176942143586126,0.0034710104062814
2026-05-18,0.0018911299091540264,0.005807971471811836,0.0030322101378906755,0.0024529197422968
2026-05-19,-0.0017571900765664147,0.00048279409485289646,-0.001011322597026222,0.0016634620229561
2026-05-20,0.0062397847407694015,0.0024962724573600473,0.005473508174124959,0.0030044664371396
2026-05-21,0.003099173928574056,0.0037295326341102034,0.003443895645403299,-0.0014654321905139
2026-05-22,0.004131335201484896,0.0038407643229061814,0.003986810065935353,0.0003100579494757
2026-05-26,-0.0005317873814522408,-0.0032997777660375618,-0.0013672073767357286,0.0022903241291266
2026-05-27,0.0018426725239649123,0.0025289728144397756,0.0024340702144030925,0.0017515818485644
2026-05-28,0.0006311249793564894,-0.0007338853020118734,-0.00024889617079835503,-0.0007003329267839
2026-05-29,-0.0007369848583603064,-0.002133309744548499,-0.0011282564532867068,-0.0005190791102305
2026-06-01,-0.0018412030515708856,-0.003666479898234273,-0.0033415466739860696,-0.0089635027751594
2026-06-02,0.001995216770965352,-0.0009313091721754423,0.0010431015832085737,0.0091343022837705
2026-06-03,-0.005335622762266598,-0.0035852652896152418,-0.005776231825666592,0.0003699559977228
2026-06-04,0.005385583842505841,0.003392312810705487,0.0040709870573797085,-0.0010135701044363
