Date,statarb
2010-01-04,0.0
2010-01-05,0.0
2010-01-06,0.0
2010-01-07,0.0
2010-01-08,0.0
2010-01-11,0.0
2010-01-12,0.0
2010-01-13,0.0
2010-01-14,0.0
2010-01-15,0.0
2010-01-19,0.0
2010-01-20,0.0
2010-01-21,0.0
2010-01-22,0.0
2010-01-25,0.0
2010-01-26,0.0
2010-01-27,0.0
2010-01-28,0.0
2010-01-29,0.0
2010-02-01,0.0
2010-02-02,0.0
2010-02-03,0.0
2010-02-04,0.0
2010-02-05,0.0
2010-02-08,0.0
2010-02-09,0.0
2010-02-10,0.0
2010-02-11,0.0
2010-02-12,0.0
2010-02-16,0.0
2010-02-17,0.0
2010-02-18,0.0
2010-02-19,0.0
2010-02-22,0.0
2010-02-23,0.0
2010-02-24,0.0
2010-02-25,0.0
2010-02-26,0.0
2010-03-01,0.0
2010-03-02,0.0
2010-03-03,0.0
2010-03-04,0.0
2010-03-05,0.0
2010-03-08,0.0
2010-03-09,0.0
2010-03-10,0.0
2010-03-11,0.0
2010-03-12,0.0
2010-03-15,0.0
2010-03-16,0.0
2010-03-17,0.0
2010-03-18,0.0
2010-03-19,0.0
2010-03-22,0.0
2010-03-23,0.0
2010-03-24,0.0
2010-03-25,0.0
2010-03-26,0.0
2010-03-29,0.0
2010-03-30,0.0
2010-03-31,0.0
2010-04-01,0.0
2010-04-05,0.0
2010-04-06,0.0
2010-04-07,0.0
2010-04-08,0.0
2010-04-09,0.0
2010-04-12,0.0
2010-04-13,0.0
2010-04-14,0.0
2010-04-15,0.0
2010-04-16,0.0
2010-04-19,0.0
2010-04-20,0.0
2010-04-21,0.0
2010-04-22,0.0
2010-04-23,0.0
2010-04-26,0.0
2010-04-27,0.0
2010-04-28,0.0
2010-04-29,0.0
2010-04-30,0.0
2010-05-03,0.0
2010-05-04,0.0
2010-05-05,0.0
2010-05-06,0.0
2010-05-07,0.0
2010-05-10,0.0
2010-05-11,0.0
2010-05-12,0.0
2010-05-13,0.0
2010-05-14,0.0
2010-05-17,0.0
2010-05-18,0.0
2010-05-19,0.0
2010-05-20,0.0
2010-05-21,0.0
2010-05-24,0.0
2010-05-25,0.0
2010-05-26,0.0
2010-05-27,0.0
2010-05-28,0.0
2010-06-01,0.0
2010-06-02,0.0
2010-06-03,0.0
2010-06-04,0.0
2010-06-07,0.0
2010-06-08,0.0
2010-06-09,0.0
2010-06-10,0.0
2010-06-11,0.0
2010-06-14,0.0
2010-06-15,0.0
2010-06-16,0.0
2010-06-17,0.0
2010-06-18,0.0
2010-06-21,0.0
2010-06-22,0.0
2010-06-23,0.0
2010-06-24,0.0
2010-06-25,0.0
2010-06-28,0.0
2010-06-29,0.0
2010-06-30,0.0
2010-07-01,0.0
2010-07-02,0.0
2010-07-06,0.0
2010-07-07,0.0
2010-07-08,0.0
2010-07-09,0.0
2010-07-12,0.0
2010-07-13,0.0
2010-07-14,0.0
2010-07-15,0.0
2010-07-16,0.0
2010-07-19,0.0
2010-07-20,0.0
2010-07-21,0.0
2010-07-22,0.0
2010-07-23,0.0
2010-07-26,0.0
2010-07-27,0.0
2010-07-28,0.0
2010-07-29,0.0
2010-07-30,0.0
2010-08-02,0.0
2010-08-03,0.0
2010-08-04,0.0
2010-08-05,0.0
2010-08-06,0.0
2010-08-09,0.0
2010-08-10,0.0
2010-08-11,0.0
2010-08-12,0.0
2010-08-13,0.0
2010-08-16,0.0
2010-08-17,0.0
2010-08-18,0.0
2010-08-19,0.0
2010-08-20,0.0
2010-08-23,0.0
2010-08-24,0.0
2010-08-25,0.0
2010-08-26,0.0
2010-08-27,0.0
2010-08-30,0.0
2010-08-31,0.0
2010-09-01,0.0
2010-09-02,0.0
2010-09-03,0.0
2010-09-07,0.0
2010-09-08,0.0
2010-09-09,0.0
2010-09-10,0.0
2010-09-13,0.0
2010-09-14,0.0
2010-09-15,0.0
2010-09-16,0.0
2010-09-17,0.0
2010-09-20,0.0
2010-09-21,0.0
2010-09-22,0.0
2010-09-23,0.0
2010-09-24,0.0
2010-09-27,0.0
2010-09-28,0.0
2010-09-29,0.0
2010-09-30,0.0
2010-10-01,0.0
2010-10-04,0.0
2010-10-05,0.0
2010-10-06,0.0
2010-10-07,0.0
2010-10-08,0.0
2010-10-11,0.0
2010-10-12,0.0
2010-10-13,0.0
2010-10-14,0.0
2010-10-15,0.0
2010-10-18,0.0
2010-10-19,0.0
2010-10-20,0.0
2010-10-21,0.0
2010-10-22,0.0
2010-10-25,0.0
2010-10-26,0.0
2010-10-27,0.0
2010-10-28,0.0
2010-10-29,0.0
2010-11-01,0.0
2010-11-02,0.0
2010-11-03,0.0
2010-11-04,0.0
2010-11-05,0.0
2010-11-08,0.0
2010-11-09,0.0
2010-11-10,0.0
2010-11-11,0.0
2010-11-12,0.0
2010-11-15,0.0
2010-11-16,0.0
2010-11-17,0.0
2010-11-18,0.0
2010-11-19,0.0
2010-11-22,0.0
2010-11-23,0.0
2010-11-24,0.0
2010-11-26,0.0
2010-11-29,0.0
2010-11-30,0.0
2010-12-01,0.0
2010-12-02,0.0
2010-12-03,0.0
2010-12-06,0.0
2010-12-07,0.0
2010-12-08,0.0
2010-12-09,0.0
2010-12-10,0.0
2010-12-13,0.0
2010-12-14,0.0
2010-12-15,0.0
2010-12-16,0.0
2010-12-17,0.0
2010-12-20,0.0
2010-12-21,0.0
2010-12-22,0.0
2010-12-23,0.0
2010-12-27,0.0
2010-12-28,0.0
2010-12-29,0.0
2010-12-30,0.0
2010-12-31,0.0
2011-01-03,0.0
2011-01-04,0.0
2011-01-05,0.0
2011-01-06,0.0
2011-01-07,0.0
2011-01-10,-0.00035
2011-01-11,0.0045054391166238295
2011-01-12,0.0010486793313476146
2011-01-13,-0.0033271160830558974
2011-01-14,-0.008509752060290157
2011-01-18,0.0007224296053626935
2011-01-19,0.002497333983399089
2011-01-20,-0.003540260337624682
2011-01-21,-0.002754872937640218
2011-01-24,-0.0016432753894696022
2011-01-25,-0.003794971450873753
2011-01-26,0.0034096106047936388
2011-01-27,0.004112701221644506
2011-01-28,-0.008070569097622073
2011-01-31,-0.00373030091159645
2011-02-01,-5.02788024526736e-05
2011-02-02,-0.00025943236947795017
2011-02-03,-0.0008238123791145363
2011-02-04,-0.0017012579373962132
2011-02-07,0.0024943172046046668
2011-02-08,0.00017114722592961477
2011-02-09,-0.0008208209017726074
2011-02-10,0.014729872597025332
2011-02-11,0.005152922418885884
2011-02-14,0.00043616770668040327
2011-02-15,0.002449776449326109
2011-02-16,-0.001591098414917689
2011-02-17,-0.0015707532036587173
2011-02-18,0.0008498863909795441
2011-02-22,0.0007337591899296233
2011-02-23,0.001667253577596239
2011-02-24,0.002506566435439709
2011-02-25,0.000245152503369573
2011-02-28,0.00029343378617977027
2011-03-01,-0.0007250252411239807
2011-03-02,-0.00032762192519376275
2011-03-03,-0.0009499780885436424
2011-03-04,0.0008729069728005988
2011-03-07,-0.002182158074718738
2011-03-08,-0.00405059777690944
2011-03-09,-0.0010102173041831055
2011-03-10,0.004489499339770824
2011-03-11,0.0014466857181891642
2011-03-14,-0.0003754910637235949
2011-03-15,0.0093712042089446
2011-03-16,0.00020362816874963126
2011-03-17,0.0007609749327882371
2011-03-18,-0.0031372905906072866
2011-03-21,0.0038929738763130535
2011-03-22,0.0001048903804708051
2011-03-23,0.004148675791576514
2011-03-24,0.008512379676189506
2011-03-25,-0.003116428047064477
2011-03-28,0.005355885421994635
2011-03-29,-0.0038376999899591125
2011-03-30,-0.006151156655274535
2011-03-31,-0.0019513961778493125
2011-04-01,-0.004433995604550987
2011-04-04,-0.005692416685429317
2011-04-05,0.0007629698986403454
2011-04-06,0.00024024121137866477
2011-04-07,0.0018786781837003255
2011-04-08,-0.0014776799785553578
2011-04-11,0.001705468943224507
2011-04-12,0.0021252323879664835
2011-04-13,0.00022150421537124625
2011-04-14,-0.003190105985225027
2011-04-15,-0.002919471540386451
2011-04-18,-0.001480182427620828
2011-04-19,-0.00134957620392881
2011-04-20,-0.00228205117957332
2011-04-21,0.008788009993083335
2011-04-25,-0.0003079768890909408
2011-04-26,0.0003669690738093307
2011-04-27,-0.0008439208210285574
2011-04-28,-0.0007990084271796189
2011-04-29,-0.0019144909033903578
2011-05-02,-0.0021816503142572854
2011-05-03,0.001170512357041291
2011-05-04,-0.000783732656318452
2011-05-05,-1.0195841364414127e-05
2011-05-06,-0.0002631494709186546
2011-05-09,-0.0011757577883853582
2011-05-10,-0.0002414828771361684
2011-05-11,-0.0022044096749707343
2011-05-12,0.0012165021801815467
2011-05-13,-0.0014470496446514947
2011-05-16,-0.003944291109235273
2011-05-17,0.00043424099296106625
2011-05-18,0.004342461890806349
2011-05-19,0.0014309788612878764
2011-05-20,0.012269919469299364
2011-05-23,0.0011446714058674847
2011-05-24,-0.0020378398636848264
2011-05-25,0.005518615637123013
2011-05-26,0.0028282961169620465
2011-05-27,0.007917025892386055
2011-05-31,0.0018625443207553722
2011-06-01,0.0024081716028967483
2011-06-02,-0.0027355790218857997
2011-06-03,0.0006124860038236436
2011-06-06,0.00788315383288052
2011-06-07,0.003748953341121207
2011-06-08,0.00019957178142550585
2011-06-09,-0.0006889025774454213
2011-06-10,0.0006260251663656759
2011-06-13,0.005070763535032579
2011-06-14,-0.000854121176876176
2011-06-15,0.0029677568944836484
2011-06-16,-0.009870180467954973
2011-06-17,-0.007846953287190903
2011-06-20,-0.00340800011171548
2011-06-21,0.004133424765538743
2011-06-22,-0.004786163813273374
2011-06-23,0.006963795117184771
2011-06-24,-0.0004985763993712498
2011-06-27,-0.0045780258005271406
2011-06-28,0.0008225802243434655
2011-06-29,0.0020773315686412564
2011-06-30,0.0011847317193629534
2011-07-01,-0.001451431959152785
2011-07-05,0.0019206766244025003
2011-07-06,0.00018766376565751338
2011-07-07,-0.003503906631980919
2011-07-08,0.00014913831348317472
2011-07-11,0.0001845156620721052
2011-07-12,-0.0027664343502770165
2011-07-13,-0.0008791329466655514
2011-07-14,0.0018204746494900074
2011-07-15,-0.012970411524127498
2011-07-18,-0.003904956856038916
2011-07-19,-0.00406259580694484
2011-07-20,0.0039602768162624565
2011-07-21,-0.0020584299936165645
2011-07-22,-0.005820320432845801
2011-07-25,-0.0022550469248707712
2011-07-26,-0.0006743867178624838
2011-07-27,0.0006487857958174562
2011-07-28,-0.003244298161738275
2011-07-29,0.001661103012439363
2011-08-01,0.0012540225754887494
2011-08-02,-0.0030306635498464993
2011-08-03,-0.0008957566401547726
2011-08-04,0.0007257333082837653
2011-08-05,0.005727756819342503
2011-08-08,-0.005566719385076457
2011-08-09,0.0040729537668852045
2011-08-10,0.0037742919980212107
2011-08-11,-0.0009071106065681304
2011-08-12,0.0029443301045337877
2011-08-15,-7.358168713765193e-05
2011-08-16,-0.001667630442656075
2011-08-17,-0.004115053392969641
2011-08-18,-0.004872712556657413
2011-08-19,-0.0026506390041613932
2011-08-22,-0.005374495648295298
2011-08-23,-0.006027161073359556
2011-08-24,0.003205456445716182
2011-08-25,0.007442491897454244
2011-08-26,0.0005443170066208403
2011-08-29,0.0020010242626553867
2011-08-30,0.000265027662342895
2011-08-31,0.001418861774963685
2011-09-01,-0.00039102328628632874
2011-09-02,0.0002190281531785623
2011-09-06,0.0027087826177762024
2011-09-07,0.0016494038654198489
2011-09-08,-0.001609369192926049
2011-09-09,-0.0014604293829808624
2011-09-12,0.001377140198938769
2011-09-13,-0.00029269983218406265
2011-09-14,-0.008900542997274665
2011-09-15,0.007797496052889585
2011-09-16,0.002086875670382987
2011-09-19,-0.0005292553163911626
2011-09-20,0.006842740318069416
2011-09-21,-0.008684490651357443
2011-09-22,-7.465717571489213e-05
2011-09-23,-0.00010916443127655974
2011-09-26,0.012405610409237175
2011-09-27,-0.0027488466684561347
2011-09-28,-0.0034765756563067615
2011-09-29,0.016270645042836946
2011-09-30,-0.0007258522172612214
2011-10-03,-0.00946109312740514
2011-10-04,0.002004457743159588
2011-10-05,-0.0013323970158247095
2011-10-06,0.016462441895721835
2011-10-07,-0.011675879813313634
2011-10-10,0.006706051772499241
2011-10-11,0.010012301130918517
2011-10-12,0.008936366918699737
2011-10-13,0.002083830097530247
2011-10-14,0.00018834388616312064
2011-10-17,-0.0011249796217098957
2011-10-18,0.015185254889007902
2011-10-19,0.004481730821381349
2011-10-20,-0.0068878923291286805
2011-10-21,0.005795710200432365
2011-10-24,0.003947651832672642
2011-10-25,0.0007439220460301979
2011-10-26,0.003158797352282677
2011-10-27,-0.003285803989977089
2011-10-28,0.0037089926211269237
2011-10-31,0.005004062976488273
2011-11-01,0.004284102544481234
2011-11-02,-0.008415526432446765
2011-11-03,0.0016007685852855102
2011-11-04,0.0012247634131981615
2011-11-07,-0.00018366439810701176
2011-11-08,0.0003213012288189389
2011-11-09,0.004615206644096874
2011-11-10,-0.001148178906000114
2011-11-11,-0.005614180579815997
2011-11-14,-0.002095207868723546
2011-11-15,0.00280452816527824
2011-11-16,-0.0005623331504312722
2011-11-17,-0.0015314821338857764
2011-11-18,-0.0035342962301376365
2011-11-21,0.006189153417933445
2011-11-22,-0.0018605180204280993
2011-11-23,-0.00025761733192387177
2011-11-25,0.0003969556091044323
2011-11-28,-0.0003373001084280398
2011-11-29,-0.00887366298289708
2011-11-30,0.006537352909706642
2011-12-01,-0.0014295123491057376
2011-12-02,0.005621991827828117
2011-12-05,0.006103487549816809
2011-12-06,-0.0019804243469713693
2011-12-07,-0.0012420312708448307
2011-12-08,-0.0011586669789724158
2011-12-09,-0.0008118664609412288
2011-12-12,-0.003430141424478846
2011-12-13,-0.004126579673661673
2011-12-14,-0.008842109679573681
2011-12-15,-0.008789890604929653
2011-12-16,0.0009239077399676414
2011-12-19,-0.003058882582181094
2011-12-20,0.0013143425943005229
2011-12-21,-0.003650880532110568
2011-12-22,0.005897616615292206
2011-12-23,-0.0008649456654979137
2011-12-27,-0.0036667607922192557
2011-12-28,-0.005087784781071377
2011-12-29,-0.00040318072641200384
2011-12-30,0.002483965606896916
2012-01-03,0.012298117371205695
2012-01-04,0.003507739264048155
2012-01-05,0.001976651909929423
2012-01-06,-0.00015526247786212553
2012-01-09,-0.005524437010946599
2012-01-10,0.0011874918242234273
2012-01-11,-0.00258700866752294
2012-01-12,-0.004907004602750168
2012-01-13,0.00010323668729813815
2012-01-17,0.004009785112958592
2012-01-18,-0.006759489088057917
2012-01-19,-0.004743553779356409
2012-01-20,-0.000534938696450113
2012-01-23,0.00042439718573248427
2012-01-24,-0.005005717014095425
2012-01-25,0.002017339263836618
2012-01-26,0.0011559205140400362
2012-01-27,-0.0028764514118324314
2012-01-30,-1.149918679159515e-05
2012-01-31,0.0001557880364824693
2012-02-01,-0.0011967452002006778
2012-02-02,-9.633781248227335e-05
2012-02-03,-0.00017529704375100728
2012-02-06,-0.0007217208032215984
2012-02-07,-0.00047026786563198283
2012-02-08,-0.00041505127365902225
2012-02-09,0.0006054598443629297
2012-02-10,-0.00028740200732146865
2012-02-13,-0.0032899851328864905
2012-02-14,0.003455578450788725
2012-02-15,-4.991768021812403e-05
2012-02-16,-0.0007958781427326151
2012-02-17,0.005603779037639076
2012-02-21,0.002259880579476518
2012-02-22,-0.0014160029176875579
2012-02-23,-0.007603387916426623
2012-02-24,-0.011833690585971345
2012-02-27,0.0008265921096274258
2012-02-28,0.0030282625874708167
2012-02-29,-0.00364601062719589
2012-03-01,-0.0013298291372240902
2012-03-02,0.00013830995896029605
2012-03-05,-0.001471175075303161
2012-03-06,0.0024098119551877037
2012-03-07,-0.0028344976884381676
2012-03-08,0.004462161108438622
2012-03-09,0.0009633706045050711
2012-03-12,-0.00015570139030178444
2012-03-13,-0.00057578893284617
2012-03-14,-0.003503270701996895
2012-03-15,-0.0008794154633617504
2012-03-16,0.00040684723395956874
2012-03-19,9.139200388572531e-05
2012-03-20,0.003945484288804825
2012-03-21,-0.002217327620877495
2012-03-22,-0.0005386602504939615
2012-03-23,0.00237382689072777
2012-03-26,0.0016719495796214377
2012-03-27,0.0007497617694039268
2012-03-28,-0.0018644047100707655
2012-03-29,-0.0023655701386437454
2012-03-30,0.00022952752681739655
2012-04-02,0.006262678270965686
2012-04-03,-0.00443158515296372
2012-04-04,-0.0019249505005394208
2012-04-05,-0.0007347735418680307
2012-04-09,-0.0007451331474957878
2012-04-10,-0.00039615980768021534
2012-04-11,-0.001572615251578039
2012-04-12,0.0029229754697505154
2012-04-13,-0.0008451771807260957
2012-04-16,0.00011173628943882295
2012-04-17,-0.0003870380574838937
2012-04-18,-0.0014310414168176705
2012-04-19,-0.0002528217005463619
2012-04-20,0.004376513338598329
2012-04-23,0.002373432059522821
2012-04-24,-0.00010230731654725128
2012-04-25,0.003695092565484699
2012-04-26,2.8413061902432345e-05
2012-04-27,-0.0012262536356169404
2012-04-30,-0.002354311880763097
2012-05-01,0.0018342874183126735
2012-05-02,0.00401520029383851
2012-05-03,0.0025094234228186857
2012-05-04,0.0015449204014971031
2012-05-07,-0.001158285471582694
2012-05-08,-0.0009555169211569647
2012-05-09,-0.004855997770660439
2012-05-10,-0.0018835416788683657
2012-05-11,-0.00023285748297882766
2012-05-14,2.6620058210075987e-05
2012-05-15,0.0024889603260686718
2012-05-16,-0.0020943269395712998
2012-05-17,-0.0008019436893520594
2012-05-18,0.01191603479514333
2012-05-21,-0.004487874757865867
2012-05-22,0.0009545958098918623
2012-05-23,-0.0021290595814645705
2012-05-24,0.006268796367380654
2012-05-25,-0.00039613415938766
2012-05-29,0.005020610001546632
2012-05-30,-0.000942928024336613
2012-05-31,0.0013287090229002886
2012-06-01,-0.0008189763476836623
2012-06-04,0.0006031753597955364
2012-06-05,0.0007860713252483671
2012-06-06,0.0036422001528436596
2012-06-07,0.003686813958423109
2012-06-08,0.0005859246643479378
2012-06-11,-0.002552966512144132
2012-06-12,-0.0015323784038249653
2012-06-13,-0.0022687926409387846
2012-06-14,-0.001229491780754454
2012-06-15,0.0038248142174462153
2012-06-18,-0.000263604805972431
2012-06-19,0.0012358047382525226
2012-06-20,0.0005920493109198006
2012-06-21,0.0006803154519535176
2012-06-22,0.0021752456015840323
2012-06-25,-0.0035387880897074214
2012-06-26,-0.0007394527373907107
2012-06-27,-0.0003273783410879571
2012-06-28,-0.007801956040065378
2012-06-29,0.0002076392906531755
2012-07-02,0.0031024857795893153
2012-07-03,-0.0032789005685875962
2012-07-05,0.007216220232753687
2012-07-06,-0.004933707755120562
2012-07-09,-0.004112668422641416
2012-07-10,0.005973255519240878
2012-07-11,-0.0008935755192248677
2012-07-12,0.0018329009469117208
2012-07-13,-0.00030569756791778323
2012-07-16,-0.0019438399495732314
2012-07-17,-0.0014044364184622332
2012-07-18,0.00041603774683690185
2012-07-19,-0.0009683967967117236
2012-07-20,-0.0024612891037529543
2012-07-23,-0.0008730913385297655
2012-07-24,0.00023574069595929976
2012-07-25,0.002473673145871269
2012-07-26,0.003040611776909939
2012-07-27,0.003792491436014764
2012-07-30,0.001327142916770333
2012-07-31,0.00012568054226228762
2012-08-01,0.0013373906499769546
2012-08-02,0.0005737243479116229
2012-08-03,0.00013864298435248805
2012-08-06,-0.0011083694715685465
2012-08-07,-0.0016266515955534729
2012-08-08,-0.001106877770408084
2012-08-09,-0.0034035949666113463
2012-08-10,0.001432220513113952
2012-08-13,-0.0013456125970141152
2012-08-14,0.0010524268186616168
2012-08-15,-0.001036764403032505
2012-08-16,-0.0038614848151985303
2012-08-17,0.0005082737965467227
2012-08-20,1.4937001218591278e-05
2012-08-21,-0.0017782718209898253
2012-08-22,-0.0022829911912124173
2012-08-23,-0.0013500531679092754
2012-08-24,-8.456876639020047e-05
2012-08-27,0.0016379733749468466
2012-08-28,0.0002067915861615472
2012-08-29,-0.0005192707086006049
2012-08-30,-0.0013905469176906959
2012-08-31,3.701801343850286e-05
2012-09-04,0.00018049597740996733
2012-09-05,0.0034465960262299654
2012-09-06,-0.0028250437531241483
2012-09-07,0.0022656769983941403
2012-09-10,-0.0022884245246247857
2012-09-11,-0.003422045948235823
2012-09-12,-0.0011393669363812078
2012-09-13,-0.0009487018984186586
2012-09-14,0.0004085558711761613
2012-09-17,0.0008506409880369056
2012-09-18,-0.000341481483003086
2012-09-19,-0.00013311517367584286
2012-09-20,0.0028090592790072973
2012-09-21,0.0030945572459701275
2012-09-24,-0.0008332977902117747
2012-09-25,0.0021692970613984715
2012-09-26,-0.001323594791190925
2012-09-27,-8.426852992704963e-05
2012-09-28,0.0004732821341306887
2012-10-01,-0.0037165232676415116
2012-10-02,-3.7367460640351285e-05
2012-10-03,-0.0002875762474940139
2012-10-04,-0.003092487429212247
2012-10-05,-0.0011883203082030942
2012-10-08,-0.010163524384883221
2012-10-09,0.005875754078963219
2012-10-10,0.0038176223346696064
2012-10-11,-0.0036562454019212305
2012-10-12,0.003324392761525584
2012-10-15,-0.0020210094305865784
2012-10-16,0.0016249932041572973
2012-10-17,-0.0018993221626626814
2012-10-18,-0.0021526715456882577
2012-10-19,0.0015499214921724594
2012-10-22,-0.0020638734831954133
2012-10-23,0.0003113831910231912
2012-10-24,-0.0017286182631736208
2012-10-25,-0.0021970447957176224
2012-10-26,0.006198953927380568
2012-10-31,6.907672167790177e-05
2012-11-01,0.0020828685692782477
2012-11-02,0.00032532212027175194
2012-11-05,-0.0024983884700247078
2012-11-06,0.0007908207598120124
2012-11-07,0.0009990048778881224
2012-11-08,-0.0015408764982593045
2012-11-09,-0.002439375214547832
2012-11-12,0.00031621698288157737
2012-11-13,-0.004953352250965567
2012-11-14,0.0031532760301479553
2012-11-15,-0.004269965561437795
2012-11-16,0.0031399357840497123
2012-11-19,-0.0008472077384324214
2012-11-20,-0.002281229825458456
2012-11-21,0.009143416859095648
2012-11-23,-0.00123165411863021
2012-11-26,0.00401619353001433
2012-11-27,0.0016903374123774266
2012-11-28,0.0008684895893368964
2012-11-29,-0.002187555390135581
2012-11-30,-0.0012462386466534938
2012-12-03,-0.002307080504824145
2012-12-04,0.0032778322146642474
2012-12-05,0.0006627395979112877
2012-12-06,0.002742585749788587
2012-12-07,0.001178361261687108
2012-12-10,-0.0018364434118837646
2012-12-11,0.002138301423382208
2012-12-12,0.0031472958721820384
2012-12-13,-0.0011329510372875568
2012-12-14,-0.001217715075973819
2012-12-17,-0.00024657569633510087
2012-12-18,-0.00394897754136841
2012-12-19,-0.011810001421345362
2012-12-20,0.0012926189774462751
2012-12-21,-0.003753826437774859
2012-12-24,-0.00022375006980403993
2012-12-26,0.002495371628530147
2012-12-27,-1.2737770690256266e-05
2012-12-28,-0.002208144983935018
2012-12-31,0.00043913673797999506
2013-01-02,0.0027574328069408503
2013-01-03,-0.00220105986589286
2013-01-04,0.00036460496160202943
2013-01-07,-0.0011537995450018766
2013-01-08,-0.0011184093020147347
2013-01-09,0.0004010619878349836
2013-01-10,-0.000768901830283176
2013-01-11,-0.0002529146976031103
2013-01-14,-0.0019594788835284277
2013-01-15,-0.002731190380161383
2013-01-16,-0.0007864849150056105
2013-01-17,0.003519287334578979
2013-01-18,-0.00047869890064989776
2013-01-22,-0.002221869986891493
2013-01-23,0.007087216086577748
2013-01-24,-0.04815379621800176
2013-01-25,0.002064879899609226
2013-01-28,0.0016394120103808368
2013-01-29,-0.002511141963711666
2013-01-30,0.003103765892605552
2013-01-31,0.0006333987802302553
2013-02-01,3.619293253983368e-05
2013-02-04,0.0013262309178457608
2013-02-05,0.00026215917106544077
2013-02-06,-0.0004755305939404139
2013-02-07,-0.0011551118576750884
2013-02-08,-0.0021070196228652515
2013-02-11,-7.434091622429652e-05
2013-02-12,0.004268995932070471
2013-02-13,0.0033769072926513126
2013-02-14,-0.0008382686545704197
2013-02-15,-0.0013522140754214022
2013-02-19,0.0004647308589950884
2013-02-20,0.002176520292517567
2013-02-21,-0.001547170414421208
2013-02-22,0.0018905793637698132
2013-02-25,-0.001475065146844945
2013-02-26,0.00024961955257838927
2013-02-27,0.0004106005835644215
2013-02-28,-0.0005612547921964336
2013-03-01,0.0011041175002220083
2013-03-04,0.0020240462381753282
2013-03-05,-0.0022509748856233
2013-03-06,0.00034372241693971276
2013-03-07,-0.001196090229587614
2013-03-08,0.0015829876925838957
2013-03-11,-0.0016356147869752064
2013-03-12,3.0852096477641314e-05
2013-03-13,0.00026589178046234274
2013-03-14,0.00017916431264652214
2013-03-15,-0.000930095831262644
2013-03-18,0.0007538187716385125
2013-03-19,-0.0015830707964999678
2013-03-20,-0.002403440744040006
2013-03-21,-0.0011438217772096464
2013-03-22,7.2754950732701e-05
2013-03-25,-0.00040998030837559513
2013-03-26,-0.003737576507571142
2013-03-27,-0.0002969841921373086
2013-03-28,-0.002519009980906122
2013-04-01,0.0014734905500757487
2013-04-02,0.0009478592962111861
2013-04-03,0.0019085845245589966
2013-04-04,-0.0009048702296916324
2013-04-05,0.002658783860497213
2013-04-08,0.0006748853514387031
2013-04-09,-0.0028776891933755084
2013-04-10,0.0005599260873378062
2013-04-11,6.201281632908911e-05
2013-04-12,0.0008179374368624037
2013-04-15,-0.0006306554342746786
2013-04-16,0.0015912227994874266
2013-04-17,-0.0007581515713950353
2013-04-18,-2.0656808291237788e-05
2013-04-19,0.0027145283027589545
2013-04-22,0.0007234370885185398
2013-04-23,-0.0180484587344904
2013-04-24,0.008524068449797894
2013-04-25,0.002850716178178162
2013-04-26,0.002122658419712148
2013-04-29,-0.0068007391904971685
2013-04-30,-0.0004987344168270323
2013-05-01,-0.0031842704023819775
2013-05-02,-0.0010092665780836781
2013-05-03,-0.002311385326559
2013-05-06,0.0021548317744488664
2013-05-07,0.0019349589359520223
2013-05-08,-0.002985850361788007
2013-05-09,0.001675878188858919
2013-05-10,0.0031978965784562
2013-05-13,-0.00045480349078409575
2013-05-14,0.002617588808209394
2013-05-15,0.0004662271706423707
2013-05-16,0.00034312450437792776
2013-05-17,0.0004904058050110511
2013-05-20,0.003914924086307238
2013-05-21,-0.0011685862249812987
2013-05-22,0.006957181295609662
2013-05-23,-0.0013841018428890624
2013-05-24,-0.00508785548462951
2013-05-28,-0.002090474376238308
2013-05-29,-0.0028430175519507392
2013-05-30,-0.0011750232742906881
2013-05-31,0.002075467410325317
2013-06-03,-0.0003151752918261287
2013-06-04,0.002174162439046924
2013-06-05,-0.002498857251148375
2013-06-06,0.00025414049866367223
2013-06-07,0.00122740624021787
2013-06-10,0.002842053589983135
2013-06-11,-7.690204792661385e-05
2013-06-12,0.0009577135876258169
2013-06-13,0.001103144949906057
2013-06-14,0.00030990186133628996
2013-06-17,-0.0007469792285856681
2013-06-18,-0.0007501836169720353
2013-06-19,-0.0003402606669283981
2013-06-20,0.0005835413878914118
2013-06-21,-0.0007836801077651872
2013-06-24,-0.0027879655149762026
2013-06-25,0.005496917714804843
2013-06-26,-0.004029874299714535
2013-06-27,-7.221830443550331e-05
2013-06-28,0.0014076837451549808
2013-07-01,-0.0006443017629704568
2013-07-02,0.0023180629667048347
2013-07-03,0.0006539351396993001
2013-07-05,0.0023626644937237945
2013-07-08,0.0013519113373456782
2013-07-09,-0.0012827474127883346
2013-07-10,0.0009022411646178826
2013-07-11,0.0022813287498260944
2013-07-12,0.003464827451501085
2013-07-15,-0.00460774576186094
2013-07-16,0.00135042537206823
2013-07-17,0.0012468406233573832
2013-07-18,-0.004344312872483853
2013-07-19,0.0020666889318145458
2013-07-22,-0.002349792097111469
2013-07-23,-0.00015009570154118692
2013-07-24,0.004050821226478856
2013-07-25,-0.000739384925660237
2013-07-26,0.0013450137804893452
2013-07-29,0.0008852396663666232
2013-07-30,-0.001019383835742458
2013-07-31,-0.000899009394381924
2013-08-01,-0.00019729457980091066
2013-08-02,0.000521344490293888
2013-08-05,-5.664129702585938e-05
2013-08-06,0.0019042417327147653
2013-08-07,-0.000635359527424465
2013-08-08,-0.0011495754651023862
2013-08-09,0.0017989252236233241
2013-08-12,-0.004292448405653554
2013-08-13,0.0011486488618822478
2013-08-14,0.00315458097224503
2013-08-15,0.0007851328956327984
2013-08-16,7.14428181851128e-05
2013-08-19,0.002027281288908547
2013-08-20,0.0015139404050367145
2013-08-21,-0.001762210585876989
2013-08-22,0.000875617311662447
2013-08-23,0.0007750440568680499
2013-08-26,0.0021672131527735645
2013-08-27,-0.001561347484415199
2013-08-28,0.0030169114180375444
2013-08-29,0.0035792339954066723
2013-08-30,-0.0012809082297797754
2013-09-03,0.004834874509410563
2013-09-04,-3.138639072216807e-05
2013-09-05,0.0014044946205812945
2013-09-06,0.0007884108134858747
2013-09-09,-0.00021488156664299868
2013-09-10,0.002356336047271721
2013-09-11,2.4433759547194903e-05
2013-09-12,-0.000993582955181591
2013-09-13,0.0009459173528539863
2013-09-16,0.0003647785966056306
2013-09-17,2.699242016777399e-05
2013-09-18,0.00014289189155303132
2013-09-19,0.0011325760083715506
2013-09-20,0.0013820265347051822
2013-09-23,-0.003225580055636845
2013-09-24,-0.0029255147182893067
2013-09-25,-0.0007130464459650502
2013-09-26,0.000847639056782965
2013-09-27,0.00030281222286988744
2013-09-30,0.0011149462380987483
2013-10-01,-0.002267201615296904
2013-10-02,-0.0014058311050625001
2013-10-03,0.0032888397320510665
2013-10-04,-0.0018103303903745102
2013-10-07,0.0026844865279898886
2013-10-08,0.0023113592497448565
2013-10-09,0.001711679397242168
2013-10-10,0.0010119304370121028
2013-10-11,-0.0016831209706916588
2013-10-14,0.0027313755301334765
2013-10-15,-0.0013143700363770997
2013-10-16,-0.0009112488563189381
2013-10-17,0.002329818025722858
2013-10-18,-0.0014409503508134066
2013-10-21,0.00541211904494326
2013-10-22,-0.001637646133109498
2013-10-23,0.006764532388359445
2013-10-24,0.001260638768226011
2013-10-25,-0.0001350832935157995
2013-10-28,0.0034624079790465142
2013-10-29,-0.0022275231011838767
2013-10-30,-0.000419907887810966
2013-10-31,0.0011713050853540438
2013-11-01,-0.0010365039571175877
2013-11-04,-0.007415726479850039
2013-11-05,-0.0002211897027451011
2013-11-06,-0.0021638910287090345
2013-11-07,0.0003311794770500258
2013-11-08,0.002981379709497055
2013-11-11,0.001173776366175213
2013-11-12,-0.002508161243223356
2013-11-13,-0.0024967310268335183
2013-11-14,0.0030182771615129343
2013-11-15,0.00018238136139138732
2013-11-18,0.002337505315590698
2013-11-19,0.0007970812942573987
2013-11-20,-0.004178515796475732
2013-11-21,-0.0016071393789643894
2013-11-22,-0.0002572127378841467
2013-11-25,0.0008813198597241067
2013-11-26,0.00038682567832710703
2013-11-27,0.0010780097513649698
2013-11-29,-0.00011808052931556331
2013-12-02,-0.0025661681820944586
2013-12-03,0.0005458846880537383
2013-12-04,0.001505934759221176
2013-12-05,0.0027187993197728666
2013-12-06,0.0007190137971164161
2013-12-09,-0.0007440237172604278
2013-12-10,0.0030995664067817686
2013-12-11,-0.0011605614558054048
2013-12-12,0.002617956770815577
2013-12-13,0.0073243608149496115
2013-12-16,0.00044110027450127684
2013-12-17,-0.00047851578013868433
2013-12-18,-0.0004632279788934708
2013-12-19,0.0011286692641817137
2013-12-20,0.0006555211369705403
2013-12-23,-0.00202702517932743
2013-12-24,0.000978806532159499
2013-12-26,-3.550884384192067e-05
2013-12-27,0.0007660059265239562
2013-12-30,-0.005124671942164043
2013-12-31,0.00010280244430401029
2014-01-02,0.0018204886095996011
2014-01-03,0.0004934465254044899
2014-01-06,0.0014137393807669384
2014-01-07,0.003051839482432635
2014-01-08,-0.001687258467514097
2014-01-09,0.0016776640712912688
2014-01-10,-0.0015014541642552688
2014-01-13,-0.0018537516228543263
2014-01-14,-0.002175642463202273
2014-01-15,0.0006414264055523841
2014-01-16,-0.002630913537305644
2014-01-17,0.0004803159997865012
2014-01-21,0.0027605712061934116
2014-01-22,0.0003404397860899811
2014-01-23,-0.002769774140457117
2014-01-24,-0.0011979092175152335
2014-01-27,0.002939170727439187
2014-01-28,-0.0009777412715985016
2014-01-29,-0.00238573061234283
2014-01-30,-3.3559252298574985e-05
2014-01-31,-0.0076072187653141695
2014-02-03,-0.0032748905694496505
2014-02-04,-0.001219272094916176
2014-02-05,-0.0036238968091613093
2014-02-06,-0.002001379562512256
2014-02-07,-0.001242310105710259
2014-02-10,-0.004579069726752217
2014-02-11,0.003242488317865642
2014-02-12,-0.009908550797810296
2014-02-13,-0.0037666802495912822
2014-02-14,-0.007303854333633012
2014-02-18,-0.004228831293006592
2014-02-19,0.0015995823843371977
2014-02-20,0.0009373104943607819
2014-02-21,-0.00015447680453350822
2014-02-24,-0.00312397346961817
2014-02-25,-0.0027040783387543613
2014-02-26,0.0010818930388970765
2014-02-27,-0.0021352254031547025
2014-02-28,0.0017089387582170262
2014-03-03,-0.0005602724663701297
2014-03-04,-0.0008412694622744785
2014-03-05,0.003124219706079413
2014-03-06,0.00367582475959404
2014-03-07,0.001759769678379829
2014-03-10,0.003215502409972235
2014-03-11,-0.001357415252897098
2014-03-12,0.0008436332236585304
2014-03-13,-0.0012534468268880637
2014-03-14,-0.00023726987899590286
2014-03-17,0.0009991755785111796
2014-03-18,0.0017090962150103691
2014-03-19,0.0014934982111856395
2014-03-20,6.614576400120617e-05
2014-03-21,-0.003444180761778501
2014-03-24,-0.0037281616016320816
2014-03-25,0.0025751259059523996
2014-03-26,0.0011083094273242116
2014-03-27,0.0009910664414214377
2014-03-28,-0.003219039615355003
2014-03-31,-0.004177427836102564
2014-04-01,0.0021408081128514622
2014-04-02,-0.0012756476509979007
2014-04-03,-0.004229105101387997
2014-04-04,-0.0005827008039768273
2014-04-07,-0.0004590638159477595
2014-04-08,0.0018415993493972368
2014-04-09,0.0035074889970878164
2014-04-10,0.00029166562351168996
2014-04-11,-0.002931597697627811
2014-04-14,-0.0023581968741391004
2014-04-15,-0.001657655587473607
2014-04-16,0.0012913819562563697
2014-04-17,0.0008859660345991858
2014-04-21,0.00010711338778942919
2014-04-22,0.0019388560946230846
2014-04-23,-0.001065897787659884
2014-04-24,0.001959798353170378
2014-04-25,-0.004261501581147214
2014-04-28,-0.00029294088192236066
2014-04-29,0.002246085021349075
2014-04-30,0.0007262378943855549
2014-05-01,0.002236572717392262
2014-05-02,0.003426311008839993
2014-05-05,0.002389516126837461
2014-05-06,0.0002796622696518334
2014-05-07,0.0003565027326027729
2014-05-08,-0.0012167735387396729
2014-05-09,-0.0023411732187918976
2014-05-12,-0.0028693115375657326
2014-05-13,-0.0025715359880072756
2014-05-14,-0.0010664901931221342
2014-05-15,-0.0005633350227104874
2014-05-16,-0.0017455433803619117
2014-05-19,-0.002453793337085781
2014-05-20,0.0031204245294736794
2014-05-21,-0.001683081399956457
2014-05-22,-0.0007534276930867038
2014-05-23,-0.003121577387549192
2014-05-27,0.0019206150492862002
2014-05-28,-0.002340432250203999
2014-05-29,-0.002986819190700519
2014-05-30,-0.001692903363719656
2014-06-02,-0.0003149682519515387
2014-06-03,0.001616684211946004
2014-06-04,-8.167543583048527e-05
2014-06-05,0.0007071301602546384
2014-06-06,-0.0009336677064387366
2014-06-09,0.002212238350827113
2014-06-10,-0.0005527366964113618
2014-06-11,0.0015618326847510842
2014-06-12,-0.001836071750258106
2014-06-13,-0.0009762502717765221
2014-06-16,-0.0016702993221257712
2014-06-17,-0.002214754364098625
2014-06-18,0.001849116302708608
2014-06-19,0.00013224170659714279
2014-06-20,0.0012594281470177122
2014-06-23,-0.0004950940631244845
2014-06-24,-0.0008889389832388394
2014-06-25,-0.001568337327916293
2014-06-26,-0.0017045001005325528
2014-06-27,0.004535099176873806
2014-06-30,-0.0001948118950727152
2014-07-01,0.00033620026566675047
2014-07-02,-0.0015084461011843366
2014-07-03,0.0007638305369295825
2014-07-07,0.0015653029499533156
2014-07-08,0.003065072390632728
2014-07-09,-0.0012619878587672888
2014-07-10,-0.002043209764850767
2014-07-11,-0.0012942403004271626
2014-07-14,-0.001840707735607301
2014-07-15,0.006882560300835602
2014-07-16,-0.0005771953620760267
2014-07-17,-0.006663916553658988
2014-07-18,0.001133344603904382
2014-07-21,-0.002196144544906834
2014-07-22,-0.001963164220143827
2014-07-23,-0.0002437481697554669
2014-07-24,-0.0009915149455684185
2014-07-25,0.003339888808856211
2014-07-28,-0.00032941779018453817
2014-07-29,0.001808545788248619
2014-07-30,0.0012241714703857438
2014-07-31,-0.0027460230119790993
2014-08-01,0.0032781028928643794
2014-08-04,-0.0030151330695681886
2014-08-05,-0.001014791460323763
2014-08-06,0.004420327131028208
2014-08-07,0.002422114073909968
2014-08-08,0.0027775516576608763
2014-08-11,0.0002829994610142542
2014-08-12,-0.0024796880141236856
2014-08-13,0.0002752713597480523
2014-08-14,0.001988352979093753
2014-08-15,-0.0013714166953146898
2014-08-18,-0.0007945962127059844
2014-08-19,-0.0029190415397176055
2014-08-20,0.001121683142982485
2014-08-21,-0.002781154179078568
2014-08-22,-0.00012967173802716815
2014-08-25,-0.0033465113820742337
2014-08-26,0.00248012148725158
2014-08-27,-0.00026855543123826604
2014-08-28,0.00033840803500864236
2014-08-29,0.00014896464120130746
2014-09-02,-0.0017529512662764655
2014-09-03,0.006528263502525842
2014-09-04,-0.00029958004899892745
2014-09-05,0.0014362743302453096
2014-09-08,-0.003530479975474468
2014-09-09,0.001100793414068046
2014-09-10,-0.0027246975549917807
2014-09-11,0.0008059785353655794
2014-09-12,-0.0017095860061256672
2014-09-15,0.0017994275849233475
2014-09-16,0.0012332270501886216
2014-09-17,-0.0005494604384917848
2014-09-18,0.000781089082241919
2014-09-19,-0.005132341503759483
2014-09-22,1.716611687913814e-05
2014-09-23,0.0009132270159800266
2014-09-24,-0.000529446422311747
2014-09-25,-0.0009250250725356193
2014-09-26,0.0016637311852399652
2014-09-29,0.00038652345316370735
2014-09-30,0.0020242121738141116
2014-10-01,0.0010940872549972968
2014-10-02,-0.00041313839100480716
2014-10-03,-0.003000350808070773
2014-10-06,0.0012560606949599568
2014-10-07,-0.0005110219032497848
2014-10-08,0.003285322260001671
2014-10-09,0.0008801283400106477
2014-10-10,-0.007125704365130564
2014-10-13,-0.005546186609562286
2014-10-14,-0.00014752358738586102
2014-10-15,-0.00488236654564467
2014-10-16,0.005498772533380855
2014-10-17,0.008970228104686194
2014-10-20,0.005464424515156126
2014-10-21,-0.00038316537247724136
2014-10-22,0.0011849458711223535
2014-10-23,0.0033383931958821376
2014-10-24,0.002166104328115493
2014-10-27,0.0014843677479688434
2014-10-28,-0.0015823508441053418
2014-10-29,-0.00048397908599381607
2014-10-30,0.001001147217319756
2014-10-31,0.0017318558360074838
2014-11-03,-0.002277867001966578
2014-11-04,0.001941660311131999
2014-11-05,0.00024565785557731595
2014-11-06,0.0011121474551960778
2014-11-07,-0.0032993316221037006
2014-11-10,-0.0013315980821653802
2014-11-11,-0.002193061750937769
2014-11-12,-0.005009509066901592
2014-11-13,-0.0034316746739840314
2014-11-14,-0.0018172231006674216
2014-11-17,0.000554320582619292
2014-11-18,-0.003587711995553417
2014-11-19,0.0019558418860614493
2014-11-20,-0.0054615845544000695
2014-11-21,0.0012920530296960905
2014-11-24,-0.004317730863610433
2014-11-25,-0.0011161034373616467
2014-11-26,-0.0031830974335718886
2014-11-28,-0.0024661389868190476
2014-12-01,0.0056231659195540695
2014-12-02,0.0029389614997666993
2014-12-03,7.235679286047731e-05
2014-12-04,-0.0003656476851149014
2014-12-05,-0.00036513335120390175
2014-12-08,-0.004943099981261533
2014-12-09,-0.00019337760775766914
2014-12-10,-0.0005457828157534024
2014-12-11,-0.0021944790811682696
2014-12-12,0.007766921129243553
2014-12-15,0.0022990832371516208
2014-12-16,-0.00029813702921910855
2014-12-17,0.0010697416489584236
2014-12-18,0.004879987420998778
2014-12-19,-0.0009516987404592754
2014-12-22,0.0008367730780073038
2014-12-23,0.0005528007876422843
2014-12-24,-0.000528150732169299
2014-12-26,-0.0011829036303160902
2014-12-29,-0.0035829796341759514
2014-12-30,0.0002239081939583422
2014-12-31,-0.0005892003511705859
2015-01-02,-0.0009027095599185956
2015-01-05,0.0023847859830610388
2015-01-06,0.0004565828852280079
2015-01-07,-0.002110721068581844
2015-01-08,0.0012727522566015903
2015-01-09,0.003528474964350787
2015-01-12,-0.0001549902210039183
2015-01-13,0.00031874375656392405
2015-01-14,-0.0003278301828846873
2015-01-15,-0.008818673013452311
2015-01-16,-0.003931304262429858
2015-01-20,-0.006891739961318919
2015-01-21,-0.0037924399328321
2015-01-22,-0.0034868521453026886
2015-01-23,0.002806675422140749
2015-01-26,0.0026293824413715066
2015-01-27,0.0016072610451108413
2015-01-28,0.00010709732181596276
2015-01-29,0.006731385475993822
2015-01-30,-0.00952114786960832
2015-02-02,0.006600713315714834
2015-02-03,0.002221702204488169
2015-02-04,0.0010491537466333042
2015-02-05,0.0012477172004438123
2015-02-06,0.000995185081429706
2015-02-09,0.0005827563855162546
2015-02-10,0.0008764370407782302
2015-02-11,-0.000353779990624054
2015-02-12,0.00639618758660797
2015-02-13,0.001172795368333355
2015-02-17,0.002967046014766949
2015-02-18,0.006303677774325136
2015-02-19,0.002421917907928937
2015-02-20,0.0007695337576157056
2015-02-23,0.002228878656698238
2015-02-24,-0.0023596134485952954
2015-02-25,-0.0022503831743866183
2015-02-26,-0.0013440334452990358
2015-02-27,0.0013777887791039738
2015-03-02,-0.0025787095313470764
2015-03-03,0.002354303737481758
2015-03-04,0.0025831019149231004
2015-03-05,0.0020012573350965367
2015-03-06,-7.128365579321615e-05
2015-03-09,-0.0002660898321281046
2015-03-10,-0.0009445907456665733
2015-03-11,-0.00037191458145463064
2015-03-12,-0.0008980815254391745
2015-03-13,0.000693492480351321
2015-03-16,0.0019904699535577917
2015-03-17,-0.004408067806650732
2015-03-18,0.0052214563912018576
2015-03-19,-0.003682088443789917
2015-03-20,0.001159205835283898
2015-03-23,0.003574921547568754
2015-03-24,-0.000559173192586655
2015-03-25,0.00450537199563873
2015-03-26,-0.00014084336107131486
2015-03-27,-0.0026501080270905516
2015-03-30,0.0015344213369064318
2015-03-31,0.0018739306070576177
2015-04-01,0.000924730397625329
2015-04-02,-9.456101807744009e-05
2015-04-06,-0.0018807762074225759
2015-04-07,-0.0015033559920375526
2015-04-08,0.003944033533744042
2015-04-09,0.0009662954288808266
2015-04-10,0.0012978103548408398
2015-04-13,0.0007431737913267042
2015-04-14,-0.0072205178801988444
2015-04-15,-0.005336174449216825
2015-04-16,0.0002781666037026566
2015-04-17,-0.0009744347565297317
2015-04-20,0.0019432008934389259
2015-04-21,0.0012474881797449881
2015-04-22,0.0010062699481642897
2015-04-23,-0.0002870024655110098
2015-04-24,-0.0008998400385077856
2015-04-27,0.001407817319321556
2015-04-28,-0.0037053452957367824
2015-04-29,-0.0028967812742333875
2015-04-30,0.003064483917778987
2015-05-01,0.000591284602912714
2015-05-04,0.0006529101993354572
2015-05-05,0.0005583826891277974
2015-05-06,-0.0018044313996779936
2015-05-07,0.000637543185267601
2015-05-08,-0.0012189743618504954
2015-05-11,0.0004907132221066849
2015-05-12,0.0012595602199279338
2015-05-13,0.0009997668213523765
2015-05-14,0.0003012369279347812
2015-05-15,0.0021695521131782636
2015-05-18,-0.0011524883709678397
2015-05-19,-0.001558493394508076
2015-05-20,0.0016192744611740113
2015-05-21,0.0021734213297627467
2015-05-22,0.0004126436146935354
2015-05-26,0.0006490183768058079
2015-05-27,0.002132353169602657
2015-05-28,0.0022053708259884633
2015-05-29,0.002143973064993741
2015-06-01,0.00035907682071209144
2015-06-02,0.0020637183579042097
2015-06-03,-0.0004496765668945876
2015-06-04,-0.0028453426247469797
2015-06-05,-0.005447935642159563
2015-06-08,-0.000764330526092832
2015-06-09,-0.002283165623608354
2015-06-10,0.0005210618022984783
2015-06-11,-0.0006477095462120374
2015-06-12,-0.003907310003420709
2015-06-15,0.003729155010001127
2015-06-16,0.00020736197097542407
2015-06-17,0.00497361528167591
2015-06-18,0.005292915303695539
2015-06-19,0.0007994697419398928
2015-06-22,-0.0021850385905504864
2015-06-23,-0.0017906460715489114
2015-06-24,0.0006929419542599862
2015-06-25,0.0013243799243250409
2015-06-26,-0.0030813836977257687
2015-06-29,0.0015554338511726195
2015-06-30,-0.0007210484826832164
2015-07-01,-0.0025446854651518702
2015-07-02,0.0027277852903928573
2015-07-06,-0.0022224481077837144
2015-07-07,-0.00026027257326017303
2015-07-08,0.0025376146349190575
2015-07-09,-0.0019240188402983177
2015-07-10,-0.0008393229824270931
2015-07-13,1.9569806306876344e-05
2015-07-14,-0.0016864765368794297
2015-07-15,0.0003797190276633181
2015-07-16,-0.0017293044373710314
2015-07-17,-0.0014275035838833077
2015-07-20,-0.006051523215125111
2015-07-21,0.0012610324624945516
2015-07-22,-0.0005946772922429193
2015-07-23,-0.0033750459057514093
2015-07-24,0.0022369770678686883
2015-07-27,0.0018025785048062758
2015-07-28,0.007369464348808982
2015-07-29,-0.003615602084274058
2015-07-30,-0.000457900610476529
2015-07-31,0.005212915384860571
2015-08-03,-0.0010554066691754985
2015-08-04,-0.0008007106171518555
2015-08-05,-1.3392866881670786e-05
2015-08-06,0.00338236646955388
2015-08-07,-0.000451032160791327
2015-08-10,0.0019781689206411386
2015-08-11,0.003391007407771188
2015-08-12,-0.0009113960214719097
2015-08-13,-0.0015000256633387109
2015-08-14,0.0018278803693227241
2015-08-17,0.0002457041200998162
2015-08-18,-0.005693824456358186
2015-08-19,-0.0017652743327149516
2015-08-20,-9.568054946403569e-05
2015-08-21,0.00038175006805004047
2015-08-24,-0.003447229447986112
2015-08-25,0.0019106099525178933
2015-08-26,0.0010643534174644977
2015-08-27,0.0018406176278274707
2015-08-28,0.0010223504021514781
2015-08-31,-0.0008344155629259571
2015-09-01,5.3998794346896833e-05
2015-09-02,-0.00020505987537658497
2015-09-03,-0.0005892553565074133
2015-09-04,0.0017803140850175532
2015-09-08,-0.0003162261082145267
2015-09-09,0.00011961410669754
2015-09-10,-0.0006332312549414018
2015-09-11,7.563262364234764e-06
2015-09-14,0.00040705088242030046
2015-09-15,0.00018898387936256303
2015-09-16,0.0011278640507083504
2015-09-17,-0.001863483430589972
2015-09-18,-0.0032084822670175508
2015-09-21,-0.002451488231829304
2015-09-22,-0.00556546078471875
2015-09-23,-0.0014454471857895195
2015-09-24,0.002088933008092517
2015-09-25,0.0053288272089920445
2015-09-28,0.0004748773218483763
2015-09-29,0.003735852377785713
2015-09-30,-0.00010919207632025405
2015-10-01,-0.004315501393105552
2015-10-02,-0.003884084173397227
2015-10-05,-0.0027311220960027126
2015-10-06,-0.010707264589553149
2015-10-07,-0.0036054266718637297
2015-10-08,-0.0027933892744413345
2015-10-09,0.0005842030072006741
2015-10-12,0.002457845778758893
2015-10-13,0.000532524551522194
2015-10-14,-0.0036744079923841117
2015-10-15,-0.0030790823486865145
2015-10-16,-0.00421106169858238
2015-10-19,0.0012123825705622037
2015-10-20,0.0011247824854363551
2015-10-21,-0.0008484817461724632
2015-10-22,-0.005881186250471385
2015-10-23,0.004950772086222699
2015-10-26,0.002958607188546998
2015-10-27,-0.0024243437994561365
2015-10-28,0.0010643076766434084
2015-10-29,-0.0029010578615465306
2015-10-30,0.0019893368005504315
2015-11-02,-0.0004964219532345803
2015-11-03,0.0018821004312398362
2015-11-04,-0.0019054900998161592
2015-11-05,-0.0038188380725836
2015-11-06,-0.0005514407113535965
2015-11-09,0.0007897526944323193
2015-11-10,-0.0012391826867461362
2015-11-11,-0.001130318141740239
2015-11-12,0.0007966403058210146
2015-11-13,-0.002326870746577809
2015-11-16,-0.001983656843568466
2015-11-17,0.0012495004975803007
2015-11-18,-0.004215670281354506
2015-11-19,0.0015604949878752373
2015-11-20,-0.002808976356558822
2015-11-23,-0.003005286302956452
2015-11-24,0.0044835654761719995
2015-11-25,-0.0007028264452816747
2015-11-27,0.00027696575348338414
2015-11-30,0.005320538496818154
2015-12-01,0.002274033851819863
2015-12-02,-0.003491860461616538
2015-12-03,0.00358490015589512
2015-12-04,0.0048946886794496896
2015-12-07,-0.0036973190338471748
2015-12-08,0.001340205296472838
2015-12-09,0.0042705096939265694
2015-12-10,-0.00040717600583217814
2015-12-11,-0.0018265236543758287
2015-12-14,-0.0005318776176332939
2015-12-15,0.001544708814821403
2015-12-16,0.0032383181724691275
2015-12-17,0.0010164471457541318
2015-12-18,0.00017007498585573565
2015-12-21,0.0008513818291808427
2015-12-22,-0.001032085380794143
2015-12-23,-0.002494812930413635
2015-12-24,0.0016489394363923358
2015-12-28,0.0009887882090298752
2015-12-29,0.0009060278345567807
2015-12-30,-0.0009261998937409427
2015-12-31,-0.0005608912884245367
2016-01-04,-0.0017785620484264636
2016-01-05,-0.004298849360070382
2016-01-06,0.008396453033049742
2016-01-07,-0.0027288729618950335
2016-01-08,-0.001162315721039509
2016-01-11,0.0002742152152618325
2016-01-12,0.002863084858390893
2016-01-13,-0.003753311388665665
2016-01-14,-0.001767213559537309
2016-01-15,-0.002609160293900388
2016-01-19,0.0019708286194198327
2016-01-20,0.0009937524072010356
2016-01-21,0.001249071789548246
2016-01-22,0.0024084043618288753
2016-01-25,0.0021523232186378043
2016-01-26,0.0014583333452724116
2016-01-27,0.0010245972246207405
2016-01-28,-0.0042192525501923836
2016-01-29,-0.00016114505954540248
2016-02-01,-0.0010609673773911768
2016-02-02,-0.001999942285370151
2016-02-03,0.0017935844361912333
2016-02-04,-0.014921808175476956
2016-02-05,-0.0033091861536365067
2016-02-08,-0.0008681580736506079
2016-02-09,0.005974025351493519
2016-02-10,0.0040439076604805585
2016-02-11,-0.004789510969279202
2016-02-12,-0.0012269873625216996
2016-02-16,-9.415633770284352e-05
2016-02-17,-0.0034508059785007964
2016-02-18,0.0007851309493244795
2016-02-19,-0.00030749865311636244
2016-02-22,-0.007923868806691211
2016-02-23,0.00619707282933079
2016-02-24,0.0007859426608974888
2016-02-25,0.002524161593724405
2016-02-26,-0.0052047828014869235
2016-02-29,-0.0042224560000722255
2016-03-01,-0.0003831955575912089
2016-03-02,0.00024840547721026007
2016-03-03,-0.006681459901247858
2016-03-04,-0.0024907679382828395
2016-03-07,-0.00705070165405544
2016-03-08,0.005975483800278137
2016-03-09,-0.003789325550847641
2016-03-10,-0.0022609527198378964
2016-03-11,-0.0007930763600289386
2016-03-14,0.0013477243986327978
2016-03-15,0.001203178135180831
2016-03-16,-0.004407386987458008
2016-03-17,-0.013315030748230925
2016-03-18,0.004447114069424854
2016-03-21,0.0015218337260328237
2016-03-22,-0.0013344725237540733
2016-03-23,0.004366449858072305
2016-03-24,-0.0026204119187723538
2016-03-28,0.0029614064510972904
2016-03-29,-0.006647374501989706
2016-03-30,0.0004991465724465096
2016-03-31,-0.0002924016996424758
2016-04-01,0.0017374603441963378
2016-04-04,-0.0003941725082270363
2016-04-05,-0.002106610865845634
2016-04-06,-0.001522375263247698
2016-04-07,-0.0003568010376813424
2016-04-08,0.0007356579774541061
2016-04-11,0.0008609367209948984
2016-04-12,0.0008811177467460207
2016-04-13,0.0004833500796799153
2016-04-14,-0.000996568410978162
2016-04-15,0.0006198592267606855
2016-04-18,0.0035479844114839304
2016-04-19,-0.0007595847560032462
2016-04-20,-0.001681497553846402
2016-04-21,-0.0032552366587447704
2016-04-22,-0.003283442578031829
2016-04-25,-0.000704652357467685
2016-04-26,-0.002897518078620927
2016-04-27,-0.004995370229661458
2016-04-28,-0.0009009136776869634
2016-04-29,0.00689676345804564
2016-05-02,0.002313251149979746
2016-05-03,-0.0017911379449958465
2016-05-04,0.0019697971418012484
2016-05-05,-0.002532351506039881
2016-05-06,0.0026234205140732055
2016-05-09,0.002573440930961614
2016-05-10,0.001181596541206272
2016-05-11,0.002473041529109033
2016-05-12,-0.0006196278980584831
2016-05-13,0.01340610509297586
2016-05-16,0.001705137897125739
2016-05-17,-0.0029946639411860035
2016-05-18,-0.0027402978255742032
2016-05-19,0.0019509992067736814
2016-05-20,-0.0039372702210963085
2016-05-23,0.0015502457852182047
2016-05-24,-0.000609994957270893
2016-05-25,0.0005335003403169021
2016-05-26,-0.001259099185848873
2016-05-27,-0.00024706881864839666
2016-05-31,-0.0004494049024174504
2016-06-01,-0.0006986448203703549
2016-06-02,0.0016116838788131777
2016-06-03,0.0039229386711725
2016-06-06,0.00047187193377125824
2016-06-07,0.0018252966233617948
2016-06-08,-0.0007366675209847645
2016-06-09,0.0006060780777534291
2016-06-10,0.0011045532135340133
2016-06-13,0.0034722473612222777
2016-06-14,0.0009663846037431996
2016-06-15,-0.002532497580940625
2016-06-16,-0.0016948534172014798
2016-06-17,0.010624188357037103
2016-06-20,0.0002142859616926322
2016-06-21,0.0004923726407791271
2016-06-22,-0.003461388340626848
2016-06-23,-0.002063100160974006
2016-06-24,-0.0067837814302799315
2016-06-27,-0.0008060720618405508
2016-06-28,0.0034668869070909668
2016-06-29,-0.001655372535388615
2016-06-30,-4.0113507788225314e-05
2016-07-01,-0.002111603094125504
2016-07-05,-0.0018364289234432103
2016-07-06,-0.0009224965517258669
2016-07-07,-0.0011588169683809792
2016-07-08,-0.0008669053371530366
2016-07-11,-0.00047426530154795433
2016-07-12,0.0013633385040984344
2016-07-13,-0.001840766732084806
2016-07-14,-0.0014580076271507292
2016-07-15,0.0007177786676484597
2016-07-18,0.00025101189827513525
2016-07-19,-0.0005670014805146447
2016-07-20,0.0033195394976280415
2016-07-21,0.0002291222041637533
2016-07-22,-0.002479510224947124
2016-07-25,-0.004209378923531711
2016-07-26,-0.0035275419150124806
2016-07-27,0.0005042942381756875
2016-07-28,0.004902475520665676
2016-07-29,-0.0008255821915064653
2016-08-01,-0.00045925860352664325
2016-08-02,-0.001917457790849493
2016-08-03,0.0005715520964431801
2016-08-04,-0.0018766578091038166
2016-08-05,-0.0017660635992166138
2016-08-08,-0.0008895981220992686
2016-08-09,0.0002266787023796665
2016-08-10,0.0026541178309965907
2016-08-11,0.00012219072974845968
2016-08-12,-0.003701784254048962
2016-08-15,-0.0007342321302473696
2016-08-16,-0.0016820760024013393
2016-08-17,0.002286367425318141
2016-08-18,-0.0018458867784268938
2016-08-19,0.000813345176993073
2016-08-22,-0.0006633165014026006
2016-08-23,0.0007939775437460431
2016-08-24,-0.0004630071255173013
2016-08-25,4.841961527196216e-05
2016-08-26,3.908534283995831e-05
2016-08-29,0.00035404525992471336
2016-08-30,-0.000606453506286299
2016-08-31,-0.0008775387356966084
2016-09-01,-6.149159196524158e-05
2016-09-02,0.0028680848870493453
2016-09-06,-0.002763944171115956
2016-09-07,0.0012410163374855295
2016-09-08,-0.004444763349979046
2016-09-09,-0.0017376268078949045
2016-09-12,0.000621507780155562
2016-09-13,-0.002908425049701235
2016-09-14,0.00015570443350568407
2016-09-15,0.0010810293668326854
2016-09-16,-0.001927297865741182
2016-09-19,-0.0005985661218069525
2016-09-20,0.00019672731093758785
2016-09-21,0.0020076526247713683
2016-09-22,0.0011000502182115937
2016-09-23,-0.0017422613431167715
2016-09-26,0.0009181488303427372
2016-09-27,-0.0014520500427162143
2016-09-28,-0.0015482768460055231
2016-09-29,-0.005581184647042511
2016-09-30,0.0009346041995498389
2016-10-03,-0.0010393911209232317
2016-10-04,0.0005455041259660459
2016-10-05,-0.004109464988308723
2016-10-06,0.0010229455225189978
2016-10-07,7.624649631441296e-05
2016-10-10,0.001158539401873439
2016-10-11,-0.0007649769245442102
2016-10-12,0.0017000633670633293
2016-10-13,-4.1349011534149056e-05
2016-10-14,0.0024567514380114458
2016-10-17,0.0005373804129477067
2016-10-18,-0.016166537150711417
2016-10-19,-0.00012742431671901224
2016-10-20,-0.00043822019698836146
2016-10-21,0.002363757534584328
2016-10-24,-0.0007746638110613187
2016-10-25,0.0015509073576971933
2016-10-26,-0.0018816224517636728
2016-10-27,-0.0009063477929088444
2016-10-28,0.001441078265111395
2016-10-31,0.00030680929196530405
2016-11-01,-0.0039231904443587685
2016-11-02,-0.0004628100158320295
2016-11-03,-0.003156898075390985
2016-11-04,0.0020905965606159175
2016-11-07,-0.0017720376935449426
2016-11-08,-0.003547838505641007
2016-11-09,-0.0061799014491267555
2016-11-10,-0.01107713212944242
2016-11-11,0.003486821789772474
2016-11-14,-0.0029481870864356066
2016-11-15,-0.004034278402428483
2016-11-16,-0.008439394365954228
2016-11-17,0.006515814483358075
2016-11-18,-0.004182464325741841
2016-11-21,0.0024152206870636265
2016-11-22,-0.0036194024635665383
2016-11-23,-0.0032322729924417043
2016-11-25,0.0005168456981914205
2016-11-28,-0.00015554761949062353
2016-11-29,-0.0033756045344444656
2016-11-30,-0.0028832108199263796
2016-12-01,-0.005002161271650952
2016-12-02,-0.0019314312943236305
2016-12-05,0.002076299497521351
2016-12-06,-0.0028849202207464953
2016-12-07,-0.0019406872979413324
2016-12-08,0.0010333597310047521
2016-12-09,0.0011591407757503497
2016-12-12,-0.001914333417945032
2016-12-13,-0.0013305724541530298
2016-12-14,0.0005593067379867365
2016-12-15,-0.00298369079493807
2016-12-16,-0.005833098449425471
2016-12-19,-0.00028157918440791137
2016-12-20,-0.0016912469499697396
2016-12-21,0.0010547782364359853
2016-12-22,0.0028790840632141085
2016-12-23,0.001767003945480463
2016-12-27,-0.0024027855562385497
2016-12-28,-0.0015626594319627727
2016-12-29,0.0011402875119041304
2016-12-30,0.00022126287791285153
2017-01-03,-0.0017176061253569872
2017-01-04,0.00028059725819906233
2017-01-05,0.001855751522893793
2017-01-06,0.006271755461595926
2017-01-09,-0.00035
2017-01-10,-0.0028115136588433326
2017-01-11,0.001113319428205377
2017-01-12,0.0008856251266738601
2017-01-13,-0.001386646507130244
2017-01-17,0.0009883183023254609
2017-01-18,-0.001448862203302576
2017-01-19,-0.0019846826790615667
2017-01-20,0.002157650897519151
2017-01-23,0.0009222872726556491
2017-01-24,-0.0032048016853593584
2017-01-25,-0.005373144581987091
2017-01-26,0.0030228891676205463
2017-01-27,0.0048192009719888644
2017-01-30,-0.002656422641164463
2017-01-31,0.0019484460626347487
2017-02-01,0.0008865199992767889
2017-02-02,-0.0002731142472208358
2017-02-03,0.00018210331012000043
2017-02-06,-0.0010173659721399045
2017-02-07,-0.0006357847855955401
2017-02-08,-0.00019903583086976526
2017-02-09,-9.582169375070295e-05
2017-02-10,-0.0013143092368205732
2017-02-13,-0.0013242583912054266
2017-02-14,-0.00043111479560701865
2017-02-15,-0.0022445484993547293
2017-02-16,-0.0028790080989416844
2017-02-17,-0.002985313166375992
2017-02-21,0.000319882583021801
2017-02-22,-0.0016658543691633158
2017-02-23,0.001808128910811588
2017-02-24,-0.0007212555498372097
2017-02-27,0.0023468348116211547
2017-02-28,-0.0030164087343263514
2017-03-01,-0.00024630115763338224
2017-03-02,-0.0024660285892978634
2017-03-03,-0.0005221167954845937
2017-03-06,0.0014581497927242965
2017-03-07,-0.0018694155073564619
2017-03-08,-0.0015291410817088482
2017-03-09,0.0007162092459013417
2017-03-10,0.0003064585950926092
2017-03-13,0.001025838217808917
2017-03-14,-0.0009604066414169058
2017-03-15,0.003183627144898731
2017-03-16,-0.0011924201254832837
2017-03-17,0.00290662038030783
2017-03-20,0.0012887594054845127
2017-03-21,0.002063649203815882
2017-03-22,0.0023551397165740527
2017-03-23,-0.0015096320209803562
2017-03-24,-0.0006491546557454186
2017-03-27,0.00038040613242581534
2017-03-28,0.0015443022893618643
2017-03-29,0.0025120875745310023
2017-03-30,0.0025979054613061436
2017-03-31,-0.0008405398123452679
2017-04-03,0.0003374479431148008
2017-04-04,-0.0008032270355202763
2017-04-05,0.0005448979329677997
2017-04-06,-0.0013373953337151188
2017-04-07,0.0005910707460153611
2017-04-10,-0.0002801804970272601
2017-04-11,0.0006092370400343329
2017-04-12,-0.0004344060840321366
2017-04-13,-0.0012911194585918972
2017-04-17,0.0009278308395535968
2017-04-18,-0.001832728608954446
2017-04-19,0.0003979373141712975
2017-04-20,-0.0013684931224735297
2017-04-21,-0.0011820086753096468
2017-04-24,0.0019274681481287726
2017-04-25,1.6925076459010257e-05
2017-04-26,-0.002103560107807898
2017-04-27,0.0023794478307359516
2017-04-28,-0.0010699349121828215
2017-05-01,0.0003585006703718593
2017-05-02,0.0017602721500156137
2017-05-03,0.00038382298814852234
2017-05-04,0.001958771462674004
2017-05-05,0.0007539551064910659
2017-05-08,0.0011165010160231238
2017-05-09,-0.0004388192450022288
2017-05-10,-0.00034073947946644436
2017-05-11,0.00010572501557819976
2017-05-12,-0.00013089810922210524
2017-05-15,0.003958093555377766
2017-05-16,0.001150979053339527
2017-05-17,0.0011988206483883337
2017-05-18,0.001229853372853867
2017-05-19,0.00019429786980430601
2017-05-22,-0.0016952849097043167
2017-05-23,0.0006242422996625116
2017-05-24,-0.000922980857830285
2017-05-25,0.0011043555537226036
2017-05-26,0.00023690530713560594
2017-05-30,-0.0002968748136021977
2017-05-31,0.001181803274319498
2017-06-01,-0.000434949256848614
2017-06-02,-0.0013027001714970405
2017-06-05,0.0008426108191504051
2017-06-06,0.002457261425324238
2017-06-07,0.00017191358659020855
2017-06-08,0.00017696527065737307
2017-06-09,0.0016018485958684222
2017-06-12,-0.0027490886873285216
2017-06-13,-0.0011148995817838367
2017-06-14,-0.002761867467717813
2017-06-15,-0.0019992605720936937
2017-06-16,0.001500837504127934
2017-06-19,-0.0002442347869995985
2017-06-20,-0.0007620229550865853
2017-06-21,-0.00017374695318253113
2017-06-22,0.000710840094091148
2017-06-23,-0.000265602541724177
2017-06-26,0.0020946589918026163
2017-06-27,-0.003196736139668427
2017-06-28,0.0024037879343118853
2017-06-29,-0.0012703085721057555
2017-06-30,0.001878210449221715
2017-07-03,-0.0007487360979152554
2017-07-05,-0.0011294664847239743
2017-07-06,0.0007521968108510202
2017-07-07,5.491461808743961e-05
2017-07-10,-0.0011229607169206234
2017-07-11,0.0014990865712151183
2017-07-12,0.0010339600886535155
2017-07-13,0.0028472934480706057
2017-07-14,-0.0007910043732202097
2017-07-17,0.0024230250661356704
2017-07-18,-0.0026834506367634176
2017-07-19,-0.0020076092042317357
2017-07-20,-0.0031580630079791213
2017-07-21,0.0003957011045727902
2017-07-24,-0.001938094721270803
2017-07-25,0.0007901102091524154
2017-07-26,0.004790120674854919
2017-07-27,-0.0002556924971495662
2017-07-28,0.002569836135281859
2017-07-31,-0.0026097991562238462
2017-08-01,0.000525425409350672
2017-08-02,0.004026228256092628
2017-08-03,-0.0030225298687700953
2017-08-04,0.001127660052171751
2017-08-07,0.0002773817535164132
2017-08-08,-0.0007889433176509066
2017-08-09,-0.00294136537178644
2017-08-10,0.0008910809043765635
2017-08-11,0.005948700465404186
2017-08-14,0.00041058341091465187
2017-08-15,-0.0002458222966368527
2017-08-16,-0.002509696532667475
2017-08-17,0.001518845247117435
2017-08-18,-0.00160534215876716
2017-08-21,-4.1743446683894744e-05
2017-08-22,0.0003262489885046258
2017-08-23,-0.0006279397884870366
2017-08-24,0.0008619103896024567
2017-08-25,-0.000980035010406255
2017-08-28,-0.00046176826025515357
2017-08-29,-0.00016857010166124485
2017-08-30,-0.000737324259216604
2017-08-31,0.00035998469750969653
2017-09-01,0.0018551565643837138
2017-09-05,-0.0010178176262542675
2017-09-06,-0.0018643146730409693
2017-09-07,-0.003166634665475606
2017-09-08,-0.0002920671017495716
2017-09-11,0.0011880573666095094
2017-09-12,-0.00018659471519160586
2017-09-13,0.0011443307777089027
2017-09-14,0.0003819049447791702
2017-09-15,0.010436042639099532
2017-09-18,-0.0011440437264967679
2017-09-19,-0.001457703986810284
2017-09-20,-0.0001706885345128733
2017-09-21,0.0028200146821396005
2017-09-22,-0.0034805589519275376
2017-09-25,-0.0025968959863293885
2017-09-26,0.0004108955115142394
2017-09-27,0.001634766762398598
2017-09-28,0.0017744943989314974
2017-09-29,-0.00027118313471257083
2017-10-02,0.0001124757599647524
2017-10-03,0.0021645105693342327
2017-10-04,0.0010009545455869167
2017-10-05,0.002820169030305847
2017-10-06,0.0013091433039807603
2017-10-09,0.003163262900689097
2017-10-10,0.0011756958521133743
2017-10-11,0.0018701781876850196
2017-10-12,-0.0012869546868633276
2017-10-13,-0.0006729402190718758
2017-10-16,-0.003274396607855
2017-10-17,0.00046236386821620306
2017-10-18,0.002702674310066896
2017-10-19,0.009225460176621873
2017-10-20,-0.002116151656679629
2017-10-23,-0.003113925085655415
2017-10-24,0.0036351076263758508
2017-10-25,-0.005321866170830395
2017-10-26,-0.0012702906241830523
2017-10-27,0.014720686240287216
2017-10-30,-0.0013685022105033259
2017-10-31,0.001489416022324547
2017-11-01,-0.0008884416614308663
2017-11-02,0.0009373531767962233
2017-11-03,-0.004065023224410447
2017-11-06,-0.005117356362130782
2017-11-07,0.0024444764008565035
2017-11-08,-0.000593082208588939
2017-11-09,-0.0028347530949422613
2017-11-10,0.0018811737654084912
2017-11-13,0.002164007214941287
2017-11-14,0.0010022856529334745
2017-11-15,-0.001068257656611716
2017-11-16,0.002079087565749568
2017-11-17,-0.0003095150660129534
2017-11-20,0.00011455837911239622
2017-11-21,-0.0007962614319480558
2017-11-22,0.0005661156463313696
2017-11-24,-0.002390839650693509
2017-11-27,0.00033485440278994294
2017-11-28,0.002316102706448257
2017-11-29,-0.004200530623246954
2017-11-30,0.0021841274958551023
2017-12-01,0.001612032539321376
2017-12-04,-0.006903981645588499
2017-12-05,0.0006080094244641827
2017-12-06,0.0013469108925805479
2017-12-07,0.001672323743629051
2017-12-08,0.001992115372908815
2017-12-11,0.0017966271272614846
2017-12-12,9.66886204526873e-05
2017-12-13,-8.087917382456649e-05
2017-12-14,0.0010294868186456261
2017-12-15,-0.0010756716253344002
2017-12-18,-0.00019517770211083274
2017-12-19,-0.0011882083748417209
2017-12-20,-0.0014383957163310787
2017-12-21,0.0038782903773858005
2017-12-22,-0.0018548476010010416
2017-12-26,-0.0004897491939877386
2017-12-27,3.0437187461123983e-05
2017-12-28,-8.342286865275117e-05
2017-12-29,3.1955593018938536e-05
2018-01-02,-0.0005797837914370693
2018-01-03,-0.00460895411519263
2018-01-04,0.0021294253632764873
2018-01-05,-0.0011446897879587342
2018-01-08,-0.0023360541134374874
2018-01-09,0.0007676899222614766
2018-01-10,-0.002842583840496575
2018-01-11,-0.005529131339010273
2018-01-12,-0.0025871952004240147
2018-01-16,0.0015436025043875346
2018-01-17,-0.0011270038701390868
2018-01-18,-0.001852498382285537
2018-01-19,0.0021015504539410854
2018-01-22,-0.0013249117983118216
2018-01-23,-0.00611256037135735
2018-01-24,-0.004848791210815436
2018-01-25,0.0012307225294957691
2018-01-26,0.008418287510009562
2018-01-29,-0.0036461039442215563
2018-01-30,0.01073830136163734
2018-01-31,-0.006761451706922567
2018-02-01,0.00526151249497279
2018-02-02,-0.00039485497013794354
2018-02-05,-0.0007446293369254732
2018-02-06,0.007667564274489944
2018-02-07,-0.001295490201789548
2018-02-08,-0.0007409746039990152
2018-02-09,-0.0011179845050276792
2018-02-12,0.006011089223191289
2018-02-13,-0.00042899131375550713
2018-02-14,-0.0011138377742668218
2018-02-15,0.002146039170362835
2018-02-16,0.0022976271597607905
2018-02-20,-0.0010117474246660433
2018-02-21,-0.002372930007607697
2018-02-22,0.0025762740639429776
2018-02-23,-0.0031761025152644783
2018-02-26,-0.004872538070001027
2018-02-27,0.0029282115288415604
2018-02-28,-0.0014786389675612197
2018-03-01,-0.00019732626873706624
2018-03-02,-0.002368951357002389
2018-03-05,3.633657364984377e-06
2018-03-06,0.001208128730784952
2018-03-07,-0.0026323555355168707
2018-03-08,0.0003248054380432226
2018-03-09,0.0020542353120404427
2018-03-12,-0.0035191493423591424
2018-03-13,-0.0009600950987168609
2018-03-14,-0.0009036027739594341
2018-03-15,0.0021647778919440487
2018-03-16,0.0005607416766365207
2018-03-19,-0.00033813628437656673
2018-03-20,0.008429189472719565
2018-03-21,0.0014662290103677883
2018-03-22,-0.0030747256691401434
2018-03-23,0.0022782739824467177
2018-03-26,0.0029341765908312365
2018-03-27,-0.000134904896436368
2018-03-28,-0.0015788314690382212
2018-03-29,-0.0014005026655888638
2018-04-02,0.0027543317324788107
2018-04-03,0.001712291712288648
2018-04-04,-0.0016382254337655527
2018-04-05,0.00415840746212198
2018-04-06,-0.002949376068616144
2018-04-09,-0.0011791634012603175
2018-04-10,0.00378010057278998
2018-04-11,-0.0030098981801388604
2018-04-12,0.0032995149288681724
2018-04-13,-0.002401649634203603
2018-04-16,0.0012285384192309969
2018-04-17,-0.00027873461439766354
2018-04-18,-0.003585271126540921
2018-04-19,0.0030092612458952057
2018-04-20,-0.0006327167422385626
2018-04-23,-0.0008102142941038028
2018-04-24,-0.0006384697355520528
2018-04-25,-0.0028705897735509093
2018-04-26,0.0003081837362394526
2018-04-27,-0.0020350569382925083
2018-04-30,0.001563489218861108
2018-05-01,0.001351782161446593
2018-05-02,1.3960741489979953e-05
2018-05-03,-0.00048448784728385454
2018-05-04,-0.0021068511064915303
2018-05-07,0.000699795784754822
2018-05-08,0.0006735659445349997
2018-05-09,0.0032593020969453775
2018-05-10,-0.0007760659066570657
2018-05-11,0.0014335133677526176
2018-05-14,0.0016048457747630733
2018-05-15,9.334885018176225e-05
2018-05-16,9.617687933621878e-05
2018-05-17,0.0010552881167166857
2018-05-18,-0.001751335876379286
2018-05-21,0.0005502537066395412
2018-05-22,4.4317166565270436e-05
2018-05-23,0.002265261435500947
2018-05-24,-0.0003036079688694662
2018-05-25,-0.002351234203847705
2018-05-29,-0.0026847822140463624
2018-05-30,0.004795592564513447
2018-05-31,-0.0004687234531071371
2018-06-01,-0.00010158916190576242
2018-06-04,0.0027811618033933092
2018-06-05,0.00032107417165273323
2018-06-06,0.00040852962667006787
2018-06-07,0.001059587080446551
2018-06-08,-0.0006794336762267818
2018-06-11,-0.0013822245172141426
2018-06-12,-0.0013963947018454245
2018-06-13,0.0017288214997063526
2018-06-14,2.4118156676428127e-05
2018-06-15,-0.002080034185011758
2018-06-18,-0.0026019966004315613
2018-06-19,0.00014591606559393589
2018-06-20,-0.0017889040929349746
2018-06-21,-0.0018086098672869945
2018-06-22,9.920286093462736e-05
2018-06-25,-0.00012047966882073647
2018-06-26,2.8230432747318956e-05
2018-06-27,-0.0027464922229753987
2018-06-28,-0.0006373852426458493
2018-06-29,0.0006358350464835137
2018-07-02,-0.0017584624671981384
2018-07-03,0.0010957325094383362
2018-07-05,-0.003355752003050324
2018-07-06,-0.0005005191905098201
2018-07-09,0.0002706815831998932
2018-07-10,0.0012478578480978235
2018-07-11,-0.004947248837740628
2018-07-12,0.0003873022215722772
2018-07-13,-0.001244415910909532
2018-07-16,-0.0028661322982709747
2018-07-17,0.0022362731570951763
2018-07-18,0.0029532556054640987
2018-07-19,0.0012131291445255897
2018-07-20,-0.0019219300998243667
2018-07-23,-0.0023048297571976193
2018-07-24,0.000422783428020592
2018-07-25,-0.0017108955493237226
2018-07-26,0.0018636379955340823
2018-07-27,-0.0016819767844377068
2018-07-30,-0.0005521478910870875
2018-07-31,-0.0007955731652622211
2018-08-01,-0.0013165284454285438
2018-08-02,0.0009818789006710666
2018-08-03,-0.001925391727181246
2018-08-06,-0.0006133397674360726
2018-08-07,0.003407648448689878
2018-08-08,-0.0008567199184792058
2018-08-09,-0.00011451206195354093
2018-08-10,0.002473869885886026
2018-08-13,0.0003458050735024126
2018-08-14,-9.04818340087761e-05
2018-08-15,-0.005600573035499673
2018-08-16,0.00046082131215725375
2018-08-17,0.0031743668436102434
2018-08-20,0.001258003029440912
2018-08-21,0.0014223222946290988
2018-08-22,-0.0010612985159868466
2018-08-23,-0.0019500394398979913
2018-08-24,0.00038758523593908296
2018-08-27,0.0017124045687604951
2018-08-28,0.00022859482966214846
2018-08-29,0.0008494542238717624
2018-08-30,-0.0029512697128487465
2018-08-31,-0.0015101926317826926
2018-09-04,-0.0020754574136038293
2018-09-05,-0.0015596212723228136
2018-09-06,0.0025028582776566006
2018-09-07,0.0006252912888105207
2018-09-10,-0.0007981867544415253
2018-09-11,0.0038622941333215834
2018-09-12,0.0021294180293290176
2018-09-13,0.0027944392774595012
2018-09-14,-0.007115020860289226
2018-09-17,-0.004265090877233363
2018-09-18,0.008861848404523299
2018-09-19,-0.0005112061850606898
2018-09-20,0.0016987959926396934
2018-09-21,0.00034232564988689017
2018-09-24,0.0006143590293879082
2018-09-25,-0.004268020392236331
2018-09-26,-0.0003850443103345737
2018-09-27,0.002230743172443374
2018-09-28,0.0003562214572341146
2018-10-01,-0.0003014163941148668
2018-10-02,-0.0015080233130371355
2018-10-03,-0.0013833940231222327
2018-10-04,0.0016882112821225898
2018-10-05,0.0012437607064490351
2018-10-08,0.00012822811367237284
2018-10-09,0.0002220835365946152
2018-10-10,0.0007118251918706172
2018-10-11,-0.0021611938731700003
2018-10-12,0.0032040365664710215
2018-10-15,-0.001975353320957675
2018-10-16,0.005263575010480266
2018-10-17,0.0017069893464715007
2018-10-18,0.0006181899471753511
2018-10-19,0.003067240609313307
2018-10-22,-0.0017633221421592248
2018-10-23,-0.0029696627208431643
2018-10-24,-0.005975578616071387
2018-10-25,-0.001630621986478268
2018-10-26,-0.006655677356664447
2018-10-29,-0.0038134286982341305
2018-10-30,0.006514982390479507
2018-10-31,0.0018738207499672387
2018-11-01,0.005639520274281876
2018-11-02,-0.0004878334686717944
2018-11-05,-0.0022407652545111388
2018-11-06,0.002083670746383808
2018-11-07,0.0053982171105028225
2018-11-08,-0.0020675667577840047
2018-11-09,0.0011610203662926382
2018-11-12,-0.0033180188148949513
2018-11-13,0.007734938531251855
2018-11-14,1.2751830630775479e-05
2018-11-15,0.0006137843861252223
2018-11-16,-0.003215074481876365
2018-11-19,-0.0013860449322755115
2018-11-20,-0.0019304546653660438
2018-11-21,0.0032821756585846283
2018-11-23,-0.003490000297586732
2018-11-26,-0.002571977173697239
2018-11-27,0.0022520803492450257
2018-11-28,-0.0012850185700433068
2018-11-29,0.007387333712485365
2018-11-30,-0.0019227885604835625
2018-12-03,0.0005088857735112819
2018-12-04,0.002429992572223882
2018-12-06,0.002655315480380587
2018-12-07,-0.0009177996246367653
2018-12-10,-0.0008205555957927896
2018-12-11,-0.0025974304480625445
2018-12-12,-0.0034449115878683444
2018-12-13,0.0012852073361270643
2018-12-14,0.010954365246691711
2018-12-17,0.0015257766614072197
2018-12-18,0.004036466570451365
2018-12-19,-0.0043247645921345714
2018-12-20,0.0033435295814833615
2018-12-21,-0.0028680156703669133
2018-12-24,-0.0034635528718081113
2018-12-26,0.005131751549814911
2018-12-27,-0.001076412814366917
2018-12-28,-0.0008679524742185046
2018-12-31,0.0028886366551192882
2019-01-02,3.078839069288872e-05
2019-01-03,0.004042770431237964
2019-01-04,0.000550814289976068
2019-01-07,-0.000542110392167974
2019-01-08,0.002448954248070971
2019-01-09,-0.00038337325016317084
2019-01-10,0.0013735804176748007
2019-01-11,-0.0007289959857262366
2019-01-14,-0.00048731044876108333
2019-01-15,0.00822052472209509
2019-01-16,3.5595951403078445e-05
2019-01-17,0.00015500901837000702
2019-01-18,-0.001727637362871849
2019-01-22,0.00042341866617941627
2019-01-23,-0.0019329853811896902
2019-01-24,-0.003027207058790872
2019-01-25,0.002881296001436814
2019-01-28,-0.00041458204291916836
2019-01-29,-0.0032881792769964713
2019-01-30,0.0032012422911451856
2019-01-31,0.007326794224834087
2019-02-01,-0.0018517167457963181
2019-02-04,-0.0003511625521159901
2019-02-05,0.0009528375819937152
2019-02-06,0.0005415900553934879
2019-02-07,0.0028809123427400007
2019-02-08,-0.0029949422397599216
2019-02-11,-0.0031154005009969817
2019-02-12,0.0022724707571659146
2019-02-13,-0.001347453534300394
2019-02-14,0.0006860327188163969
2019-02-15,0.0024027417225666917
2019-02-19,0.0002570280178352852
2019-02-20,2.7194064190498915e-05
2019-02-21,0.002879532695706279
2019-02-22,-0.0007965452663244775
2019-02-25,-0.00010895977841369956
2019-02-26,0.0003824617440873186
2019-02-27,0.001431139901631229
2019-02-28,0.0009160977880362625
2019-03-01,-0.001996844667701209
2019-03-04,-0.0022574931868637013
2019-03-05,6.280104540301132e-05
2019-03-06,0.0006811780816865039
2019-03-07,0.0024518913501251987
2019-03-08,0.0006963066989319544
2019-03-11,0.0014110061845677754
2019-03-12,1.1293761343793526e-05
2019-03-13,-0.0007112119344533869
2019-03-14,0.004056380674731158
2019-03-15,-0.004675534112800137
2019-03-18,0.0016656276637621167
2019-03-19,-0.004016001507059055
2019-03-20,0.004656815879908348
2019-03-21,-0.0003521846892098752
2019-03-22,-1.670002025346137e-05
2019-03-25,0.007322906860301428
2019-03-26,-0.004679694712961983
2019-03-27,-0.0020872743201326488
2019-03-28,0.0012831012551006815
2019-03-29,-0.001438260398859634
2019-04-01,0.0011247822906657774
2019-04-02,0.0016440560262924505
2019-04-03,-0.0005213672806002376
2019-04-04,-0.0019501755520046089
2019-04-05,-0.001080991447536949
2019-04-08,-0.0005200964853899241
2019-04-09,1.8770221559802607e-05
2019-04-10,-0.0011198790722258543
2019-04-11,-7.079841134856905e-05
2019-04-12,-0.0037239417326728
2019-04-15,0.0018674695695956893
2019-04-16,-8.769256321009366e-05
2019-04-17,0.0005859019446436209
2019-04-18,-0.0005888028468808993
2019-04-22,0.0008475117781586664
2019-04-23,0.00308757431198762
2019-04-24,0.0039785763453604305
2019-04-25,-0.002557231069005375
2019-04-26,0.004131883464208109
2019-04-29,-0.0013969937009269493
2019-04-30,0.0005989593248681968
2019-05-01,-0.0023893148015237064
2019-05-02,-0.0007443322691845634
2019-05-03,0.0015767116383029074
2019-05-06,-0.0008529319491877045
2019-05-07,0.0008224440946518133
2019-05-08,-0.000942931209390909
2019-05-09,-0.001997439525921429
2019-05-10,-0.0006118869026396692
2019-05-13,0.00018963412618365125
2019-05-14,-0.0028053553655839544
2019-05-15,0.0023189452441619105
2019-05-16,-0.0006980178927784321
2019-05-17,-0.0034249631778772703
2019-05-20,0.00222191564110426
2019-05-21,-0.0011831263060524443
2019-05-22,5.117536385263068e-06
2019-05-23,0.0019224293498383998
2019-05-24,-0.003327581860447138
2019-05-28,-0.0005006999297044682
2019-05-29,-8.690612008662173e-06
2019-05-30,-0.002102336526945103
2019-05-31,-0.002498972820128541
2019-06-03,-0.0034740504403378493
2019-06-04,0.0013695984802206713
2019-06-05,-0.002456470957196941
2019-06-06,0.00023440310632251492
2019-06-07,-8.419801198710423e-05
2019-06-10,-0.0005049531147884808
2019-06-11,0.00017870463513253686
2019-06-12,-0.0013459998795702839
2019-06-13,-0.0006766466728959661
2019-06-14,-0.0026999440728655397
2019-06-17,0.0009685545947142435
2019-06-18,-0.005113076290460412
2019-06-19,-0.000329842195066226
2019-06-20,-0.0015511618943935194
2019-06-21,0.0016510142295509944
2019-06-24,-0.0011366228276064975
2019-06-25,-0.0005128512130894059
2019-06-26,0.0010184655647545507
2019-06-27,0.0005553904126427463
2019-06-28,-0.0014523893439336469
2019-07-01,-0.0011241291282248671
2019-07-02,-0.0017594037061284208
2019-07-03,-2.296737338229348e-05
2019-07-05,0.0011891123758015687
2019-07-08,-0.0021848408545337076
2019-07-09,0.0003088265420195074
2019-07-10,-0.00012983826906905725
2019-07-11,0.0025973727026204854
2019-07-12,0.002137924288345712
2019-07-15,-0.00199087405455312
2019-07-16,0.0023846391167432965
2019-07-17,-0.0022599920849514592
2019-07-18,-0.006585608935053177
2019-07-19,0.0024998150345982954
2019-07-22,-0.000490656616011418
2019-07-23,-0.00037133307443190184
2019-07-24,-0.001896553226261396
2019-07-25,0.0015627778594747943
2019-07-26,0.0005483581591621677
2019-07-29,-0.0032498652936720743
2019-07-30,-0.0006381671448102416
2019-07-31,0.00014424258563664323
2019-08-01,0.00133269002412079
2019-08-02,0.000807625067260269
2019-08-05,0.004903771520022389
2019-08-06,-0.0014579208830384736
2019-08-07,-0.00015372645969552505
2019-08-08,0.0007705151109029161
2019-08-09,0.0005381867596288462
2019-08-12,0.00038970463508821546
2019-08-13,-0.0013781983322696202
2019-08-14,0.0005923667131399311
2019-08-15,0.005182439371733743
2019-08-16,-0.00024795308066760376
2019-08-19,-0.0020238476433925984
2019-08-20,0.0010615255733607614
2019-08-21,0.0007443441621028667
2019-08-22,-0.0018033540757007934
2019-08-23,0.0010431858319755846
2019-08-26,0.00020898859393556348
2019-08-27,-0.001677748087979151
2019-08-28,-0.0008234102305767815
2019-08-29,3.290863239694872e-05
2019-08-30,0.0010533490060964717
2019-09-03,0.00010856465456369021
2019-09-04,-0.002736694185330028
2019-09-05,0.0004004854584569832
2019-09-06,0.00014463924469611158
2019-09-09,-0.0006242900443160534
2019-09-10,-0.00498209994926742
2019-09-11,-0.002255192250278135
2019-09-12,-0.0010179751311445578
2019-09-13,0.004124369229056351
2019-09-16,-0.0017919615856975702
2019-09-17,0.0025104648702217506
2019-09-18,0.0013726672643956106
2019-09-19,0.0018516562289382992
2019-09-20,-0.0007624902157419476
2019-09-23,0.0020712638193302827
2019-09-24,-0.0007330771173055875
2019-09-25,-0.0008852168452135917
2019-09-26,0.0009523320514611831
2019-09-27,0.000377974054512387
2019-09-30,-0.00010511540162280657
2019-10-01,-0.0011368871623336962
2019-10-02,-5.056688844824995e-05
2019-10-03,0.0027465953461994768
2019-10-04,-0.0004549529127686547
2019-10-07,-0.0022159913103247013
2019-10-08,-7.99350810025204e-06
2019-10-09,0.001209204778370039
2019-10-10,-0.0013450685299667695
2019-10-11,-0.00041153934186199503
2019-10-14,0.00256998916323495
2019-10-15,-0.0030693671134820453
2019-10-16,-0.0003034129461235602
2019-10-17,-0.0008868292967224161
2019-10-18,0.0023626096684468334
2019-10-21,0.00037647580877489133
2019-10-22,-0.0008105411979102249
2019-10-23,-0.0011713768933579573
2019-10-24,-0.000910868540241276
2019-10-25,-0.0015939326262169812
2019-10-28,0.00039718030140014764
2019-10-29,-0.0032483458089002885
2019-10-30,-0.003211838034429857
2019-10-31,0.002270209539737129
2019-11-01,0.005570680380306041
2019-11-04,0.002650040134118027
2019-11-05,-0.0019819536124443533
2019-11-06,0.002314533236941054
2019-11-07,-0.003307852038900454
2019-11-08,-0.002327466403785775
2019-11-11,0.00017727785327225102
2019-11-12,-0.001104831325800382
2019-11-13,0.0012381558811507412
2019-11-14,0.002908118498275383
2019-11-15,-0.00552295409260342
2019-11-18,0.001622994849947095
2019-11-19,-0.005490935216253405
2019-11-20,-0.001121836336196729
2019-11-21,0.0008858185831299901
2019-11-22,0.0013293153028360385
2019-11-25,-0.0015857417806576604
2019-11-26,0.0014477252570613735
2019-11-27,-0.0006616414135568819
2019-11-29,-0.0010195307298850188
2019-12-02,0.0017126454544424828
2019-12-03,0.00012164927832522066
2019-12-04,0.002240391909563992
2019-12-05,0.0005663283551067008
2019-12-06,0.0006261845391532418
2019-12-09,5.812753634278328e-05
2019-12-10,0.0028145516045078173
2019-12-11,0.00042485622944254747
2019-12-12,0.00039112761347409033
2019-12-13,0.00041280372869475574
2019-12-16,0.00037513208687772986
2019-12-17,0.00019016027605555963
2019-12-18,-0.0005145793303562949
2019-12-19,-0.0018414757258692373
2019-12-20,0.0011195543795758894
2019-12-23,0.0019866237239729917
2019-12-24,-0.001232751426856371
2019-12-26,0.00032753371361559475
2019-12-27,0.0012012058772141085
2019-12-30,-0.0019651715127349486
2019-12-31,-0.0011438045972382075
2020-01-02,0.001306863163189208
2020-01-03,0.0006647743944455534
2020-01-06,-0.00136093492240053
2020-01-07,0.00016932928448620593
2020-01-08,0.0023310058632912537
2020-01-09,-0.003004507693866014
2020-01-10,-0.0011812857353790105
2020-01-13,-0.00047867732029434513
2020-01-14,-0.00027684156693208944
2020-01-15,-0.0001012770929604572
2020-01-16,-0.0001147744360708947
2020-01-17,-0.00187570296509068
2020-01-21,-0.00014185165708447138
2020-01-22,-0.0016798550560044422
2020-01-23,-0.0008938222457676735
2020-01-24,0.0006780490087129967
2020-01-27,-0.0006340342917132546
2020-01-28,-0.0021754010145096504
2020-01-29,-0.00013049633152279594
2020-01-30,0.0004856382658093393
2020-01-31,0.008665113013677403
2020-02-03,-0.00267161849597578
2020-02-04,0.00784084311576352
2020-02-05,0.011865423139422052
2020-02-06,-0.001415547095539534
2020-02-07,0.0006093811522509667
2020-02-10,-0.0051245909304999905
2020-02-11,0.001045550502328059
2020-02-12,0.0017311548097354561
2020-02-13,-0.0030653129783811124
2020-02-14,-0.006172261038572618
2020-02-18,-0.003581402985561544
2020-02-19,0.0015112584764545957
2020-02-20,-0.0038417827993168616
2020-02-21,-0.0009903760361856112
2020-02-24,0.006681768511367281
2020-02-25,-0.0021992892136749966
2020-02-26,0.002535822950904823
2020-02-27,-0.00682496691468625
2020-02-28,0.012323409733276345
2020-03-02,0.011215203935979268
2020-03-03,0.0003868013168816432
2020-03-04,0.025120581680032866
2020-03-05,0.0023896332467615113
2020-03-06,-0.009186080653497748
2020-03-09,-0.00994881886202309
2020-03-10,0.0019270867741764076
2020-03-11,0.005864269064105083
2020-03-12,-0.0020043803634469445
2020-03-13,-0.007607065820688005
2020-03-16,-0.012068747344339707
2020-03-17,0.0006001057750242769
2020-03-18,0.0014610973777424595
2020-03-19,0.015593000212557427
2020-03-20,-0.006335021827006687
2020-03-23,-0.02235232220826452
2020-03-24,0.020412375055860105
2020-03-25,0.023640614052856432
2020-03-26,0.005189103041120953
2020-03-27,0.0014865760387022787
2020-03-30,0.0023170567022327915
2020-03-31,0.006553165703030087
2020-04-01,-0.0029804042073321496
2020-04-02,-0.001041146050145556
2020-04-03,1.8741312250635168e-05
2020-04-06,0.0003015303347220871
2020-04-07,0.002049728941825976
2020-04-08,0.0037555171924502358
2020-04-09,0.006908459734102723
2020-04-13,0.0029410824035114975
2020-04-14,-0.011226796327369297
2020-04-15,-0.007212690581927986
2020-04-16,-0.013186187556545484
2020-04-17,0.011231574867065233
2020-04-20,0.0022529589804370642
2020-04-21,0.0021981406694843715
2020-04-22,0.0007031213137465421
2020-04-23,-0.003972252576372638
2020-04-24,-0.0010891402668943722
2020-04-27,0.002118711682617906
2020-04-28,0.005951951445843394
2020-04-29,0.003125273350693996
2020-04-30,-0.004622599202239536
2020-05-01,0.0021740688872690806
2020-05-04,-0.008214039290675757
2020-05-05,-0.002412223041742135
2020-05-06,0.0018456425805743514
2020-05-07,0.001162589159554761
2020-05-08,0.0033293398202184866
2020-05-11,-0.006007277410935671
2020-05-12,-0.004713677041237884
2020-05-13,0.0033445385767813325
2020-05-14,0.003992811595586062
2020-05-15,-0.0014093442855429312
2020-05-18,0.005057396291792228
2020-05-19,-0.001426031570240047
2020-05-20,-0.000813233818178535
2020-05-21,0.0013338337318021059
2020-05-22,-0.0008910908275310787
2020-05-26,0.0035164088755519278
2020-05-27,0.004092652424924129
2020-05-28,0.011598811968215073
2020-05-29,0.004269242246978465
2020-06-01,-0.0020022374694173757
2020-06-02,-0.0007582538516478254
2020-06-03,-0.003263317161023773
2020-06-04,-0.003184134288817235
2020-06-05,-0.0046239280973182344
2020-06-08,-0.007024703985698119
2020-06-09,0.002404920995094622
2020-06-10,0.010976059560992266
2020-06-11,0.010184874868005971
2020-06-12,-0.00840827080811621
2020-06-15,0.0006158526303671844
2020-06-16,-0.004640803257265852
2020-06-17,-0.0022040722248239655
2020-06-18,-0.0034004124784432093
2020-06-19,-0.00025980148521622813
2020-06-22,-0.008654431380876453
2020-06-23,-0.0025744690705394
2020-06-24,-0.001995217551272919
2020-06-25,-0.00022587922752261865
2020-06-26,0.008803958614799308
2020-06-29,-0.0026868647335734543
2020-06-30,-0.0023972184702674574
2020-07-01,-0.016815481993245836
2020-07-02,-0.0002967060000217696
2020-07-06,-0.0028886134121642354
2020-07-07,0.0004767622314710337
2020-07-08,-0.0026582384035668924
2020-07-09,-0.003603777986777869
2020-07-10,0.001056814059916391
2020-07-13,0.004064718074141236
2020-07-14,-0.00410345959597357
2020-07-15,0.0005233930771184293
2020-07-16,0.0004722579274635894
2020-07-17,-0.0016423492145645044
2020-07-20,-0.0025492208152421317
2020-07-21,0.012118296128908477
2020-07-22,-0.007116657929812684
2020-07-23,0.0008677961578165409
2020-07-24,0.0016251449792738979
2020-07-27,0.0011575561648037727
2020-07-28,-0.001284909815152478
2020-07-29,0.0029587394888628163
2020-07-30,-0.0030624947972492976
2020-07-31,0.00219509443553732
2020-08-03,0.0021446051354642543
2020-08-04,-0.001573676530518094
2020-08-05,0.0016048357781648292
2020-08-06,-0.002901276439084206
2020-08-07,0.0029849251645017246
2020-08-10,0.0026130840156690914
2020-08-11,0.0024909538782005125
2020-08-12,-0.0018123522637647337
2020-08-13,-0.0006523517678282626
2020-08-14,0.0004032854546790139
2020-08-17,-0.003657573200610257
2020-08-18,0.0008200185465150316
2020-08-19,0.0005421633212045991
2020-08-20,-0.0018945620049896023
2020-08-21,-0.002411331015922744
2020-08-24,0.0006557317670969141
2020-08-25,-0.0020450417391202954
2020-08-26,0.00409513306388948
2020-08-27,-0.0004603895049696547
2020-08-28,0.0006742962043902095
2020-08-31,0.002098451815885208
2020-09-01,-0.0017415575966852276
2020-09-02,-0.0009149856884272406
2020-09-03,0.003428402914804162
2020-09-04,-0.004056589158238886
2020-09-08,0.002840786455290595
2020-09-09,0.002658560611642346
2020-09-10,-0.0013380435942609065
2020-09-11,-0.004302202117694994
2020-09-14,0.001433813147450423
2020-09-15,0.008180737493470487
2020-09-16,-0.008583067514188691
2020-09-17,-0.007317435209365977
2020-09-18,1.4994193944989354e-05
2020-09-21,-0.001880953389563553
2020-09-22,0.005730946307849084
2020-09-23,-0.0017082535768162405
2020-09-24,3.386569304366868e-05
2020-09-25,-0.0005308116760876429
2020-09-28,0.004334817665614156
2020-09-29,-0.00039584797988218316
2020-09-30,-0.0022483117961881894
2020-10-01,0.001214372881451484
2020-10-02,0.004251921957164761
2020-10-05,6.313920135861025e-05
2020-10-06,0.003671235847755831
2020-10-07,0.0019423141353337395
2020-10-08,0.001133456518429824
2020-10-09,0.0005010078339298648
2020-10-12,-0.0029132172481293422
2020-10-13,-0.0010043181589421033
2020-10-14,-0.0034010052377597085
2020-10-15,-0.0005120674959098187
2020-10-16,-0.0025593461718209313
2020-10-19,-0.004208094017060794
2020-10-20,0.002848524561782808
2020-10-21,0.0007802700443190325
2020-10-22,0.0007187416421886188
2020-10-23,0.008056708068382799
2020-10-26,0.0011304507045980896
2020-10-27,-0.0010684970805704584
2020-10-28,0.0012954745159813232
2020-10-29,0.006494669855848909
2020-10-30,-0.003889541115187231
2020-11-02,-0.0048125538130299045
2020-11-03,0.003186095564294756
2020-11-04,0.012206983252997258
2020-11-05,0.0005568507488529729
2020-11-06,0.002079139974945812
2020-11-09,-0.009546385461824047
2020-11-10,0.0037550231104505824
2020-11-11,0.005305606975533256
2020-11-12,-0.0019810909034568966
2020-11-13,-0.0007644723900904361
2020-11-16,0.0011607816725659607
2020-11-17,0.005931562789058445
2020-11-18,0.002694287861698967
2020-11-19,-0.002781103556920585
2020-11-20,0.0002449858043693696
2020-11-23,-0.003870571013743564
2020-11-24,-0.005058183102844053
2020-11-25,0.007740382515851819
2020-11-27,-0.001532748678923633
2020-11-30,0.002490856372906468
2020-12-01,-0.00394503876963343
2020-12-02,-0.008882378219440205
2020-12-03,-0.0036556749832977143
2020-12-04,-0.0022676228685555894
2020-12-07,-0.001039996244744379
2020-12-08,-0.001591158875873615
2020-12-09,0.0004082193986979423
2020-12-10,-0.0027842971928580453
2020-12-11,-0.009978584999116793
2020-12-14,-0.0005083697912440877
2020-12-15,0.0007846728085577398
2020-12-16,0.0013432752646321995
2020-12-17,0.0030686426922452133
2020-12-18,-0.0011216674476003507
2020-12-21,0.0035320194846786613
2020-12-22,-0.0020530715512311793
2020-12-23,0.0021051270650590424
2020-12-24,0.0006585029929323107
2020-12-28,-0.0007040366222824741
2020-12-29,-0.0008665019353884509
2020-12-30,0.0007094184866388039
2020-12-31,2.4870176339491563e-05
2021-01-04,0.0028623133625727596
2021-01-05,0.00027679177660994625
2021-01-06,-0.0012826860806193087
2021-01-07,-0.006093910482834565
2021-01-08,0.003634771976477728
2021-01-11,-0.00039075587020092803
2021-01-12,-0.00148052191042926
2021-01-13,-0.0004842229975747879
2021-01-14,0.001651251852799226
2021-01-15,0.0022516780805465833
2021-01-19,0.0009945464100736053
2021-01-20,-0.0006016991495557805
2021-01-21,-0.0010098943905571204
2021-01-22,-0.0007590016385707695
2021-01-25,0.0030019507128272414
2021-01-26,-0.00035088862315498393
2021-01-27,-0.0017034080756050502
2021-01-28,-0.0024761539637577863
2021-01-29,0.00010417838398618588
2021-02-01,-0.0044313365453783945
2021-02-02,0.00021696215705316777
2021-02-03,-0.006873396100940392
2021-02-04,-0.0062332041768693655
2021-02-05,0.00426008168912681
2021-02-08,0.002118288901145826
2021-02-09,-0.0006717268569501379
2021-02-10,-0.0009884135567500604
2021-02-11,-8.015086534945222e-07
2021-02-12,0.0012935183096099182
2021-02-16,-0.004351504918336427
2021-02-17,0.000972262734900971
2021-02-18,0.0016556598845129786
2021-02-19,0.0003665488630863096
2021-02-22,2.2142280382291256e-05
2021-02-23,0.001622871566688615
2021-02-24,-0.01033852024087504
2021-02-25,0.0050713267300840645
2021-02-26,0.0049806484658575555
2021-03-01,0.0028474551545552
2021-03-02,0.004498588955908454
2021-03-03,0.0017170297267203726
2021-03-04,9.634566976073609e-05
2021-03-05,-0.005417392890487437
2021-03-08,0.004728324150067934
2021-03-09,0.004700771878579732
2021-03-10,0.001253124171317856
2021-03-11,0.0014144708042051865
2021-03-12,0.0007170637064954332
2021-03-15,0.007466778357532402
2021-03-16,0.0007061470274342353
2021-03-17,0.0032939019753960128
2021-03-18,-0.005377931529889433
2021-03-19,-0.006719246331500668
2021-03-22,0.002560476579003549
2021-03-23,-0.003477499029353133
2021-03-24,-0.0030046242867235815
2021-03-25,0.0023644349026350417
2021-03-26,0.001694005311733774
2021-03-29,-0.0007658237037004704
2021-03-30,0.002193460629889022
2021-03-31,0.0023739310461815748
2021-04-01,0.00485933238587905
2021-04-05,-0.0052229031792072325
2021-04-06,-0.0011170481269926415
2021-04-07,0.0017355022453225998
2021-04-08,0.0017868103224089106
2021-04-09,-2.4947894536445992e-05
2021-04-12,-0.0007456216447758411
2021-04-13,0.002644579017713007
2021-04-14,0.0036569505099032203
2021-04-15,0.0024240446072992788
2021-04-16,0.0006573679543161964
2021-04-19,-0.0008051434018121066
2021-04-20,0.0009888322141396238
2021-04-21,-0.0006919285981387527
2021-04-22,-0.004191379657594414
2021-04-23,-4.1401452404554295e-05
2021-04-26,-0.0033365146379181793
2021-04-27,0.0010283508862026633
2021-04-28,-0.005627522180942708
2021-04-29,-0.0012270031366404797
2021-04-30,0.0019197685627634438
2021-05-03,-0.002058771424243855
2021-05-04,0.0006520859993670479
2021-05-05,-0.0038901662057839598
2021-05-06,0.001293307781186233
2021-05-07,-0.0006042507890208701
2021-05-10,0.00024024065997716517
2021-05-11,0.0034622345795049646
2021-05-12,-0.0037910801019221205
2021-05-13,0.0046430166947809
2021-05-14,-0.001310410879906705
2021-05-17,-0.006642483285030533
2021-05-18,0.0020340935662400837
2021-05-19,0.003295372500280641
2021-05-20,0.001386746435152586
2021-05-21,0.0016722937353221752
2021-05-24,-0.0020170600164349335
2021-05-25,0.0006792333808015094
2021-05-26,-0.0005762594335813055
2021-05-27,0.003618858057279988
2021-05-28,-0.004929130243917642
2021-06-01,-0.0014088777000760629
2021-06-02,-0.0013735028841782323
2021-06-03,0.0009243647057485852
2021-06-04,-0.003044999193890662
2021-06-07,0.001703033856819268
2021-06-08,0.0011185263047919292
2021-06-09,-0.002106456264975645
2021-06-10,-0.002245303564135933
2021-06-11,0.0005949608551489698
2021-06-14,-0.0045172138512381
2021-06-15,-0.0007038433029820062
2021-06-16,0.0006400609159219385
2021-06-17,3.2761707343543595e-05
2021-06-18,-0.0018479242444329543
2021-06-21,-0.000244354957463696
2021-06-22,0.0003197320475183005
2021-06-23,5.140673726150249e-06
2021-06-24,0.00019966495176559305
2021-06-25,0.0016453067904568634
2021-06-28,0.004234123487280023
2021-06-29,0.0004863710769399082
2021-06-30,0.0026890601549978423
2021-07-01,-5.513913150662509e-05
2021-07-02,0.002076011943266935
2021-07-06,-4.170939675743465e-05
2021-07-07,-0.0006046202749858665
2021-07-08,-0.0016237438186430782
2021-07-09,0.0003282834314395568
2021-07-12,0.0008058621095205109
2021-07-13,0.00042618168184925726
2021-07-14,-0.002621363395412323
2021-07-15,0.00013816082568051825
2021-07-16,-0.00015506376854052917
2021-07-19,0.004062453144532125
2021-07-20,-0.003999004834566066
2021-07-21,-0.00036743125737093195
2021-07-22,-0.0017203378338064659
2021-07-23,-4.806755216514095e-05
2021-07-26,0.0019493483219962132
2021-07-27,-0.001549970422623234
2021-07-28,-0.004395702111033799
2021-07-29,0.0010612779950186374
2021-07-30,-7.756421254695689e-07
2021-08-02,-0.000819575335325668
2021-08-03,0.000923385177463887
2021-08-04,0.0008055193062432731
2021-08-05,0.002776607336195684
2021-08-06,-0.0027538414333498898
2021-08-09,-0.0017114240017314529
2021-08-10,-0.0005543687089149662
2021-08-11,0.000694865879665971
2021-08-12,-0.001252836554218092
2021-08-13,0.0019868479736047323
2021-08-16,0.001529038232903185
2021-08-17,0.001373505238762964
2021-08-18,-0.001748815334707263
2021-08-19,-0.00032312209874971816
2021-08-20,-0.0028640845675261817
2021-08-23,0.0019136583466156576
2021-08-24,-0.0008114870414152463
2021-08-25,-0.0028017730925770676
2021-08-26,-0.002439819362108629
2021-08-27,0.0004026249311327541
2021-08-30,0.0014295460401164632
2021-08-31,0.0005691074991576851
2021-09-01,-0.0014884636232941246
2021-09-02,0.004812581026338917
2021-09-03,-3.0555599675263475e-05
2021-09-07,-0.004875038377370052
2021-09-08,0.0016593574168632982
2021-09-09,-7.538262316541157e-05
2021-09-10,0.0002605530754978009
2021-09-13,-0.0006843102447679752
2021-09-14,-0.0003560184330734985
2021-09-15,0.0003775151801835355
2021-09-16,0.0008026868317924909
2021-09-17,-0.0018321043806778761
2021-09-20,0.0002818154628461356
2021-09-21,0.002821132022013695
2021-09-22,0.0002691697027289821
2021-09-23,0.0010805257644529314
2021-09-24,-0.0024554590150135973
2021-09-27,-0.005644192857627728
2021-09-28,-0.0022700061310565517
2021-09-29,-8.758125960357205e-05
2021-09-30,0.0009291566305468207
2021-10-01,0.004507881536993222
2021-10-04,-0.0009798940935539905
2021-10-05,-0.0010617873804061062
2021-10-06,0.0017307383040432796
2021-10-07,0.0002131399850976603
2021-10-08,0.0012576473935733122
2021-10-11,-0.002289714052211969
2021-10-12,0.002946182058131723
2021-10-13,0.0007816376948117532
2021-10-14,-1.0021549646790055e-05
2021-10-15,-0.0008200139126638682
2021-10-18,-0.002926125673015601
2021-10-19,4.0088670745737896e-05
2021-10-20,-5.563748489121687e-05
2021-10-21,-0.002067929859920047
2021-10-22,-0.004983172118071036
2021-10-25,-0.0009637190697584345
2021-10-26,-0.0018554906806385533
2021-10-27,0.004655067937086814
2021-10-28,0.001611418300543289
2021-10-29,-0.0019792353933392303
2021-11-01,0.0022043435638367578
2021-11-02,0.0019887423620478586
2021-11-03,0.0008929254447482834
2021-11-04,-0.0019546791049655557
2021-11-05,0.002931417286467574
2021-11-08,-0.0009662212785647187
2021-11-09,-0.0006167764378267292
2021-11-10,-0.001349784345499987
2021-11-11,-0.0040732492181572546
2021-11-12,0.0022654542471888285
2021-11-15,0.003490682211576475
2021-11-16,0.0017300228291231572
2021-11-17,-0.0025227909541820437
2021-11-18,-0.0003660780111902483
2021-11-19,0.0022613436335796487
2021-11-22,0.003633784178998757
2021-11-23,-0.0011738364529617596
2021-11-24,0.0003660292585542542
2021-11-26,-0.005074656078434324
2021-11-29,-0.0005049853848778566
2021-11-30,-0.0016462666428695067
2021-12-01,-0.0036463638456703867
2021-12-02,-0.0008865914431046282
2021-12-03,0.0009158398632292809
2021-12-06,0.001391873774884751
2021-12-07,-0.0012131975310650767
2021-12-08,0.0011335013187755525
2021-12-09,-0.002335640165058163
2021-12-10,0.002927068462767334
2021-12-13,0.001068267680441821
2021-12-14,-0.0028279990485767636
2021-12-15,0.0013399119736991721
2021-12-16,-0.0051928908100853655
2021-12-17,0.0014871502889735617
2021-12-20,-0.0017353869818261796
2021-12-21,0.000344854927920885
2021-12-22,-0.0005011490474847942
2021-12-23,-0.0021229090550006786
2021-12-27,-0.00018524568855132913
2021-12-28,0.0011625697693128712
2021-12-29,-0.0012494319469344443
2021-12-30,0.0008813239674381572
2021-12-31,0.0001184669259749716
2022-01-03,0.003890023964729211
2022-01-04,0.0047590679282686075
2022-01-05,-0.0054810933001909826
2022-01-06,-0.000355437319237071
2022-01-07,-0.004029171938612417
2022-01-10,0.0011407865600296793
2022-01-11,-0.0008874282966081685
2022-01-12,0.001426521818577937
2022-01-13,-0.002514658852086282
2022-01-14,-0.0056118247140234424
2022-01-18,-0.004245044558308855
2022-01-19,-0.00046237430238985316
2022-01-20,0.00291954326712293
2022-01-21,0.004498954749341067
2022-01-24,0.0038160999854779986
2022-01-25,0.003601746804165551
2022-01-26,0.007290224667498012
2022-01-27,0.0027996176031098406
2022-01-28,0.0017763304902597824
2022-01-31,0.0035003420070153094
2022-02-01,6.173120835715448e-05
2022-02-02,0.0030482064183322767
2022-02-03,-0.00020640543576329443
2022-02-04,0.006065031117504216
2022-02-07,0.0010166289910971049
2022-02-08,-0.0021390658741539154
2022-02-09,0.0010071531385898603
2022-02-10,-0.0021175084853684136
2022-02-11,0.004106113139294053
2022-02-14,-0.004077899234126435
2022-02-15,0.0009321258392732488
2022-02-16,-0.00016029586988692423
2022-02-17,0.003941075434429319
2022-02-18,0.0007375117188659273
2022-02-22,-0.0012049520698225995
2022-02-23,-0.0003593240374302857
2022-02-24,0.003745862685565121
2022-02-25,0.00155918860207502
2022-02-28,0.003804684537914606
2022-03-01,-0.002485465072277943
2022-03-02,0.0007803875736951834
2022-03-03,0.0016073329521023617
2022-03-04,-0.005072782444161326
2022-03-07,-0.006081066225627608
2022-03-08,-0.0038402330003281145
2022-03-09,0.006229401556506374
2022-03-10,-0.005597184707523335
2022-03-11,-0.0009271616589330318
2022-03-14,-0.005325796859631443
2022-03-15,-0.0022030892034742063
2022-03-16,0.0031092079280857416
2022-03-17,0.000279603904569047
2022-03-18,-0.000828503834502216
2022-03-21,-0.007307121452180162
2022-03-22,0.006892352877135554
2022-03-23,-0.001427100473274736
2022-03-24,-0.008099249680079171
2022-03-25,0.00302136819461522
2022-03-28,0.0059766598759970506
2022-03-29,0.007731939454800842
2022-03-30,0.0035262768446312144
2022-03-31,-0.002025340475983418
2022-04-01,-0.00214684734383062
2022-04-04,0.0045884296081131265
2022-04-05,-0.0037577036779722264
2022-04-06,-0.0011589924968368847
2022-04-07,-0.0027568498667481555
2022-04-08,-0.0029648186800715964
2022-04-11,0.001170115246057274
2022-04-12,-0.0014063564976736804
2022-04-13,-0.00013131921007673484
2022-04-14,-0.0014451364477593171
2022-04-18,-0.0013725820309664254
2022-04-19,0.004161211666439996
2022-04-20,-0.00426010119149006
2022-04-21,-0.0065773143118863665
2022-04-22,0.0025807912918994072
2022-04-25,-0.0034205917107607343
2022-04-26,-0.0003069218279895066
2022-04-27,-0.0017753175167290502
2022-04-28,-0.0023344377715560803
2022-04-29,-0.005515096618426087
2022-05-02,-0.0019230049378558141
2022-05-03,0.0004902656211072292
2022-05-04,-0.0008939136318430652
2022-05-05,-0.00023783230964160331
2022-05-06,-0.002282391458395561
2022-05-09,0.004906642849972108
2022-05-10,-0.003227731227034192
2022-05-11,0.0024468276118446313
2022-05-12,-0.0010334032463797432
2022-05-13,-0.004262449940085936
2022-05-16,-0.00016170297300689056
2022-05-17,0.006608681556177045
2022-05-18,0.006492223874204141
2022-05-19,0.002418455002062861
2022-05-20,0.0021892870159710073
2022-05-23,0.002359538935313839
2022-05-24,0.0005409590594965623
2022-05-25,0.0005777252715177833
2022-05-26,0.0028315763221819557
2022-05-27,-0.0010471351346124308
2022-05-31,0.0006576031984432215
2022-06-01,-8.008131697766538e-06
2022-06-02,-0.0015679437525236244
2022-06-03,-0.0007581475436413175
2022-06-06,0.003152611162416221
2022-06-07,-0.0021929718248671925
2022-06-08,-0.002392276406416979
2022-06-09,0.0010547331296208026
2022-06-10,0.005078089116874439
2022-06-13,0.00635907009875834
2022-06-14,0.01092455096966601
2022-06-15,-0.00052264112351885
2022-06-16,-0.004763253417842329
2022-06-17,-0.000598679435644589
2022-06-21,0.005251533847424758
2022-06-22,-0.003462856890619387
2022-06-23,-0.001438441047909123
2022-06-24,-0.00023217714259853443
2022-06-27,0.0015905179028693592
2022-06-28,0.0009378454798994605
2022-06-29,5.233646467311197e-05
2022-06-30,0.00022609772232963754
2022-07-01,-0.0047472995732440355
2022-07-05,0.0009197891783052611
2022-07-06,0.0025353981683840228
2022-07-07,0.004326932441469087
2022-07-08,-0.0005158726134356952
2022-07-11,0.0005261000457857162
2022-07-12,-0.002214509221573816
2022-07-13,-0.0009875576808561506
2022-07-14,0.0015987694504543582
2022-07-15,-0.00011926666092368149
2022-07-18,0.00038360181250201414
2022-07-19,-0.003017413363918823
2022-07-20,-0.006485517925997497
2022-07-21,-0.0024797704444716683
2022-07-22,-0.002514940454070449
2022-07-25,-0.00015862112314231745
2022-07-26,0.00024985187201794976
2022-07-27,0.003188444340760958
2022-07-28,-0.0014486810828390716
2022-07-29,0.0009396862462155759
2022-08-01,0.0015547455372429105
2022-08-02,-0.0030807809201315694
2022-08-03,1.8219440391835042e-05
2022-08-04,0.002865666261633454
2022-08-05,0.0003533863478244525
2022-08-08,-0.0019669359102329493
2022-08-09,-0.00316227150574282
2022-08-10,0.0007635629856513805
2022-08-11,-0.003937408163848759
2022-08-12,0.002655644686290177
2022-08-15,0.0008010223211069209
2022-08-16,-0.005828452315141117
2022-08-17,-0.00043030308250625166
2022-08-18,-0.001176739703195439
2022-08-19,0.003394749606212433
2022-08-22,-0.000464796754603437
2022-08-23,-0.001219572257865835
2022-08-24,-0.0033948376123153303
2022-08-25,-0.005351357122994353
2022-08-26,-0.000774461506225943
2022-08-29,-0.0026879915855215824
2022-08-30,0.00048637450432848124
2022-08-31,-0.002231975603877099
2022-09-01,-0.0005172568361639835
2022-09-02,-0.0018028070697051599
2022-09-06,-0.0018691945324655233
2022-09-07,-0.0012156973383860516
2022-09-08,-0.001219912999810957
2022-09-09,0.004473970849593622
2022-09-12,0.003923457485494984
2022-09-13,-0.0035268924523346877
2022-09-14,0.003706245649056433
2022-09-15,-0.003924369546269741
2022-09-16,0.0008624799576457566
2022-09-19,-0.001984745318508588
2022-09-20,-0.0013947001893474143
2022-09-21,0.002402684175296164
2022-09-22,0.00021350559625035227
2022-09-23,-0.0018121959232532002
2022-09-26,-0.004542768816558578
2022-09-27,-0.0017797448834009626
2022-09-28,0.00750683608258731
2022-09-29,-0.0005212513737660534
2022-09-30,-0.004976163670092263
2022-10-03,0.0028821620161735852
2022-10-04,0.0010013356655903785
2022-10-05,0.00014955430532556449
2022-10-06,-0.004105372490901456
2022-10-07,0.001846023254156692
2022-10-10,0.005946023216335512
2022-10-11,-0.00022050865281879288
2022-10-12,-0.0034449722926668193
2022-10-13,-0.0032654043380282933
2022-10-14,0.0025891720754256595
2022-10-17,0.003084962240664544
2022-10-18,0.0019211308252682986
2022-10-19,-0.0026739092602485167
2022-10-20,-0.0025593920004207257
2022-10-21,-0.0008091979900824362
2022-10-24,0.0008105972909802687
2022-10-25,0.0036137826754202938
2022-10-26,-0.01005766042400302
2022-10-27,-0.008984372520287214
2022-10-28,-0.0010081076082262418
2022-10-31,0.0009491507649664078
2022-11-01,0.0003993048295703076
2022-11-02,0.003689713394981807
2022-11-03,0.00041167461383728916
2022-11-04,-0.006530003973560538
2022-11-07,0.0008556550516351713
2022-11-08,0.0007580451564060871
2022-11-09,0.0040914860145998405
2022-11-10,0.004530462317507539
2022-11-11,-0.007713714650899951
2022-11-14,-0.006711661371073993
2022-11-15,0.0006661335902836164
2022-11-16,0.006338591066078567
2022-11-17,-0.0023778875868240975
2022-11-18,0.004745485098122616
2022-11-21,0.005129216591875877
2022-11-22,-0.007143880312412136
2022-11-23,-0.0032356757351704084
2022-11-25,0.002653300126155498
2022-11-28,0.004251983061869101
2022-11-29,-0.00037359469987233455
2022-11-30,-0.0013506817209134447
2022-12-01,-0.01715948419801265
2022-12-02,-0.0019824571296734607
2022-12-05,-0.005863070063470205
2022-12-06,-0.0009018988549665784
2022-12-07,-0.000918440096691622
2022-12-08,-0.0018163870794355179
2022-12-09,3.808299372040641e-05
2022-12-12,0.0009497850283231525
2022-12-13,-0.004509725437781718
2022-12-14,-0.0054276354617737235
2022-12-15,-0.00044132234490530686
2022-12-16,0.004056624457536446
2022-12-19,0.0013488717853197784
2022-12-20,0.0021063939231078556
2022-12-21,0.0007140506155569669
2022-12-22,-0.00027966837011346717
2022-12-23,-0.0016940666835930961
2022-12-27,-0.0005080104891698166
2022-12-28,0.0008847694738036115
2022-12-29,-0.0018541778943746267
2022-12-30,8.74539430185195e-05
2023-01-03,-5.706689850276645e-05
2023-01-04,-0.006067930613478792
2023-01-05,-0.0014584151386047527
2023-01-06,0.0044721845538821135
2023-01-09,-0.0007507804809839165
2023-01-10,0.00045587985778883266
2023-01-11,-0.0007999077627982487
2023-01-12,0.0004832156022359852
2023-01-13,7.671601193056792e-06
2023-01-17,0.0008233920224670328
2023-01-18,-0.0024809063720356113
2023-01-19,0.0025519047458366457
2023-01-20,0.00048010398652509117
2023-01-23,0.0018207076972703226
2023-01-24,0.002194121909261756
2023-01-25,-0.0037210788086055506
2023-01-26,0.0019491580260140226
2023-01-27,0.004607861462142248
2023-01-30,-0.004626237104128983
2023-01-31,0.004809368945278771
2023-02-01,0.0014109392199801105
2023-02-02,0.00016531987039364557
2023-02-03,0.010698219449806595
2023-02-06,0.0008905070870666758
2023-02-07,-0.001736467854694034
2023-02-08,0.0033548627341344916
2023-02-09,-0.002705627845472322
2023-02-10,0.005555877523121398
2023-02-13,1.3845165617203993e-05
2023-02-14,-0.00021012558512908464
2023-02-15,0.003966037115369662
2023-02-16,0.0004326726206421924
2023-02-17,9.850715724075079e-05
2023-02-21,-0.004927309761990168
2023-02-22,0.0009106910273880924
2023-02-23,0.002097967278440293
2023-02-24,-0.0024081369101877992
2023-02-27,0.0009934878996991417
2023-02-28,-0.00022557502484566697
2023-03-01,0.0016854170832647471
2023-03-02,-0.00293580558375392
2023-03-03,0.0016240378724519478
2023-03-06,-0.0012458161791929158
2023-03-07,0.0011382663455869234
2023-03-08,-0.001727984915743784
2023-03-09,-0.0011362810762332162
2023-03-10,0.00034652564791094883
2023-03-13,0.0023417419312553455
2023-03-14,-0.0023807736163655065
2023-03-15,-0.002997514526716372
2023-03-16,-0.002297465585592747
2023-03-17,-0.0024513192345865737
2023-03-20,0.005222144226938571
2023-03-21,-0.0027135980831173075
2023-03-22,-0.0002745214838100449
2023-03-23,0.0008209925482490872
2023-03-24,-0.004410606076766847
2023-03-27,0.004131864778727561
2023-03-28,-0.00048192134043880996
2023-03-29,0.000427595572328572
2023-03-30,0.0009244332382547371
2023-03-31,0.0015828286606821597
2023-04-03,-0.004051793954642702
2023-04-04,-0.0029756051241623645
2023-04-05,-2.43788259969714e-05
2023-04-06,-0.003559143126066009
2023-04-10,0.0018804978426778698
2023-04-11,0.0012801466138488047
2023-04-12,0.0019488456950030393
2023-04-13,-0.0027942423048674474
2023-04-14,0.0018497323153802544
2023-04-17,0.0015635712953252254
2023-04-18,0.0004863775535424496
2023-04-19,-0.0002811256398883303
2023-04-20,0.00014671691651031997
2023-04-21,-0.00520402794327557
2023-04-24,-0.0047079087133507875
2023-04-25,0.0012486380716616086
2023-04-26,-0.005730272663521714
2023-04-27,0.0016398286605211535
2023-04-28,0.003518364363430484
2023-05-01,-0.0011829041010472927
2023-05-02,-0.0048259585934830145
2023-05-03,0.0004477626231309804
2023-05-04,-0.002642094300491627
2023-05-05,0.00033679485572504596
2023-05-08,-0.005465551071438036
2023-05-09,-0.0010451767570561635
2023-05-10,0.0007243161630556822
2023-05-11,0.01823248705638556
2023-05-12,-0.004284508760779563
2023-05-15,-0.0007273547500026787
2023-05-16,-0.005551426471111078
2023-05-17,0.0023054261614324223
2023-05-18,-0.0016153532021556866
2023-05-19,-0.005206776731388422
2023-05-22,0.0022552328561149903
2023-05-23,0.002782435030327426
2023-05-24,-0.00020343610422036203
2023-05-25,0.0012991840632321301
2023-05-26,-0.0013502472445864606
2023-05-30,0.0020949904777657173
2023-05-31,0.00011469552221151632
2023-06-01,0.010453575307984398
2023-06-02,0.0034823470131890772
2023-06-05,0.0031460973775805576
2023-06-06,0.0017175857733877152
2023-06-07,-0.0012138541023424773
2023-06-08,0.00406491875814942
2023-06-09,0.0026717584893597656
2023-06-12,-0.006951496838858654
2023-06-13,-0.005312370586888066
2023-06-14,-0.002976521401838426
2023-06-15,0.0014399241237897928
2023-06-16,-0.0008927567971354049
2023-06-20,0.004633026591356054
2023-06-21,0.0051951661796263695
2023-06-22,0.0017386766346070529
2023-06-23,-0.0010177868118664112
2023-06-26,0.0016723424533421983
2023-06-27,-0.005031644825850898
2023-06-28,0.0021496910342555437
2023-06-29,-0.0012804001934800717
2023-06-30,-0.0024183124107658703
2023-07-03,0.00016133150951630674
2023-07-05,0.008138543121245293
2023-07-06,-0.0010941247960130893
2023-07-07,-0.0011406706648117702
2023-07-10,0.0015282991984565389
2023-07-11,0.002156759437195448
2023-07-12,0.0005204183269218667
2023-07-13,0.0015131853243376626
2023-07-14,-0.001852058537489625
2023-07-17,-0.00483472133653863
2023-07-18,0.004146010642944085
2023-07-19,0.0033621090500001957
2023-07-20,0.0036864170844433087
2023-07-21,0.00012358992613143848
2023-07-24,-0.0009441939832089196
2023-07-25,-0.0014951140162858
2023-07-26,0.00024988800065721064
2023-07-27,-6.3801725239641665e-06
2023-07-28,-0.000322469286435264
2023-07-31,0.0040909650812204846
2023-08-01,0.00022194940232015358
2023-08-02,-0.0008267634156556646
2023-08-03,-0.003453716038976973
2023-08-04,-0.0054334869058003015
2023-08-07,-0.001373419900947031
2023-08-08,0.001121452489940982
2023-08-09,-0.00052839884686201
2023-08-10,-0.0013919713053989532
2023-08-11,-0.0035831881632726664
2023-08-14,0.0026803263734607617
2023-08-15,0.0004428629302349443
2023-08-16,0.0017506097672679588
2023-08-17,-0.0015188072897103439
2023-08-18,-0.0002056045936070223
2023-08-21,0.0039362982889649
2023-08-22,0.00011772091250904477
2023-08-23,0.0008796733023604058
2023-08-24,0.00021906555941346927
2023-08-25,0.0009483125492547507
2023-08-28,0.00019198274517586754
2023-08-29,-0.0017445816220167153
2023-08-30,-7.206973210374785e-05
2023-08-31,0.002057217820030499
2023-09-01,-0.00012551349102626306
2023-09-05,-0.0011232837500592557
2023-09-06,-0.0020575587148895444
2023-09-07,-0.006411228645206896
2023-09-08,-0.0035759427995268986
2023-09-11,0.002962902008884303
2023-09-12,0.010929993006725721
2023-09-13,-0.0016239679761640635
2023-09-14,0.0022919699282478775
2023-09-15,0.001583346724456791
2023-09-18,-0.002093343039985832
2023-09-19,0.002357524456164058
2023-09-20,0.0011443004646511717
2023-09-21,0.0014883851391505598
2023-09-22,-0.0018661269874874617
2023-09-25,-0.0011036372215666025
2023-09-26,-0.001714340818987145
2023-09-27,0.00673799344870937
2023-09-28,0.0018527308163074794
2023-09-29,0.004073865416867532
2023-10-02,0.0003639724664796614
2023-10-03,-0.0017928691574181665
2023-10-04,0.003130402694096055
2023-10-05,0.0023394058388491387
2023-10-06,-0.0033420420160776994
2023-10-09,0.004325839600540147
2023-10-10,-6.213032812911381e-06
2023-10-11,-0.0007670921833397466
2023-10-12,-0.0004287037333330502
2023-10-13,0.0018068823310712452
2023-10-16,-0.0009948947284569498
2023-10-17,-0.0015771715419263472
2023-10-18,-0.0020307880882204357
2023-10-19,-0.0002800760404902963
2023-10-20,-0.0024287467499655236
2023-10-23,0.002146145544481157
2023-10-24,-0.0023739082478416457
2023-10-25,-0.0042516387182658915
2023-10-26,0.0030976595074579715
2023-10-27,0.0044887543126997
2023-10-30,-0.0027158446158532237
2023-10-31,-0.0007890922618593432
2023-11-01,-0.000123522168219572
2023-11-02,-0.0005363747476116875
2023-11-03,-0.0025408157550315946
2023-11-06,0.000842816462016367
2023-11-07,-0.0002645171338826129
2023-11-08,0.0027970064672626156
2023-11-09,-0.0013415442451940914
2023-11-10,-0.0020058738113943346
2023-11-13,0.0035654381837960845
2023-11-14,-0.0010086129005602727
2023-11-15,-0.005052787239324406
2023-11-16,-0.0032794811351743638
2023-11-17,0.0008298243921660668
2023-11-20,-0.0005034971196189548
2023-11-21,-0.0021966481471327164
2023-11-22,-0.002248463029292066
2023-11-24,-9.375761482752489e-05
2023-11-27,0.0008140051530088518
2023-11-28,0.00021659967320305866
2023-11-29,-0.004021793519926289
2023-11-30,-0.0024431748149205054
2023-12-01,0.0003795482814944565
2023-12-04,-0.0010409695141789742
2023-12-05,-0.003134620311775922
2023-12-06,-0.004176169729032795
2023-12-07,0.0015678109607391998
2023-12-08,0.0029891342421628684
2023-12-11,0.005237057436059347
2023-12-12,-0.0010354028574429816
2023-12-13,-0.002431088005920492
2023-12-14,-0.0030997179040926095
2023-12-15,0.003049057521456901
2023-12-18,0.0030033429134732003
2023-12-19,8.217277629880664e-05
2023-12-20,-0.0003539615643282706
2023-12-21,-0.0005230321193009115
2023-12-22,-0.0023719986874788978
2023-12-26,-0.0038312611124041935
2023-12-27,-0.002824537466601354
2023-12-28,0.0032321135431812196
2023-12-29,0.0009835050781371838
2024-01-02,0.004189874596406255
2024-01-03,0.00656898407364963
2024-01-04,-0.00018943770673764425
2024-01-05,0.002938426336590053
2024-01-08,-0.0010986739584945757
2024-01-09,-0.0006416810243393384
2024-01-10,-0.0011945726200843412
2024-01-11,1.2219156732174452e-05
2024-01-12,0.00024168319815448807
2024-01-16,0.004209958067912967
2024-01-17,0.0022969595905556494
2024-01-18,0.0009256369978000527
2024-01-19,-0.0023914495520491017
2024-01-22,-0.0016839808644567838
2024-01-23,-0.011847396685464279
2024-01-24,-0.00027762545921700653
2024-01-25,-0.0030182223140813023
2024-01-26,-0.0023634662667391814
2024-01-29,0.0019917795158171402
2024-01-30,0.003068781750950684
2024-01-31,0.004972070953322154
2024-02-01,-0.0008325118195370541
2024-02-02,-0.002191840388608815
2024-02-05,0.0006684636255517356
2024-02-06,0.0007711325478462527
2024-02-07,0.0012271732193598517
2024-02-08,0.000535813683335079
2024-02-09,0.0016789891025574023
2024-02-12,0.0003581349522732922
2024-02-13,0.00032773414138496026
2024-02-14,0.0009097561518067899
2024-02-15,-0.0013382721938139071
2024-02-16,-0.00010408444340442837
2024-02-20,-0.0011447725180173105
2024-02-21,0.0009297367793966911
2024-02-22,-0.0011903887767716332
2024-02-23,0.00048768798022288154
2024-02-26,-0.002694904273393619
2024-02-27,0.00453769780326401
2024-02-28,-0.0009314911284507268
2024-02-29,-0.00022185125690446847
2024-03-01,-0.0012670305430095396
2024-03-04,0.0004091267560023152
2024-03-05,0.0003468152986160671
2024-03-06,-0.00030131960753494903
2024-03-07,0.001388924411283294
2024-03-08,-0.0011505740077859888
2024-03-11,0.0010880735028187694
2024-03-12,0.003280239566904328
2024-03-13,7.664192012458705e-05
2024-03-14,-0.0029980039266837995
2024-03-15,-0.00044284906410222894
2024-03-18,-0.0009224800891553864
2024-03-19,-0.0019072593130674818
2024-03-20,0.0007305714986898116
2024-03-21,0.00019338629949615594
2024-03-22,-0.0010544216964499982
2024-03-25,-0.0025673811530710334
2024-03-26,0.0011730772557943267
2024-03-27,0.00030253401597694516
2024-03-28,-0.0018288540697046095
2024-04-01,-0.005404837940827013
2024-04-02,-0.005179819489486072
2024-04-03,-0.000291327462840924
2024-04-04,-0.0008932519769302835
2024-04-05,-0.0008116502531898622
2024-04-08,0.00025530368744401937
2024-04-09,0.0004397663041929746
2024-04-10,-0.0012153838759581574
2024-04-11,-0.002760720357101735
2024-04-12,0.001896666863638538
2024-04-15,0.0009360229070901584
2024-04-16,0.000531744503700045
2024-04-17,0.00015685240847135903
2024-04-18,-0.0010539440445567838
2024-04-19,0.008287959399941845
2024-04-22,-0.002178730435737907
2024-04-23,-1.7637262181856853e-05
2024-04-24,0.0012880516966999706
2024-04-25,-0.002743215317660959
2024-04-26,0.0010770852967894443
2024-04-29,0.0020766461978541464
2024-04-30,-0.002667265811273888
2024-05-01,0.002701757364913888
2024-05-02,-0.00535954765702028
2024-05-03,-0.003436507421704515
2024-05-06,0.0017487743146433453
2024-05-07,0.004325900086352746
2024-05-08,-0.000972849440742978
2024-05-09,-0.000984578775416497
2024-05-10,0.0014683065765703069
2024-05-13,-0.0043403995328139015
2024-05-14,0.0008578485391243725
2024-05-15,-0.003486481606742595
2024-05-16,0.004680384567168323
2024-05-17,0.0017216326818792404
2024-05-20,0.001975782812333932
2024-05-21,-0.0020571161677588835
2024-05-22,0.003572999761149171
2024-05-23,-0.0036006978628133975
2024-05-24,-0.002843423361815047
2024-05-28,-0.005437665872647271
2024-05-29,0.0001929718652859845
2024-05-30,0.0002982637084740548
2024-05-31,0.0016792675864313472
2024-06-03,0.0008676857865008241
2024-06-04,-0.0045882871953727145
2024-06-05,-0.0010992064761705799
2024-06-06,0.0014725341472851974
2024-06-07,0.0030030997904670156
2024-06-10,-0.004014129992554536
2024-06-11,0.003802048220197759
2024-06-12,0.0013753590743017404
2024-06-13,0.00042109576584120135
2024-06-14,0.0025252094832538415
2024-06-17,0.0006061812555464162
2024-06-18,0.0014107784491058538
2024-06-20,0.004303992046171181
2024-06-21,-0.0030365775899878437
2024-06-24,-0.0005560714913070816
2024-06-25,-0.0035832809213624333
2024-06-26,0.00048026176096753476
2024-06-27,0.0016503256533048497
2024-06-28,0.0018519052013988497
2024-07-01,0.0023336829471830543
2024-07-02,0.0009590464556764447
2024-07-03,0.0004802550770237207
2024-07-05,0.0009051110352290118
2024-07-08,0.0018364932375088997
2024-07-09,-0.001306633118620927
2024-07-10,-0.0006012688412242459
2024-07-11,0.004928300795683651
2024-07-12,0.0016203993871598823
2024-07-15,-0.0014624472019706576
2024-07-16,-0.007448917102231745
2024-07-17,-0.00691950246219912
2024-07-18,0.005517148541468777
2024-07-19,0.0026540567166832745
2024-07-22,-9.420543714983991e-05
2024-07-23,0.011041817227662573
2024-07-24,-0.0014404593187650819
2024-07-25,-0.006161191416319576
2024-07-26,-0.0033281703119673583
2024-07-29,0.0008376454894965835
2024-07-30,-0.004171013283935794
2024-07-31,0.0036332291563784436
2024-08-01,0.004872312079335807
2024-08-02,0.0020865506521835922
2024-08-05,0.002655930211316809
2024-08-06,0.0040171697529683085
2024-08-07,-0.0025199145394324486
2024-08-08,0.0017730423993121897
2024-08-09,0.0010269776898444768
2024-08-12,0.003685057189047541
2024-08-13,-0.0007225739025947417
2024-08-14,-0.0014735128232966038
2024-08-15,0.006551888319128974
2024-08-16,0.0002867747319072522
2024-08-19,-0.00022928072565604754
2024-08-20,0.0006788274118104469
2024-08-21,0.00017589860249172412
2024-08-22,-0.002377990576054357
2024-08-23,0.0005235464665272471
2024-08-26,-0.0007219121968576867
2024-08-27,-0.0029160535067852696
2024-08-28,0.00016766970148918598
2024-08-29,0.004143392944258406
2024-08-30,0.0004252806786930936
2024-09-03,0.0016630075076525131
2024-09-04,-3.5727377353620145e-05
2024-09-05,-0.0001550555205144173
2024-09-06,-0.0026731380028267217
2024-09-09,0.0007946531534609731
2024-09-10,-0.0008880076629796034
2024-09-11,0.004140475825368982
2024-09-12,-0.00018855532894931088
2024-09-13,-0.007106507020200886
2024-09-16,-0.004722173226750946
2024-09-17,0.001298890956129154
2024-09-18,-0.0007899870378583859
2024-09-19,0.0020896566115474495
2024-09-20,-0.0019504520906297328
2024-09-23,-0.00015666320257973925
2024-09-24,-0.0010671030973322055
2024-09-25,-0.0021613165307572944
2024-09-26,0.00015167420062040362
2024-09-27,0.0017132335627987768
2024-09-30,-0.0004500482789228245
2024-10-01,0.0028764149180728247
2024-10-02,0.0006421723575312235
2024-10-03,0.001104662612270687
2024-10-04,0.0007009426149599398
2024-10-07,-0.00016764638913505228
2024-10-08,0.0006846359175462839
2024-10-09,-0.0017676297058884633
2024-10-10,0.00037225369335185755
2024-10-11,0.0013358634830485186
2024-10-14,0.0003973646662238906
2024-10-15,0.005104681853572918
2024-10-16,-0.0015578544813974863
2024-10-17,-0.003143277462352929
2024-10-18,-0.0002762213839239575
2024-10-21,0.0030660622727471574
2024-10-22,0.0014758009587424886
2024-10-23,-0.0018576046597665575
2024-10-24,0.0023355117853349856
2024-10-25,0.0007750270832731088
2024-10-28,-0.0020382886225778366
2024-10-29,0.0009581628043782151
2024-10-30,0.0019256064105683715
2024-10-31,0.00022979604718797157
2024-11-01,-0.003326032040072498
2024-11-04,0.0065403562356480425
2024-11-05,0.0005569180859597959
2024-11-06,-0.002512221186093751
2024-11-07,0.0018173137836714477
2024-11-08,-0.0017637982288818135
2024-11-11,-0.004870355057988683
2024-11-12,0.0013651952242308358
2024-11-13,0.00445554226293615
2024-11-14,0.0006023687930743851
2024-11-15,-0.00945155914286513
2024-11-18,-0.002330157654207725
2024-11-19,-0.00021402641838946996
2024-11-20,-0.0003651611349472367
2024-11-21,-0.0015498855911211197
2024-11-22,-0.0036023311787728974
2024-11-25,0.006512387894092614
2024-11-26,-0.00126228345107312
2024-11-27,0.0006961578532448801
2024-11-29,-0.000983127402345068
2024-12-02,-0.0006766114669666213
2024-12-03,-0.0020727762025555168
2024-12-04,0.0017805491507627484
2024-12-05,-0.001922412884254499
2024-12-06,0.00252050680275382
2024-12-09,0.001035667492289326
2024-12-10,-0.004666434018235111
2024-12-11,-0.0008445190610616683
2024-12-12,0.007889948294541854
2024-12-13,-0.0012368404148734359
2024-12-16,-0.0017119923793523979
2024-12-17,-0.003925668494157043
2024-12-18,0.0052076431355707565
2024-12-19,-0.004718379689248053
2024-12-20,-0.0010053670376379384
2024-12-23,0.0036344406382913135
2024-12-24,-0.0011890276381232628
2024-12-26,0.0012095102113672072
2024-12-27,-0.00032478988268675444
2024-12-30,-3.62398062297539e-05
2024-12-31,0.00017616818912585407
2025-01-02,0.002000066656905216
2025-01-03,0.0015795786728684954
2025-01-06,-0.000629371828586874
2025-01-07,-0.0027967768097241154
2025-01-08,0.0021001013358594367
2025-01-10,0.004800537282263826
2025-01-13,-0.0010846091279574101
2025-01-14,0.0007178276218692543
2025-01-15,0.0015442085367319395
2025-01-16,-0.0028941336723173404
2025-01-17,0.003456876266163864
2025-01-21,-0.00027162046893909885
2025-01-22,0.007017864662549527
2025-01-23,-0.0008564690704578701
2025-01-24,0.0022526177917009255
2025-01-27,-0.0007161530960747007
2025-01-28,-0.0018998940121989015
2025-01-29,0.0011646920968908054
2025-01-30,0.0039772411079345565
2025-01-31,-0.0025854506159179304
2025-02-03,-0.005205028915890775
2025-02-04,0.0010659351240280618
2025-02-05,-0.0005218240691357571
2025-02-06,-0.0017389285792352815
2025-02-07,7.577023980813089e-06
2025-02-10,6.089924261023998e-05
2025-02-11,-0.0030510872103605095
2025-02-12,-0.002660444176816545
2025-02-13,-0.0012087036180903573
2025-02-14,0.0013066373775413164
2025-02-18,-0.003973290462215199
2025-02-19,0.0012874365266382587
2025-02-20,0.00282047069905975
2025-02-21,-0.004178539236745767
2025-02-24,-0.002143469403177405
2025-02-25,0.00020613266244593444
2025-02-26,0.0013401349023400805
2025-02-27,-0.005032271212155116
2025-02-28,6.754062015246368e-05
2025-03-03,0.0013931918173169426
2025-03-04,-0.0006928241028789348
2025-03-05,-0.0009166175064684373
2025-03-06,0.0019115527163977258
2025-03-07,-0.0002742671196742406
2025-03-10,-0.000666607659481505
2025-03-11,0.004425888325543936
2025-03-12,0.003433938738116663
2025-03-13,0.0001981940234267311
2025-03-14,-0.00232278380393028
2025-03-17,0.0016037002618344818
2025-03-18,-0.0017366741157894008
2025-03-19,-0.007918772939196708
2025-03-20,-0.0013533889933883083
2025-03-21,-0.0033939211965498548
2025-03-24,0.0015110745701076428
2025-03-25,-0.003538517354862677
2025-03-26,0.004088769693551419
2025-03-27,0.0021965489306779522
2025-03-28,-0.003245914122423696
2025-03-31,0.0014532532540383945
2025-04-01,0.0005899918652661901
2025-04-02,0.002255410429501597
2025-04-03,0.012130633642107928
2025-04-04,-0.018266003256923177
2025-04-07,0.0019380839876113629
2025-04-08,-0.0020898547853890324
2025-04-09,0.010325550092905164
2025-04-10,-0.004056384720450555
2025-04-11,-0.001693170351489861
2025-04-14,0.0009527019311387811
2025-04-15,-0.0026261263358389
2025-04-16,-0.0016298984097804416
2025-04-17,0.000296315949091023
2025-04-21,-0.0069734000143928405
2025-04-22,-0.0007240510853810258
2025-04-23,0.004632073380237224
2025-04-24,-0.0007531502749658394
2025-04-25,-0.0003591972988365566
2025-04-28,-0.0021463018484589613
2025-04-29,-0.0012015166578071656
2025-04-30,0.0006722701106531922
2025-05-01,-0.0014054579417170521
2025-05-02,0.0019773895135678076
2025-05-05,-0.0026365126395172488
2025-05-06,0.0006690761578206335
2025-05-07,-0.0017885227333345884
2025-05-08,0.0003254634638292565
2025-05-09,-0.0015877161994879724
2025-05-12,0.005045628353428499
2025-05-13,-0.0006617109750719183
2025-05-14,0.002802780253867926
2025-05-15,0.0027144182273899134
2025-05-16,0.0008200971431918106
2025-05-19,-0.002130076670921541
2025-05-20,-0.0009035510529640286
2025-05-21,0.0034567537393641037
2025-05-22,0.0012512994266501635
2025-05-23,-0.0025684151740965567
2025-05-27,-0.0018213574343828155
2025-05-28,0.00036149027863651806
2025-05-29,-0.004367754835897287
2025-05-30,-0.0027596913475993324
2025-06-02,0.004042317785591442
2025-06-03,0.0003698576795117412
2025-06-04,-0.0010274700275799296
2025-06-05,-0.00018340820398742998
2025-06-06,-0.0012309027963581668
2025-06-09,-0.0004300445523398425
2025-06-10,0.004548704245959793
2025-06-11,-0.0018145079868436117
2025-06-12,-0.011653067031613173
2025-06-13,-0.010542235244460746
2025-06-16,0.0008379279197885225
2025-06-17,-0.0021222547310948696
2025-06-18,0.0007348287359227648
2025-06-20,0.0002609124438612971
2025-06-23,0.00432846386057136
2025-06-24,7.006776040270526e-05
2025-06-25,0.0021318510684978456
2025-06-26,-0.003702864995718169
2025-06-27,0.00369219093227911
2025-06-30,-0.0009944947616088876
2025-07-01,0.0013946523398422315
2025-07-02,-0.004754819851003633
2025-07-03,0.0015437758806712784
2025-07-07,0.00409901846766616
2025-07-08,-0.00018623898807786177
2025-07-09,-0.0023234016617716506
2025-07-10,-0.004244619760318128
2025-07-11,0.0007061440187603058
2025-07-14,0.0024352804196060714
2025-07-15,-0.0017316778120257542
2025-07-16,-0.0018069426457072097
2025-07-17,0.0025748118480449734
2025-07-18,-3.812663517768808e-05
2025-07-21,0.0005853192448567798
2025-07-22,-0.0010945114660689628
2025-07-23,4.6682664030011896e-05
2025-07-24,0.0019547095155538798
2025-07-25,-0.0010501048772987244
2025-07-28,-0.0014211539607067616
2025-07-29,0.000448968058530358
2025-07-30,-0.003978766218215288
2025-07-31,-0.004910870445662694
2025-08-01,-0.0015036420527048784
2025-08-04,-0.0025851960433853492
2025-08-05,0.005793238741426235
2025-08-06,-0.001119553648653566
2025-08-07,-0.003647081261211544
2025-08-08,0.0005831412415310462
2025-08-11,0.0037984603887129685
2025-08-12,0.005659113139121364
2025-08-13,0.0011458033831762532
2025-08-14,0.004759125247433048
2025-08-15,-0.0029414608512751458
2025-08-18,0.002304543348423452
2025-08-19,0.0007096746070246613
2025-08-20,0.004901244371052117
2025-08-21,-0.0003022256716781221
2025-08-22,0.00211179682010707
2025-08-25,0.003005730234931589
2025-08-26,0.004792972866573086
2025-08-27,-0.00045536100194603534
2025-08-28,0.0020499868592178516
2025-08-29,-0.0014380693731261605
2025-09-02,0.002644964866883991
2025-09-03,0.00033557216274957176
2025-09-04,0.0008190982301115631
2025-09-05,0.0071867570311701726
2025-09-08,-0.0016685040857738614
2025-09-09,0.0025558653787230287
2025-09-10,0.005792991454105211
2025-09-11,0.0001315381047114519
2025-09-12,0.0013400961342040225
2025-09-15,-0.0019958889661883853
2025-09-16,-0.0019614535908571
2025-09-17,0.002488739068423923
2025-09-18,0.005115223538407388
2025-09-19,-0.001562178791691655
2025-09-22,-0.007948812495526356
2025-09-23,0.00041923447369281055
2025-09-24,0.0023283019975424593
2025-09-25,0.0011358683318155169
2025-09-26,0.0017139419763606237
2025-09-29,0.0030423757228021015
2025-09-30,0.0059134912898055935
2025-10-01,-0.005759057742885034
2025-10-02,-0.0006188815945775766
2025-10-03,-0.0014450373071881997
2025-10-06,-0.004564359007928563
2025-10-07,0.0032321068635173837
2025-10-08,-0.0019525471527913596
2025-10-09,-0.0007333013872798855
2025-10-10,-0.0003617512109868521
2025-10-13,0.002380706370692687
2025-10-14,-0.0023447526948486754
2025-10-15,-0.003024105003002781
2025-10-16,-0.00044610426184452605
2025-10-17,-0.0011481516745992567
2025-10-20,-0.0007622084119696214
2025-10-21,-0.007775535657643324
2025-10-22,0.00439837409500165
2025-10-23,0.0033255759160002755
2025-10-24,0.0017390646902303377
2025-10-27,-0.0039013075867775004
2025-10-28,0.0014658348013548111
2025-10-29,0.007570357871342548
2025-10-30,-0.0014971655902267502
2025-10-31,0.0003686094938644874
2025-11-03,0.0018596439482194147
2025-11-04,0.007362730913607727
2025-11-05,0.0014403661924158734
2025-11-06,0.0017882765308571509
2025-11-07,-0.0016299280462034641
2025-11-10,-0.00022956613973195415
2025-11-11,0.0007815824414813041
2025-11-12,0.003565164574603614
2025-11-13,-0.008742394360772182
2025-11-14,-0.002534794763765479
2025-11-17,0.0045614640097941484
2025-11-18,-0.004598138882427457
2025-11-19,0.0018157680165117192
2025-11-20,0.009503209262604895
2025-11-21,0.002749612420979533
2025-11-24,0.0023355933429868914
2025-11-25,0.00506946378323438
2025-11-26,0.0008242892685060581
2025-11-28,-0.0028016532462581374
2025-12-01,-0.0002686558143341803
2025-12-02,0.002243538890118323
2025-12-03,-0.005708999656028527
2025-12-04,-0.0008838212116399069
2025-12-05,-0.0023357956255826403
2025-12-08,0.001943319975492723
2025-12-09,-0.004494263184187968
2025-12-10,0.0014793960366788845
2025-12-11,-0.004351452966393943
2025-12-12,-0.006189797511983219
2025-12-15,0.0017909692836641955
2025-12-16,0.0032648282380693372
2025-12-17,-0.004158377933515725
2025-12-18,0.002880217062771657
2025-12-19,-0.0007680158925250072
2025-12-22,0.0015617406222330561
2025-12-23,0.0036107912889302056
2025-12-24,-0.001425872755481544
2025-12-26,-0.00035716645324722937
2025-12-29,0.0072605004168266735
2025-12-30,0.0032080521387047836
2025-12-31,-0.00043998610576603597
2026-01-02,0.007762599539331817
2026-01-05,-0.00567772642840768
2026-01-06,-0.0026342159800813686
2026-01-07,0.0029373032494869064
2026-01-08,0.0006005524654837117
2026-01-09,-0.00034909139695199395
2026-01-12,0.0025830544890191117
2026-01-13,-0.00244966596493039
2026-01-14,-0.009669960312476033
2026-01-15,0.0010650335552234355
2026-01-16,-0.0017828726120941662
2026-01-20,-0.006058312302620717
2026-01-21,-0.007693586569431535
2026-01-22,-0.0023455295857584377
2026-01-23,-0.00398336216980694
2026-01-26,-0.0006616719498514277
2026-01-27,-0.0015090253536895074
2026-01-28,0.0013393573615755998
2026-01-29,-0.0020800206327747832
2026-01-30,0.00846872746363292
2026-02-02,-0.009441363896542218
2026-02-03,0.002937627302313485
2026-02-04,0.004552639664231826
2026-02-05,0.0015110285692783191
2026-02-06,0.005135068428209331
2026-02-09,-0.0019908676280065017
2026-02-10,0.013786873798303904
2026-02-11,-0.007062686980591922
2026-02-12,0.0024633298222508505
2026-02-13,0.0009146472339489498
2026-02-17,-0.0007233688266872798
2026-02-18,0.006348339235474385
2026-02-19,-0.00276785478350012
2026-02-20,-0.005265215988123483
2026-02-23,0.0034118770207931504
2026-02-24,0.0004695126251603363
2026-02-25,0.0019242331156274588
2026-02-26,0.0022705691096881675
2026-02-27,0.0004175180248290097
2026-03-02,0.0008619618009856504
2026-03-03,-0.00558149927939555
2026-03-04,-0.004064428505879226
2026-03-05,-0.0067490199486981576
2026-03-06,0.002564496296242799
2026-03-09,0.011351337483624312
2026-03-10,0.0014711615345576645
2026-03-11,-0.002601311621552245
2026-03-12,-0.005298056502779235
2026-03-13,-0.0028548968117802285
2026-03-16,0.0021043277246739567
2026-03-17,-0.0007419751717957639
2026-03-18,-0.0017899434619917491
2026-03-19,-0.007197503953581916
2026-03-20,-0.0027986300700795328
2026-03-23,-0.0019456279394783852
2026-03-24,-0.007178100533161672
2026-03-25,0.00642465686993745
2026-03-26,-0.007757539552073784
2026-03-27,0.006801259113933929
2026-03-30,-0.002917778513654189
2026-03-31,0.007980682171484283
2026-04-01,0.004472524200250302
2026-04-02,-0.00483889411599706
2026-04-06,0.0031199733841473284
2026-04-07,-0.013492416939966419
2026-04-08,-0.003960134345940714
2026-04-09,-0.003957398016938594
2026-04-10,-0.0014663522621501768
2026-04-13,-0.004470397518622182
2026-04-14,0.010340420920312609
2026-04-15,0.0020967761249395416
2026-04-16,-0.00932403018130401
2026-04-17,0.001226293678950573
2026-04-20,0.005524237890716556
2026-04-21,-0.012190021226548489
2026-04-22,0.002725870997344992
2026-04-23,0.004783049297457265
2026-04-24,0.003822994800130016
2026-04-27,0.003943397517405732
2026-04-28,0.00047783815755037115
2026-04-29,-0.0014560486287113485
2026-04-30,-0.006142077639862345
2026-05-01,3.106052021157468e-05
2026-05-04,-0.0019506845245467197
2026-05-05,-0.0021710341634040555
2026-05-06,0.006566426437952251
2026-05-07,-0.0005334666880743339
2026-05-08,-0.0031523526924796172
2026-05-11,0.003434857099738485
2026-05-12,-0.001404043745512261
2026-05-13,-0.006269673154417288
2026-05-14,-0.0001661686513405676
2026-05-15,0.0034710104062814643
2026-05-18,0.0024529197422968473
2026-05-19,0.0016634620229561232
2026-05-20,0.0030044664371396117
2026-05-21,-0.0014654321905139315
2026-05-22,0.0003100579494757446
2026-05-26,0.0022903241291266727
2026-05-27,0.0017515818485644978
2026-05-28,-0.000700332926783918
2026-05-29,-0.0005190791102305608
2026-06-01,-0.008963502775159471
2026-06-02,0.009134302283770502
2026-06-03,0.0003699559977228582
2026-06-04,-0.0010135701044363167
